ply
format ascii 1.0
comment Created by Open3D
element vertex 6000
property double x
property double y
property double z
property uchar red
property uchar green
property uchar blue
end_header
0.0816841 0.312814 -0.238258 45 120 155
-0.0463829 0.210697 -0.319303 121 239 147
0.0278283 0.381932 -0.160531 10 118 102
0.144218 0.300426 -0.137173 97 50 137
-0.290407 0.143075 -0.0949829 140 176 111
0.230467 0.0878621 -0.323112 70 107 120
0.035428 0.221543 -0.306073 132 203 144
0.109471 -0.0865083 0.0306393 223 85 39
-0.0549595 0.266892 -0.281844 99 218 153
0.101262 0.175711 0.0551743 242 127 89
0.313071 -0.183511 -0.0486757 103 30 143
0.37423 -0.103092 -0.33832 7 62 106
0.0721616 -0.103104 0.150485 218 58 25
-0.0313696 -0.086482 0.470881 55 154 125
-0.203572 -0.051498 -0.339334 111 220 151
0.0801131 0.220801 -0.307649 105 165 93
-0.211624 0.108029 0.242008 106 224 91
0.0886185 0.215193 -0.309773 104 163 86
-0.208972 -0.240713 -0.117216 140 168 135
-0.14806 -0.169333 -0.331541 66 205 128
-0.0959548 -0.259711 0.0500307 160 180 135
0.0390444 -0.21287 0.143186 168 84 97
0.190695 -0.343281 -0.0227356 56 114 193
-0.026988 -0.292488 0.0802302 80 104 62
-0.355706 0.0126964 -0.142758 87 216 133
0.0939592 -0.0711684 -0.341162 150 198 109
0.153166 0.00130597 -0.0816738 234 150 51
0.302209 -0.0881646 -0.226625 168 79 193
0.0768075 0.170589 0.458486 69 147 116
0.00210537 0.360625 0.0878033 43 51 124
-0.112833 0.283733 -0.0915239 214 191 139
0.120453 0.229942 -0.284514 85 137 57
0.136631 0.0683665 -0.105618 223 139 32
0.184857 0.0534978 0.351384 122 175 152
-0.0547846 0.379446 0.00102398 70 79 133
0.180915 -0.0495888 0.201809 124 14 114
0.125526 0.253981 -0.260785 82 126 84
-0.12402 0.0672184 0.495486 42 140 131
-0.171183 0.0412089 0.389944 121 212 141
0.127517 -0.358234 -0.118299 44 129 132
0.187743 0.0776493 0.397464 93 158 126
0.189246 -0.0677205 0.271955 70 40 99
-0.10276 0.290592 -0.0331927 213 193 163
0.103007 -0.183358 0.066017 219 61 149
0.223769 -0.119523 -0.164899 220 82 105
-0.0407554 0.144325 0.510034 38 130 111
0.191877 0.0318003 0.407297 91 155 118
-0.246283 -0.0092813 0.185076 121 242 120
0.000980898 0.166895 0.494742 41 132 107
0.176903 -0.0103145 0.175248 176 35 151
0.166269 -0.0617516 -0.145827 193 73 27
-0.313494 -0.0167516 -0.287088 44 170 96
-0.130672 0.179489 0.26829 154 185 49
0.11641 -0.0202262 0.493661 74 147 107
0.293067 -0.279548 -0.089574 85 78 163
0.194681 0.0958497 0.230346 119 72 154
0.185413 -0.181771 0.0617303 208 62 222
0.0132961 0.236953 0.162998 210 150 117
-0.0554177 0.118963 0.524935 40 131 113
-0.114625 0.282314 -0.0153099 221 192 156
-0.283669 0.152232 -0.192895 95 198 132
0.0570948 0.372298 -0.0279567 59 110 112
0.178734 0.034992 -0.34643 147 150 192
0.173479 -0.223753 0.100924 161 37 198
0.232438 -0.252868 -0.229141 126 115 95
-0.082816 0.334704 -0.178696 85 153 113
0.112589 0.158714 -0.144077 241 115 70
0.0710516 -0.0666983 -0.340786 151 206 103
-0.276584 -0.0494172 0.10923 108 228 116
0.268887 -0.10048 -0.344658 76 112 208
-0.103057 -0.106415 0.351247 122 214 76
-0.116906 0.161808 0.347358 148 192 125
-0.220399 -0.049505 0.22391 124 246 117
-0.260904 0.13801 0.0660607 128 199 82
0.0958435 0.123063 0.0414118 234 122 59
-0.169495 -0.234399 -0.0362597 179 189 135
0.0456428 0.167271 -0.337447 135 192 110
0.071034 0.169754 0.00519301 229 94 63
-0.0890447 -0.26471 0.0449457 162 179 136
-0.352948 -0.0483716 -0.135887 93 213 135
-0.0140038 0.373812 -0.11415 70 128 126
-0.196076 0.224625 -0.133982 202 195 134
0.0174928 -0.068929 -0.339328 154 230 99
-0.0684723 -0.280177 0.0506697 156 158 136
-0.112615 0.118379 0.477429 48 139 134
-0.116383 0.0371447 -0.340926 169 250 145
0.101643 0.241507 -0.0724743 230 139 187
0.00466166 -0.315933 0.0480039 106 83 99
0.192112 0.0418811 -0.167631 245 116 123
0.100812 0.355999 -0.0927348 54 94 104
0.158034 -0.166604 0.0313216 239 94 188
-0.0778625 -0.0980187 0.402848 109 199 120
-0.203159 -0.103643 -0.335949 80 207 133
-0.110233 0.0879475 -0.345118 154 247 151
-0.0712418 -0.0746379 0.46218 59 164 141
-0.00416835 -0.0759821 0.493591 52 146 118
-0.165088 -0.247911 -0.106259 187 197 139
0.122917 -0.0589218 -0.00212409 230 136 73
0.118584 -0.0137467 0.0466126 221 115 44
0.0917679 0.334241 -0.000809283 80 74 131
-0.27214 0.00957004 0.133502 116 233 124
0.117183 0.0261736 0.0253319 224 145 73
0.214121 -0.00505871 -0.174413 237 107 177
0.100828 -0.0908576 0.395376 113 170 148
0.00812765 -0.198692 -0.324758 120 206 139
0.159247 -0.0899498 0.297011 96 72 134
0.172956 -0.0443212 -0.159276 208 71 62
-0.119153 -0.107192 0.329963 126 218 70
-0.0158012 0.273451 0.139891 191 173 188
0.193294 0.0620488 0.195188 129 36 145
-0.158925 0.209885 -0.305403 46 192 71
-0.310657 -0.130557 -0.23124 52 174 112
-0.0925523 -0.085859 0.408597 114 201 138
-0.061335 -0.0925236 0.436682 77 174 137
-0.247661 0.173948 -0.257493 53 182 102
-0.333637 -0.036522 -0.245149 64 183 126
-0.119018 0.163207 0.334089 168 190 90
0.15009 0.046663 -0.126442 227 132 44
-0.128218 0.161751 0.315008 163 187 71
-0.343095 0.0604018 -0.0712427 73 207 89
0.0099532 -0.324168 -0.105332 162 160 168
-0.251989 0.0771508 0.168311 100 240 139
-0.281527 -0.0785648 0.08415 100 221 118
-0.235093 0.180686 -0.0846142 193 188 115
-0.0632652 -0.14232 0.316226 120 187 31
0.278271 0.0747702 -0.218323 124 35 130
-0.073035 -0.210227 0.209843 65 143 66
-0.11684 -0.140707 0.283233 98 212 53
-0.0327095 -0.295328 -0.00861136 181 186 155
0.263411 -0.160633 0.0127644 144 33 198
0.15236 0.0183115 0.475188 72 144 96
0.076668 -0.208197 0.101988 186 65 139
-0.0289782 0.3922 0.0316879 18 64 83
0.150174 0.179277 0.178005 125 59 48
-0.122798 -0.0746854 0.379811 133 219 129
0.0578348 -0.105477 0.189746 228 73 38
-0.0701107 0.299535 -0.250795 62 191 117
-0.136895 0.0935118 0.459544 58 151 142
0.242637 -0.0350914 -0.188179 226 109 202
0.15849 0.128962 0.437256 70 139 98
-0.0134209 -0.105919 0.440791 77 166 122
-0.348028 -0.0721276 -0.130071 87 209 131
-0.107374 0.109064 -0.34644 138 241 147
0.109253 0.0992708 -0.0643292 206 140 64
-0.0175292 0.201243 0.346668 170 175 159
0.263859 -0.266108 0.0676042 42 62 124
0.139406 -0.180108 0.0580194 221 77 192
0.0809151 0.185972 0.373503 120 169 134
-0.265447 0.0593567 0.14277 106 240 129
-0.215656 0.184536 0.145672 70 173 72
-0.263063 -0.155453 0.0436756 86 202 93
-0.269223 -0.00440641 -0.327482 48 181 102
-0.0601825 0.343087 -0.101587 143 163 151
-0.134761 0.235516 -0.0203297 218 148 71
0.203264 0.138181 -0.230135 172 72 97
-0.0818776 0.342602 0.0746744 76 79 130
-0.0778729 -0.0870679 0.428329 87 187 145
0.0816503 -0.0872903 0.444608 82 158 127
-0.300387 0.10282 0.0153382 95 190 67
0.0388302 -0.179147 0.163478 193 99 72
-0.201673 -0.158137 0.14117 112 242 136
-0.308265 -0.149399 -0.0533512 62 190 88
-0.150683 -0.0381415 0.380991 128 223 145
0.2447 -0.235075 -0.239532 124 109 85
-0.0946738 0.0811366 0.521049 38 132 115
0.124183 0.226056 0.215161 91 70 10
0.165411 0.0275007 0.166817 209 74 161
-0.08231 0.176745 0.392418 137 164 163
0.0625089 -0.344673 -0.0767419 100 133 168
0.06794 0.221844 0.288275 167 128 118
0.140743 0.0646357 -0.121956 227 131 29
-0.178974 0.071853 0.348933 119 210 97
-0.00228641 -0.0924634 -0.338341 155 243 118
-0.174733 -0.131566 -0.335273 95 220 146
0.122467 0.0465952 -0.0195787 227 158 97
0.152588 0.0479748 -0.13633 232 128 53
0.29904 -0.167671 -0.0293498 120 31 158
0.254511 -0.150916 -0.0145634 197 66 229
0.115659 0.259029 -0.0795247 217 130 199
0.258351 -0.191532 -0.331043 43 89 102
-0.274408 0.0966882 0.100816 93 227 109
-0.040563 0.212324 0.213217 230 159 80
0.0459729 -0.261451 0.110517 122 60 110
0.203051 -0.149815 -0.0107019 248 113 242
0.104431 0.0920357 0.118176 247 105 61
0.0730623 -0.0669106 0.486251 70 152 117
0.109004 -0.339838 0.0460653 52 54 124
-0.277261 0.00140336 -0.323785 46 179 99
0.303895 -0.223224 -0.124871 155 72 139
0.00622407 0.0955546 -0.347196 159 215 126
0.114746 -0.0147378 0.0898971 221 81 26
-0.0794136 0.288257 -0.260695 64 196 113
-0.00949705 -0.122539 0.394238 118 177 110
-0.0572763 0.33243 -0.213898 48 169 113
-0.126782 0.262346 -0.00806069 229 179 125
0.29728 -0.16844 -0.0196401 108 30 153
0.207722 0.101307 -0.192882 203 81 122
0.0957811 0.141315 0.058519 242 132 65
0.247963 -0.106567 -0.192315 213 92 144
0.107436 -0.260061 -0.244384 169 191 157
-0.0557134 0.188533 0.402186 135 158 162
0.0737431 -0.104144 0.380916 139 182 157
0.114444 0.0407627 0.05353 218 125 45
-0.165433 0.0451833 0.40826 102 194 155
0.205371 -0.333405 -0.135927 58 102 145
0.0961055 0.110515 -0.00865382 225 122 59
-0.0447922 -0.301453 -0.246369 34 139 57
0.23356 -0.123739 -0.167758 217 86 121
0.280347 0.0256506 -0.324024 81 123 198
0.361123 -0.135289 -0.338576 8 62 102
0.0666623 0.362737 -0.0350594 69 112 118
0.0017104 0.375135 -0.076389 77 131 129
0.273311 -0.244999 -0.170332 138 94 111
0.121233 0.00265704 -0.344154 176 194 172
-0.0149523 0.271263 -0.27469 119 220 189
0.15895 0.142517 -0.324219 82 117 54
-0.323284 -0.0666494 -0.257114 58 175 117
0.0951456 -0.221586 -0.281269 165 192 134
0.00506237 0.294682 -0.257657 101 191 201
0.0527416 -0.335539 -0.0540544 121 143 181
-0.27299 -0.198194 -0.0636692 68 153 77
-0.17563 -0.233483 -0.256284 76 172 90
0.089352 -0.243221 0.106007 163 63 157
0.092794 0.230699 0.272638 130 101 76
-0.088788 0.284324 -0.262054 65 199 104
-0.250987 0.00432478 -0.334032 63 190 117
-0.0320714 0.360961 -0.176133 50 139 121
-0.0241551 0.1977 0.294855 225 191 125
0.041324 -0.203806 0.146061 180 93 95
0.0922342 -0.29598 0.097926 97 37 136
-0.22015 0.168182 0.1671 70 180 79
0.137474 0.152677 0.381972 117 171 139
-0.178808 -0.197422 0.0982017 120 220 120
0.207038 -0.308211 0.0713164 50 59 158
-0.016586 -0.295049 0.0798253 73 90 57
-0.122619 0.26954 -0.0890645 224 188 124
-0.0140808 -0.307554 -0.105206 186 190 163
-0.062625 0.37063 0.0424313 56 65 118
0.0229876 0.206424 0.282142 213 177 136
-0.332488 -0.117356 -0.120992 74 200 116
-0.139311 -0.0544199 -0.338309 157 250 157
0.123418 0.164867 -0.156304 246 125 94
0.157571 -0.122367 -0.089266 202 86 50
-0.118122 0.295678 0.00401401 207 186 171
0.124822 0.220506 0.270933 97 87 43
0.170909 -0.184074 -0.32625 107 133 112
-0.206116 0.016163 0.288041 126 232 94
0.0500624 0.34302 0.0895555 78 61 136
-0.268032 -0.0855245 0.103377 106 225 113
-0.35669 0.00658815 -0.129507 91 217 135
-0.210842 -0.192115 0.0640572 116 206 95
-0.189035 0.243318 -0.221979 89 158 84
0.235396 -0.121268 -0.343308 88 112 185
-0.0965829 0.172086 0.369689 146 179 156
0.0549109 0.207567 0.315869 168 156 129
0.210698 -0.207094 0.0865504 145 18 204
0.308817 -0.0603363 -0.343141 49 88 210
0.116075 -0.00328044 0.0774456 218 105 27
-0.171135 0.228312 -0.277301 49 185 64
0.168859 0.0129252 -0.149833 239 115 73
0.299309 -0.2132 0.0390166 51 46 110
-0.189673 0.0666983 0.319272 121 216 73
0.102004 -0.0865334 -0.340871 148 196 106
0.0730153 0.159214 -0.078654 200 97 42
-0.0952893 -0.172479 -0.334781 75 207 142
0.142368 -0.142944 -0.0260973 225 96 134
0.310263 -0.262849 -0.00362612 38 88 133
-0.200091 0.228752 -0.235393 83 167 86
-0.350449 -0.0527313 -0.158158 88 207 138
0.065421 -0.111152 0.25564 222 133 95
-0.187437 -0.0144713 -0.340215 137 236 161
0.0628467 0.370132 -0.0120123 54 104 107
0.177825 -0.161494 -0.336601 113 135 118
-0.0961013 -0.274062 -0.258736 35 155 59
-0.0878349 0.331958 -0.0179733 170 166 178
-0.152964 -0.25335 -0.224689 103 176 98
0.13899 0.0159503 -0.0459406 239 159 82
0.00326236 -0.108025 -0.338107 152 231 110
-0.308247 -0.140362 -0.222929 55 177 112
-0.0533417 0.108528 0.531426 49 134 120
0.0192637 0.382574 -0.101985 46 123 105
-0.194079 -0.21837 0.0147884 144 190 108
-0.0385803 0.0171268 0.549439 59 135 124
0.0357837 -0.325612 -0.214478 48 152 79
0.211624 -0.232926 0.0981329 111 18 184
0.203241 -0.191407 -0.327237 91 121 103
0.114411 0.128348 0.476161 70 145 111
-0.351706 0.0401766 -0.108637 74 211 112
-0.242322 0.114769 0.173263 87 221 124
0.20111 0.133329 -0.29957 92 99 68
0.264892 -0.309465 -0.0435513 68 107 197
-0.311853 -0.0263114 0.0508605 89 218 125
0.0991727 -0.0789631 0.448861 76 153 117
-0.0481715 0.302745 0.128179 141 134 195
0.216666 -0.0250232 0.275221 41 63 91
0.126948 0.143787 0.132813 210 112 97
0.110271 0.250294 -0.0772299 222 131 200
0.201218 0.00693436 0.188937 133 11 133
0.242227 -0.30839 0.033894 51 97 173
-0.00661318 0.171445 0.487041 40 132 107
-0.0558264 0.272552 0.151584 176 165 178
0.245877 -0.128476 -0.174379 205 87 136
-0.164425 0.0187479 0.403495 104 206 158
-0.322662 -0.0337577 0.0249523 80 215 122
-0.128616 -0.234395 -0.0299497 210 179 102
0.325166 -0.0544065 -0.242333 128 55 203
0.099794 -0.129111 -0.336296 138 190 95
-0.340195 2.85702e-05 -0.229717 68 192 133
0.0368102 0.192235 -0.324646 135 195 117
0.0657732 0.154612 -0.0216683 211 90 44
-0.116864 -0.244958 -0.0844098 215 182 103
-0.183476 0.0592931 0.343753 124 217 90
0.075271 -0.112821 0.294073 203 156 138
-0.0937604 0.165282 0.41223 126 164 164
0.183304 -0.197246 -0.319561 106 129 108
-0.150563 0.16355 -0.33713 70 205 102
0.0546581 0.16961 0.477903 55 143 110
0.091721 0.248074 0.140306 128 75 48
0.231667 -0.142697 -0.084839 235 116 198
-0.354316 0.00130601 -0.0790332 86 217 122
0.000615939 0.217341 0.199631 238 152 96
-0.12973 -0.183575 -0.330462 50 198 119
0.00196751 -0.0384008 0.530007 62 139 121
0.267623 -0.157002 -0.00106144 163 45 211
0.112373 -0.0734958 0.0552594 225 88 43
0.218751 0.0514239 0.22854 91 30 114
-0.199555 -0.242131 -0.0955264 161 178 140
-0.0893753 0.338707 0.0711833 84 86 130
0.0737212 -0.0078205 0.523302 83 152 133
-0.141555 0.211776 0.212662 126 177 56
-0.155322 0.174751 0.25095 120 191 35
-0.057008 0.199397 0.253975 217 173 70
0.207312 -0.192512 0.0740637 174 34 217
-0.268175 -0.20481 -0.154026 61 164 99
-0.261287 -0.065525 0.128231 113 229 112
-0.15424 0.0836948 -0.344415 139 234 155
0.0140339 0.215643 0.219492 232 158 101
-0.100253 0.334996 0.0221427 137 113 169
-0.350504 -0.0571249 -0.090217 94 216 130
-0.0127234 -0.201455 -0.327701 97 201 136
0.207203 -0.0429079 0.274426 43 54 90
-0.192937 -0.0800424 -0.3384 114 227 154
0.114371 0.166199 0.385577 118 170 136
-0.0631035 0.334491 -0.206153 49 166 112
-0.0896379 0.0265218 0.531018 38 132 114
-0.167932 0.246764 -0.122609 214 185 129
0.188136 0.0902759 -0.338475 92 118 122
0.123821 0.316714 -0.201258 38 71 123
-0.347228 -0.0548722 -0.179847 86 204 139
0.238831 0.00802495 -0.339165 113 143 215
-0.218464 -0.226105 -0.216858 78 171 113
0.0522267 -0.17941 0.137581 198 77 66
0.315882 -0.0381154 -0.23104 133 61 214
0.163838 -0.125033 -0.340088 132 147 156
0.311184 -0.062546 -0.230543 155 70 208
0.00276932 0.39831 -0.000668856 27 96 95
0.216189 -0.340339 -0.0655282 56 114 191
-0.213217 0.176764 0.169489 65 170 68
-0.327662 -0.00343123 -0.262863 55 178 116
-0.02638 0.244532 -0.293813 124 232 174
-0.236492 0.0622493 0.210293 113 243 132
-0.219351 -0.21253 0.00694592 126 180 111
-0.0296955 0.328885 -0.228636 61 176 161
-0.179685 0.108752 0.303315 123 200 51
-0.318019 -0.144425 -0.101722 65 192 102
-0.00550432 0.296234 -0.257354 107 204 196
-0.183783 0.19884 -0.302428 44 188 68
0.255685 0.0811044 -0.200999 165 44 134
0.048735 0.374439 -0.17687 4 112 103
-0.240807 0.168462 0.00494728 187 188 95
0.0761854 0.163683 0.0148305 234 100 61
-0.158177 -0.0314337 0.373175 125 223 139
-0.164265 0.254303 0.0751603 166 160 132
0.127576 0.299934 -0.0906082 128 64 160
-0.169976 -0.0967196 0.271897 128 246 106
0.156128 -0.175745 -0.327134 123 154 110
0.186861 0.0655218 0.387703 109 168 137
-0.0799549 0.338884 -0.149784 121 155 131
-0.247132 -0.0320093 0.174448 121 238 117
-0.0092294 -0.125081 0.382835 127 183 100
-0.176883 0.136243 0.273902 118 199 38
-0.314057 -0.0057638 -0.286443 43 170 96
0.152143 -0.229251 -0.274472 163 163 125
-0.175519 -0.0204229 0.342847 134 237 116
-0.0498487 0.151159 0.497285 38 129 114
0.0659869 -0.0931426 0.444024 89 166 133
0.21277 -0.160176 0.0208643 229 85 246
-0.00894292 0.261863 -0.280164 129 220 190
0.0375936 -0.120446 0.225565 225 120 69
-0.0693436 -0.00166445 -0.340084 162 233 107
-0.157465 0.249768 0.040332 206 183 147
-0.272554 0.0800468 0.117943 99 231 116
0.235496 -0.293435 -0.176029 105 102 124
0.242494 -0.0634874 -0.198164 227 111 188
-0.165873 -0.212174 0.0737086 137 205 120
0.0904771 0.374526 -0.125192 18 109 84
-0.114808 -0.236814 0.125384 75 159 101
0.123782 0.218742 0.103068 167 72 66
-0.0869787 -0.257764 0.010064 207 183 123
-0.0259508 0.0630121 -0.34439 157 236 122
-0.198415 0.237438 -0.208561 109 160 95
0.153697 -0.338155 0.0414383 47 69 154
0.106831 0.0904311 0.501398 80 152 124
-0.225333 0.177959 0.0335106 183 199 115
-0.177166 0.239876 0.0950517 141 161 100
0.132017 -0.0693088 0.193561 209 76 127
-0.0969077 -0.24175 -0.0541281 214 155 72
-0.0376709 -0.144612 -0.336091 134 235 162
-0.0486582 -0.307902 -0.214483 55 140 71
0.0749962 -0.101354 0.39576 123 175 152
-0.0941417 0.202593 0.243291 184 175 67
0.114384 0.293892 -0.0705796 159 85 176
0.0675992 0.19426 0.354146 150 162 133
-0.0846687 -0.253135 -0.00895064 210 182 116
0.17408 -0.0644804 -0.342346 160 169 211
0.0936729 -0.0435898 -0.341758 157 201 124
0.220052 -0.280053 -0.207066 119 115 120
0.0791701 -0.339664 -0.176113 49 148 85
0.100731 0.23957 0.146639 127 76 42
0.144484 -0.264478 0.109776 134 38 172
0.00327216 0.0556667 0.550342 81 143 147
0.0524454 -0.227649 -0.295128 140 209 150
-0.142854 -0.160237 0.229164 79 216 103
0.0629926 0.383693 -0.144906 10 114 87
-0.204677 0.158336 0.20937 80 191 69
0.260746 -0.186704 0.0558664 96 17 167
0.105301 0.290034 0.0762464 107 48 103
0.302714 -0.0243188 -0.212784 164 67 220
0.117455 0.258528 0.0600723 156 63 116
0.0278507 0.114309 0.531756 71 143 135
0.185339 0.026052 0.378883 108 171 138
-0.191422 0.232184 -0.245125 64 170 73
-0.00698277 0.198864 0.291687 217 191 136
0.180962 -0.106431 -0.145174 215 69 63
-0.275127 0.126436 -0.274544 35 176 97
0.161515 -0.175133 0.0503476 233 87 209
-0.0884467 0.32185 -0.113959 169 175 152
0.310452 -0.212226 0.0187063 50 51 110
0.108488 0.105147 -0.346971 138 161 113
0.105152 -0.306763 -0.205613 114 175 159
0.0872601 0.182033 0.385595 117 168 134
-0.265967 -0.203026 -0.180302 62 169 107
-0.297481 0.0478063 0.0757316 92 216 102
0.0693999 0.121508 -0.347202 144 167 107
0.089355 0.120699 -0.032654 209 115 46
-0.11684 -0.0929865 0.356924 130 220 95
0.0962917 0.178258 0.370099 118 170 133
0.0970155 0.360353 -0.170849 4 90 90
-0.29027 -0.140661 -0.263519 42 168 98
-0.306146 0.129455 -0.144344 102 188 114
0.27936 -0.185328 -0.332933 35 85 104
0.268761 0.0956369 -0.27581 74 66 111
-0.317896 0.0214629 -0.2769 43 173 102
0.0645872 0.347872 0.0744818 61 47 110
0.362295 -0.133617 -0.282287 35 45 115
-0.136487 0.187851 0.249127 130 188 43
0.308368 -0.261689 -0.0819216 86 70 151
-0.118222 0.297216 -0.222405 56 173 71
0.103396 -0.0821798 0.0967481 209 68 21
-0.211651 -0.237067 -0.078601 141 162 129
0.206194 -0.0250726 -0.178998 235 105 176
-0.278328 0.155966 -0.131996 153 198 131
0.0271292 0.224443 0.202079 217 153 100
0.105783 -0.0898955 0.387679 117 170 150
0.378424 -0.111077 -0.333185 8 60 104
-0.185227 0.185645 0.204476 83 177 46
-0.332639 0.0834712 -0.0695761 72 195 85
-0.173036 -0.0705076 -0.338804 139 241 162
-0.0584906 0.0713369 0.543155 49 133 118
-0.128951 -0.123191 0.295222 114 222 66
-0.145968 0.227113 -0.0714991 212 140 57
0.114719 0.0196638 0.0737622 218 102 25
-0.0209077 0.188472 -0.328487 127 239 138
-0.343038 -0.0831704 -0.0773905 85 212 121
-0.15351 0.230913 0.00685855 224 167 94
-0.176003 0.185351 -0.318688 51 195 80
-0.257156 0.0651745 0.160082 102 243 138
-0.223752 0.206714 -0.154885 181 201 137
0.193358 -0.312689 -0.176632 88 110 144
-0.150054 -0.0481932 0.369637 129 224 138
0.102413 -0.29727 -0.215211 129 183 161
0.182031 0.00127849 -0.162194 242 106 101
0.292597 -0.17621 -0.237138 130 67 121
0.160596 -0.091174 0.284444 98 63 130
-0.234118 -0.141152 0.108959 107 224 107
0.175911 -0.0216589 0.432419 74 146 99
-0.194171 0.0112716 0.315333 128 232 98
-0.127266 0.278538 0.00544744 212 188 164
0.153153 -0.241909 0.107875 152 41 187
0.176126 -0.336585 0.0249957 49 85 176
0.226165 -0.33398 -0.0617548 59 112 193
-0.281509 -0.113434 0.0565567 92 214 114
-0.0425304 -0.145407 0.312763 136 177 37
-0.054715 -0.0134558 0.536289 44 131 114
-0.185672 -0.024409 0.315672 130 238 106
0.348928 -0.172003 -0.311101 29 55 106
0.15321 -0.332202 0.0615446 53 52 144
0.0519016 0.0822509 0.533555 86 154 149
0.13817 0.114251 0.168319 200 118 144
0.247273 -0.261481 -0.201406 123 107 104
0.0238382 0.109029 -0.34779 154 212 125
0.17312 0.015767 -0.346041 166 165 215
0.323229 0.0198349 -0.285112 56 92 171
0.36825 -0.149811 -0.317395 14 60 105
0.119822 -0.318728 -0.187119 84 157 148
0.108596 0.169183 0.406714 103 164 130
-0.0869316 0.316024 -0.0402911 191 179 173
0.0105501 0.20096 0.325461 188 179 151
0.104818 -0.319776 0.0834061 66 43 122
-0.329528 -0.041242 -0.25363 58 178 119
-0.281736 0.154985 -0.17937 119 199 135
0.0892892 -0.26067 -0.251643 161 200 161
-0.0178953 0.212301 0.207794 232 152 90
0.0192589 -0.287233 0.0957738 89 53 79
0.201427 0.10566 -0.326404 82 113 111
-0.0681707 -0.0505344 0.500334 41 144 126
-0.0386692 0.354743 -0.183665 49 149 122
-0.253309 -0.0390389 -0.330944 69 193 121
0.161933 0.180039 -0.208494 194 96 104
-0.00285788 0.267371 -0.27595 123 218 192
-0.056976 0.0615019 -0.343398 161 244 123
-0.082985 0.355876 0.024978 92 83 145
0.247204 -0.167833 0.0354926 165 29 216
-0.216575 0.197323 -0.270855 48 185 80
-0.157888 0.26633 -0.229351 61 163 64
0.299572 -0.0768433 -0.345175 57 96 211
-0.0169161 0.316036 -0.24242 76 185 178
-0.243854 0.163644 0.0254211 183 190 99
0.00261168 -0.176104 0.217022 183 123 76
0.175302 0.0962808 0.442043 70 138 98
-0.296656 0.00638575 -0.307988 40 172 90
-0.252911 -0.2111 -0.0474583 93 147 93
-0.0210382 0.336684 0.105296 96 90 182
-0.00645202 -0.306695 0.0630767 89 88 80
-0.0672105 0.138456 0.50123 36 131 115
-0.353198 -0.0335313 -0.0845172 92 216 129
-0.308826 0.011941 0.0604432 91 217 117
-0.156516 -0.0889267 0.303801 136 236 96
-0.140016 0.134255 0.372692 132 187 127
-0.253735 -0.167496 0.0435082 89 198 88
-0.200666 -0.07452 0.241418 124 250 120
-0.0496251 -0.138663 0.328926 126 186 38
-0.222511 0.171835 0.153127 73 182 89
0.219944 -0.138724 -0.111409 239 113 155
0.178368 0.119373 0.294139 124 168 147
0.0848619 0.127064 -0.0159532 214 116 48
-0.106242 -0.0828096 0.392677 119 208 129
0.135544 -0.101731 0.264813 175 102 140
-0.340907 -0.000298012 -0.0182741 78 215 116
0.181553 -0.142215 -0.0531536 253 123 208
0.265222 -0.125069 -0.195821 194 88 153
-0.159987 -0.17562 0.183668 90 228 143
0.11156 -0.343875 -0.15716 51 147 116
0.116311 -0.0661941 0.182523 220 76 111
0.300907 -0.280622 -0.0487588 58 81 167
-0.0905235 -0.0808411 0.423148 107 199 148
0.120735 -0.254214 0.108054 150 46 172
0.282092 -0.0499715 -0.207068 195 94 222
0.00763942 -0.143115 -0.336071 150 227 118
0.0479046 0.260558 0.141191 161 125 121
-0.124795 0.046377 -0.34153 166 249 150
0.179768 -0.353669 -0.100717 43 113 166
0.354168 -0.0805396 -0.342916 5 56 146
-0.0678442 0.331728 -0.0782233 176 175 162
-0.0298054 -0.152104 0.289924 141 158 44
0.0814386 -0.130967 0.0893861 211 54 34
0.0836357 -0.0688883 -0.341044 152 201 109
0.276255 -0.299707 -0.0713011 77 87 182
0.0233249 0.373735 -0.178376 19 124 115
0.121769 0.199631 -0.129214 238 149 155
-0.324716 0.104293 -0.146521 74 192 111
0.266243 0.0740816 -0.31157 61 109 143
-0.348521 0.0507799 -0.0963502 70 208 102
0.107358 0.0550463 0.107545 227 88 28
0.132896 0.0268225 0.152517 241 83 117
0.0980029 0.111715 0.0248645 231 122 54
-0.247213 0.176352 -0.106858 178 198 127
-0.0086164 0.399128 0.0129153 11 79 77
0.091892 -0.310643 0.0889936 76 39 122
-0.035478 -0.109203 0.42179 94 180 115
0.0674774 -0.338077 0.00699456 91 102 145
0.164601 0.176565 0.252257 82 84 35
0.25719 0.00512562 -0.178583 209 77 210
0.145772 0.274692 -0.204943 90 67 132
-0.0608628 0.238465 0.184391 208 177 131
-0.0957783 0.296557 -0.0761432 210 189 147
0.151249 -0.113468 -0.0880521 198 85 35
-0.0907112 0.304587 -0.0482031 204 188 160
0.163276 0.135715 0.309222 127 174 141
0.0966569 -0.118399 0.0150221 215 64 59
0.0187999 0.112495 0.534699 69 142 133
0.287874 -0.248593 -0.143151 138 79 133
0.125197 0.249515 -0.0962836 214 129 197
-0.0485072 0.195487 0.291445 218 189 105
0.074643 -0.139574 0.102107 209 53 42
-0.115008 -0.166255 0.249671 77 203 61
-0.216841 0.0017692 0.259715 125 237 104
-0.102535 0.321964 -0.177436 100 150 110
0.172026 -0.0323031 0.366642 91 160 137
0.0908793 -0.133047 0.0302338 222 60 69
-0.0976592 0.0113076 0.521936 37 134 118
-0.0172069 0.0670931 0.550277 73 138 140
-0.275158 0.14448 -0.0120388 150 183 92
0.0977261 0.310116 0.070124 101 45 105
-0.138569 0.15249 0.31698 151 192 69
0.0283959 -0.113774 0.412927 122 179 133
-0.0815972 0.0898675 -0.344947 158 249 144
0.139434 -0.252496 -0.246064 169 176 143
0.216091 -0.251023 0.0991684 74 29 165
0.119083 -0.0405792 0.0380077 222 116 57
0.128431 0.00994437 -0.0156338 225 155 93
-0.338225 -0.064858 -0.0325605 83 213 122
0.15342 -0.198485 -0.310412 138 153 112
0.0486496 0.0771425 -0.346515 160 201 131
0.0287684 -0.32334 -0.0399021 160 161 184
0.102083 0.15747 0.0690585 234 132 86
0.114679 0.00180743 0.0868277 221 93 24
0.111573 0.130529 0.111903 239 120 81
-0.0958521 -0.283286 -0.19908 135 168 120
-0.247365 -0.0494929 0.164454 119 235 116
-0.349237 0.0241696 -0.183934 78 207 136
0.220735 -0.212366 -0.307245 83 108 90
0.0240657 -0.256613 0.121119 114 66 89
0.098337 0.321709 0.0100928 90 61 134
-0.156212 -0.054222 -0.338611 143 244 161
-0.0511237 0.351169 -0.180564 57 149 113
0.161044 -0.0194231 -0.11459 211 111 29
-0.0400692 -0.313634 -0.197314 81 142 87
-0.293394 0.133076 -0.22289 68 192 127
0.218957 -0.0622197 -0.343973 143 155 250
-0.00729825 0.143112 -0.344897 138 229 131
-0.0219721 -0.179609 0.238922 143 137 68
-0.0698106 -0.185853 -0.33366 71 201 137
0.0201587 -0.207681 0.170445 156 104 89
0.0845551 0.0358414 0.52362 90 159 144
-0.328167 -0.0799493 -0.0150118 78 210 120
0.0932425 0.216524 -0.08346 240 146 149
-0.188985 -0.240176 -0.0674033 163 178 138
0.0927752 0.162976 0.455163 74 148 117
0.0980457 -0.172622 -0.31936 139 200 99
0.0647667 0.0366124 -0.344481 161 207 131
0.275383 0.0901225 -0.24457 99 40 116
-0.199705 0.0294081 0.304227 127 229 92
0.0908727 0.119018 -0.00440855 225 122 57
0.0316384 -0.312203 -0.23655 48 149 85
-0.182042 0.208738 0.0220587 216 184 113
-0.213979 0.184137 -0.292659 40 184 72
0.0801707 0.195173 0.0118732 235 116 105
-0.236711 0.199549 -0.191219 127 181 124
-0.00421999 -0.226348 0.174442 127 115 82
-0.185763 0.218198 0.152346 63 143 39
-0.258876 0.142835 0.0574927 134 200 86
-0.168147 0.250314 0.103573 108 139 70
-0.214573 0.221751 -0.204762 115 167 108
-0.068527 0.27966 -0.271086 82 206 134
0.0340282 0.200412 0.386781 117 151 137
-0.204464 -0.233953 -0.0509288 153 174 135
0.146123 -0.323379 0.0790884 66 40 137
0.0608084 -0.262786 -0.266698 138 199 157
0.204176 -0.21143 -0.307976 90 113 94
-0.090337 -0.245873 -0.0196068 220 169 95
0.154452 0.181092 0.2812 87 112 63
0.121215 -0.0477491 0.0130246 226 125 65
-0.16327 0.24824 0.13435 75 124 35
0.221633 0.0804629 -0.184565 220 83 141
-0.196018 -0.198709 0.0675858 122 209 102
-0.0413005 0.162656 0.486215 40 130 114
0.0033187 -0.324828 -0.212887 46 135 54
0.25525 0.0168902 -0.177186 205 71 203
0.226695 0.0177574 0.273312 49 84 99
-0.0957834 0.194892 0.258887 192 175 62
0.0406581 -0.281673 0.100772 105 53 96
-0.105228 0.279686 -0.0727847 223 186 132
0.174249 0.108481 0.319265 128 178 158
-0.0172657 0.313241 0.119119 129 120 202
0.106664 0.0974574 0.125895 246 111 74
-0.062729 -0.078685 -0.337616 161 251 140
0.265519 -0.20749 -0.3073 54 87 95
0.120252 -0.104554 0.309991 162 128 159
0.0745602 -0.0498774 0.501291 68 149 113
-0.137003 0.289837 -0.140009 178 178 144
0.233774 -0.289204 -0.184002 110 103 121
-0.328122 0.0989945 -0.127402 76 187 100
-0.0736204 0.0163083 0.538796 44 132 114
0.0997142 0.112867 0.496955 76 150 123
-0.30159 -0.170398 -0.122786 58 182 94
-0.266675 -0.208506 -0.111384 73 145 89
0.162547 -0.0660446 -0.132608 193 78 21
0.143871 -0.0718671 0.366954 103 153 148
0.22257 -0.126918 -0.151953 220 84 109
-0.0610723 0.117933 -0.346713 150 247 139
0.0341388 0.072678 -0.346068 160 208 127
0.164271 -0.00622515 0.167957 193 49 153
0.253103 0.0339528 -0.177845 201 60 181
-0.101331 0.0847584 0.513956 37 133 119
0.0660081 -0.00275601 -0.342462 159 209 120
0.108368 0.145687 -0.339529 112 145 68
-0.079934 0.238242 0.190492 190 175 119
-0.137976 0.0775243 -0.344361 146 240 156
0.124401 0.192127 0.0992948 196 99 85
-0.103181 -0.244877 0.124543 67 147 87
-0.161529 -0.013187 0.384614 114 216 144
0.0876345 0.178151 0.421582 91 159 127
-0.282217 0.00650062 0.113394 112 232 123
-0.226467 0.0707696 -0.336675 65 191 117
0.0435383 0.200461 0.337608 166 164 138
-0.140713 0.178884 0.259713 139 188 43
0.0881357 -0.0789216 0.174713 233 65 62
0.0774571 0.0974232 -0.347528 151 179 123
0.23102 0.0599185 -0.178265 223 76 161
0.118046 0.176605 0.0880595 212 115 96
-0.230481 -0.176991 -0.294685 35 171 90
-0.0512135 -0.0802212 0.470176 53 154 130
0.109034 0.107883 -0.0879263 204 131 48
0.174996 0.0936147 0.3407 136 181 159
-0.142025 -0.101139 0.308967 130 228 81
0.0420646 0.150189 0.505969 57 141 116
-0.161706 0.0634609 0.415059 91 187 154
-0.0313456 0.315796 -0.241886 71 184 165
-0.115676 0.155576 0.382534 133 179 149
0.112784 0.068885 0.00218253 222 154 92
-0.244782 -0.0913 0.140525 113 233 113
-0.0482835 -0.124373 -0.336618 147 246 160
-0.099251 0.096404 -0.345609 154 247 151
0.085628 -0.0182401 0.513508 81 152 124
0.221516 0.0459388 0.278973 76 114 123
-0.16507 -0.0776592 0.303279 137 237 99
0.196134 -0.0599006 0.267199 68 36 94
0.0283067 0.308126 -0.247978 83 171 196
-0.292579 -0.181474 -0.0933099 53 172 80
0.0741671 0.200887 -0.0744302 227 125 111
-0.0445338 0.185518 0.432404 92 135 147
-0.13273 0.193122 -0.325845 72 211 104
-0.305566 0.0178402 0.0665415 91 218 117
0.20359 -0.0442852 0.227763 70 7 84
0.0879506 0.193269 0.0226488 233 116 107
0.121353 0.116969 -0.150433 224 104 30
0.0682722 0.203587 -0.0115461 226 123 127
-0.221539 0.0168024 0.25195 122 240 106
-0.0335155 -0.138667 0.330761 131 184 42
0.15443 -0.127784 -0.0743781 212 89 69
0.0862172 -0.186454 -0.310808 148 203 109
0.182025 0.0273504 0.446484 71 142 96
-0.204324 -0.23041 -0.225697 79 173 109
-0.0381229 0.172253 0.471695 43 130 118
-0.188169 -0.24692 -0.132698 164 187 142
-0.290029 -0.169471 -0.217659 53 175 109
-0.28704 -0.17858 -0.19847 54 173 108
-0.0603624 -0.217685 0.202163 69 137 67
-0.162593 -0.207904 0.0998665 121 212 131
0.102638 0.0994975 0.0846084 233 108 36
-0.107462 -0.206497 -0.326484 26 180 99
0.299162 0.052959 -0.297688 49 94 149
0.0362939 0.335718 0.100197 82 68 148
-0.0239629 -0.242825 -0.314278 43 156 97
-0.102323 -0.0441003 -0.338491 165 248 139
-0.350009 -0.0238815 -0.056581 85 217 123
-0.0975582 0.33693 0.0557346 93 88 138
0.185146 -0.137501 -0.0852378 235 100 108
-0.035574 -0.204942 -0.329336 82 196 133
0.180989 -0.25213 -0.251155 149 147 120
0.302463 -0.261691 -0.0998628 90 71 152
-0.267954 -0.124087 0.0702662 94 214 109
0.20236 0.045908 0.317593 109 162 145
0.303395 0.0616694 -0.253883 71 49 132
0.0702279 -0.160844 0.0992904 211 51 84
-0.000329659 0.202833 0.361549 160 167 156
-0.161919 0.0641411 -0.342872 135 232 156
0.145138 0.235498 -0.138678 204 122 181
0.316634 -0.0818189 -0.345592 31 70 189
0.0463636 -0.0637417 -0.340283 154 220 96
-0.0664666 0.0233558 -0.3411 162 239 114
-0.264646 0.118287 0.103928 98 219 103
-0.278585 0.155423 -0.206304 93 194 131
0.225947 0.0313631 -0.340035 108 136 198
0.10294 -0.100385 0.347576 144 164 165
0.0967685 0.175368 0.0474119 243 127 90
0.087837 0.272915 0.11769 125 85 95
-0.19571 0.19548 0.0122687 214 179 100
-0.261551 0.00251312 -0.331185 54 185 109
0.0206157 0.226037 0.187424 222 151 107
0.270487 -0.222241 0.0702946 46 46 116
0.114036 0.0601478 0.0117595 226 150 84
-0.00270367 -0.130274 0.355799 139 189 87
-0.189976 -0.176837 -0.317905 38 186 99
0.168079 -0.326941 0.0654489 52 55 152
-0.0762134 -0.29296 -0.185619 146 169 129
0.192145 0.10409 -0.330814 82 113 111
-0.155576 0.26203 -0.241292 54 169 59
0.27648 -0.293638 -0.098193 86 81 167
0.187102 0.110491 0.233351 119 92 135
0.0165082 0.38469 -0.0374201 60 121 115
-0.0169682 -0.182703 0.231095 147 134 72
-0.14312 -0.247287 -0.0972477 207 194 121
0.260973 -0.12343 -0.343475 59 99 184
-0.034659 -0.117615 -0.33702 147 245 155
0.181574 -0.00808109 0.403888 86 155 114
0.21988 0.0597008 0.250611 80 63 119
-0.211434 0.221642 -0.224213 96 167 99
0.214666 0.0702485 0.267642 81 92 129
0.042156 -0.244004 0.120642 149 68 123
-0.160617 0.0972446 0.384862 116 193 127
-0.197528 0.228582 -0.144257 197 195 136
0.0310604 -0.12431 0.31536 185 174 105
0.254115 -0.145894 -0.0789425 220 92 203
0.0625809 0.189987 0.420391 87 152 128
-0.215819 0.0630464 0.258938 120 231 88
0.140019 -0.3366 -0.159486 62 135 142
0.250386 -0.119206 -0.186736 205 90 145
0.244083 -0.271268 0.0794559 51 51 142
0.113089 0.00148127 0.100528 224 79 34
0.140037 0.131619 0.165166 197 108 117
-0.349346 -0.0227436 -0.191598 82 202 141
-0.0746838 -0.0363658 0.510767 41 137 118
0.0966744 -0.110222 0.285598 193 136 148
0.170606 -0.243121 -0.261071 154 150 120
0.191342 0.109693 0.267383 101 121 141
0.193547 -0.181551 -0.331341 95 119 110
0.110837 -0.080309 0.0482092 224 87 42
-0.0926346 -0.154661 0.281407 97 193 30
0.175085 0.113411 0.390478 103 162 135
0.274545 -0.164809 -0.340051 34 77 113
-0.272092 0.0307396 0.133683 110 235 125
0.116202 0.13338 -0.150104 229 103 42
0.0567649 0.228772 -0.303228 123 191 129
-0.0745204 -0.272504 -0.282541 12 151 50
0.132307 0.143012 0.447974 73 144 110
0.0569018 0.189028 -0.0309072 218 105 89
-0.179985 0.167818 0.232763 92 190 46
0.210892 -0.109913 -0.167605 220 78 98
-0.170933 0.0317609 0.388672 122 212 141
0.136817 0.151786 0.340142 130 179 142
-0.0297509 -0.287153 -0.0380552 210 199 148
0.201333 0.0692915 0.304692 114 168 147
0.15767 0.221517 -0.209185 166 90 128
-0.106569 0.160565 0.393125 127 169 160
0.129157 -0.0885499 -0.340836 153 182 139
0.108067 0.226113 0.278467 106 88 55
0.186253 -0.172691 0.0462866 220 73 229
-0.0219039 -0.285013 0.0963907 73 101 56
-0.170825 -0.18509 0.146342 92 222 145
0.311529 0.0228891 -0.225076 101 47 161
0.0144427 0.214462 -0.309546 136 214 141
-0.179203 0.236091 -0.256277 54 172 64
-0.343493 -0.0125654 -0.218948 74 196 137
-0.269207 0.135193 -0.274757 37 177 98
-0.0699038 0.367452 0.0329081 68 69 128
-0.204069 0.229788 -0.166718 173 190 137
-0.342059 -0.0902195 -0.0895872 86 213 122
0.0894258 0.246601 -0.0451914 218 134 193
0.292001 -0.158533 -0.222805 161 78 140
0.159067 -0.149792 -0.336783 120 147 120
-0.0866467 -0.261722 0.0999113 96 143 88
0.098093 0.309825 -0.0174046 149 88 172
-0.0899976 -0.221755 -0.323232 23 177 92
-0.196673 0.158593 -0.325122 49 192 87
0.252749 0.104585 -0.286644 72 77 109
0.213914 -0.187524 0.0680832 177 35 218
0.206784 0.0520761 0.306931 99 158 139
0.0171721 -0.300536 0.0819941 83 54 76
-0.341023 -0.06217 -0.204742 77 194 136
-0.0152249 0.199485 0.315959 200 192 150
-0.104276 0.15221 0.429599 86 153 153
0.132342 0.190401 0.306262 102 134 85
0.301247 -0.0400169 -0.338538 71 106 229
0.219001 -0.3086 0.0609785 49 74 167
0.316562 -0.0211973 -0.325401 57 99 210
-0.283515 0.153036 -0.159609 124 198 132
0.178756 -0.129871 -0.340371 130 140 153
0.296491 0.0536726 -0.221658 114 35 132
0.323285 -0.0311495 -0.238272 113 51 205
0.315394 -0.189162 -0.291216 62 61 108
0.00786577 0.238882 -0.293153 136 224 168
-0.345448 -0.0831448 -0.111465 85 208 127
-0.309978 -0.0893294 -0.270283 45 168 99
0.143846 -0.360501 -0.0656146 50 120 170
0.211694 0.0762584 0.246772 89 95 132
-0.113516 0.311614 -0.192316 76 151 88
-0.270635 -0.203706 -0.0841526 60 161 79
0.0977136 0.275649 -0.0258325 196 114 191
-0.217418 -0.231111 -0.0543376 139 164 127
-0.16977 0.0693971 0.38433 110 200 132
0.114564 0.101873 0.491587 75 148 115
0.149635 0.271751 -0.144677 158 79 175
-0.0491466 -0.28261 -0.110151 214 193 134
0.110629 0.0566725 0.0743618 213 103 22
0.135238 0.262492 -0.106067 202 117 195
0.0731706 0.0392353 0.529405 91 158 148
-0.269781 0.051626 0.135173 109 238 129
-0.244763 -0.107944 0.126232 110 230 112
0.0280034 0.0956624 -0.347466 159 200 126
-0.0402622 -0.27513 -0.07267 219 192 128
0.175575 0.133855 -0.200655 212 96 95
0.156585 -0.248669 -0.252078 167 170 133
-0.171424 0.252526 -0.236219 58 172 61
0.136033 0.149123 0.147975 191 104 103
0.0890685 -0.062818 0.481332 70 152 112
0.222566 0.0335577 0.28244 75 123 122
0.0759076 0.201086 0.00361234 230 124 124
-0.144014 -0.208419 0.144137 87 203 134
-0.00381426 0.394398 0.0407015 6 63 69
-0.230785 0.134636 -0.317881 38 184 85
-0.136407 0.276687 -0.239192 48 177 61
0.105173 0.218891 -0.0933379 240 150 160
0.14452 -0.138784 -0.0390696 222 93 124
-0.291395 0.082761 0.066969 91 213 88
-0.165744 0.219698 0.012155 223 168 95
-0.24071 0.0113512 0.203342 122 245 124
0.141949 0.12554 0.456042 70 142 102
-0.194357 -0.120747 0.203003 119 255 142
-0.341167 -0.0302213 -0.0232266 80 213 123
-0.0653216 -0.11699 0.372423 119 193 74
-0.0309298 -0.207316 0.210314 112 126 80
0.143787 0.298149 -0.176407 92 47 137
-0.19809 0.0732235 0.294171 121 222 70
0.115492 -0.360628 -0.0800903 51 122 151
-0.207879 -0.0987772 0.203119 119 253 130
0.0353585 -0.258108 -0.285024 118 191 148
-0.136657 0.0633528 0.476469 55 154 146
-0.0124641 -0.267346 -0.296149 37 149 88
0.184817 0.0161055 0.383353 100 165 130
0.139395 0.000308026 0.156345 228 72 131
0.030512 0.202239 0.322627 190 170 141
0.159408 0.0492887 0.167461 202 82 167
-0.0911071 -0.0280253 0.50456 39 139 123
-0.0497639 0.356728 0.0813962 42 59 129
-0.0506173 -0.304917 -0.163124 152 172 137
-0.240046 0.143967 0.149222 78 200 106
-0.044292 -0.272706 0.112631 56 109 42
-0.249737 -0.219289 -0.078714 89 142 91
0.0628523 -0.0190473 0.524523 82 151 134
0.00714612 0.379902 -0.0543466 66 127 122
0.0591974 -0.309628 0.083364 80 45 101
0.00802389 0.310515 0.117701 132 115 196
-0.191035 -0.246253 -0.159358 138 179 133
-0.125063 0.219125 0.211105 141 175 66
-0.0598452 0.339692 -0.0825662 150 164 158
-0.107915 0.186029 -0.333687 100 223 126
0.0493773 -0.254016 -0.279885 132 200 155
-0.102433 -0.141319 0.294678 101 202 38
0.0168928 0.120353 -0.347637 152 212 124
0.272393 -0.266555 0.0589362 38 75 119
-0.154224 -0.0651901 0.33886 139 234 106
-0.238434 -0.226797 -0.1512 97 162 114
-0.0359023 -0.30097 0.0311584 151 145 133
-0.131321 0.287389 0.108468 97 110 94
-0.259654 0.150333 0.022219 154 189 85
-0.120461 0.291395 -0.23079 54 176 67
-0.104471 -0.269329 -0.259653 38 158 61
0.0430946 0.382932 -0.0969475 46 125 100
-0.149059 0.280093 -0.145461 184 181 142
0.310507 -0.193781 -0.305909 39 70 104
0.129404 -0.0129393 -0.0117736 222 156 95
-0.114338 0.306574 0.0987417 101 104 117
0.212572 -0.202488 -0.318617 83 111 96
-0.0894269 -0.177261 0.250349 73 185 46
-0.0994179 -0.257629 0.0702967 135 173 128
0.160917 0.185597 0.233879 85 66 22
-0.324203 -0.0255315 -0.268486 57 179 116
0.100343 -0.219905 0.0979006 186 64 169
0.373322 -0.0591452 -0.322093 12 64 143
0.169865 -0.193291 0.0777677 204 60 219
0.28111 -0.228457 0.0615399 44 50 113
0.103834 -0.0895376 0.0830607 210 69 21
-0.102304 0.00628697 0.515382 37 135 119
-0.109764 -0.259531 -0.127163 206 201 130
0.379696 -0.128492 -0.303606 17 53 103
-0.00663481 -0.192706 -0.328928 112 212 137
0.192416 -0.329101 -0.152968 63 108 146
0.0730957 0.232161 0.259217 154 117 96
-0.0636573 -0.265887 -0.0976665 221 181 109
-0.0976993 -0.280122 -0.180583 154 179 130
-0.165417 -0.252815 -0.182804 151 185 127
-0.339729 0.0459174 -0.210109 63 197 129
-0.0736597 0.316603 0.114151 103 97 168
-0.119867 -0.241067 0.0489778 171 193 132
0.0786244 0.352845 -0.00943593 65 79 118
-0.206685 -0.210846 -0.270975 47 172 91
0.0673777 -0.114003 0.314849 199 179 130
0.287421 -0.129493 -0.343643 33 77 151
-0.0681491 -0.246352 -0.312428 14 161 70
-0.263185 0.126828 0.0917311 99 215 97
-0.0363422 0.380394 0.0551635 20 60 84
-0.0594177 0.127276 -0.346677 145 245 139
0.29686 -0.23933 -0.13333 139 78 134
-0.320489 -0.00966557 -0.276225 49 173 107
-0.0419123 0.193829 0.402865 122 145 153
-0.102123 0.291971 -0.0847167 211 191 147
0.221468 0.131755 -0.26859 120 75 87
-0.113688 0.299763 0.112584 93 103 101
0.073554 0.362883 0.0189178 35 68 91
-0.0336664 -0.0693529 0.495103 49 145 120
0.125195 -0.105639 0.28437 160 106 154
-0.0645151 0.194648 0.276261 216 178 79
-0.0861572 0.110403 -0.3462 147 246 144
-0.00359957 0.199508 0.304112 208 190 147
0.197907 -0.249215 0.104274 113 23 182
0.0985252 0.235653 0.186286 118 81 23
0.0280329 -0.323445 -0.060123 161 165 185
0.222568 -0.240318 0.095954 84 24 171
-0.179928 -0.158163 0.179461 109 249 151
0.346324 -0.105014 -0.260749 75 32 141
-0.14503 0.0857403 0.447649 66 161 146
-0.225613 0.18073 -0.0459102 196 184 96
-0.251461 -0.145237 -0.30452 35 174 91
-0.0181841 0.293438 0.129897 162 155 211
-0.346824 0.0369589 -0.186981 71 204 131
0.265139 -0.212837 -0.240599 115 93 86
0.0851378 -0.240905 -0.269151 166 202 155
0.194271 -0.271171 -0.226833 135 137 124
-0.284674 -0.17144 -0.229234 48 170 104
-0.346456 -0.0264941 -0.204013 80 198 140
0.296195 -0.181574 -0.251041 117 64 116
-0.272199 -0.0445036 0.119418 112 230 118
0.215986 -0.102036 -0.17796 220 82 119
0.179142 -0.349702 -0.117761 42 114 146
-0.13294 -0.031339 0.431558 96 198 168
-0.319152 -0.0197847 -0.278151 50 173 107
0.0767408 0.0725109 -0.346681 162 194 137
0.282317 -0.227413 -0.161579 157 82 126
0.16394 -0.0158226 0.45657 70 141 89
-0.19503 -0.235911 -0.0504165 160 178 137
0.155 -0.111261 -0.0961427 194 82 34
0.189162 0.0702075 -0.175503 241 107 121
-0.114228 0.29571 -0.109913 199 189 151
-0.201735 0.105072 -0.338892 66 193 114
0.0360281 -0.0555355 -0.340132 152 220 97
-0.0337384 -0.0957275 0.453431 65 161 128
0.0806115 0.198784 -0.0837732 238 132 125
-0.292076 -0.0423233 0.0840674 101 224 123
0.190791 -0.347039 -0.0394493 57 117 197
0.087571 0.130663 -0.0706948 198 114 31
0.102334 0.290199 -0.0471398 171 95 183
0.220351 0.0763241 -0.333154 82 115 136
-0.272914 0.163637 -0.174397 123 200 138
0.141011 0.211879 -0.277466 98 117 39
-0.0520736 0.339003 0.0992341 70 72 152
0.280024 -0.203772 -0.271673 92 76 88
0.186573 -0.0337873 0.192515 136 7 126
0.0661105 -0.349528 -0.0929592 91 134 153
0.0874468 0.0492603 0.521531 90 158 144
-0.0793507 -0.291377 -0.224586 82 150 85
0.28457 -0.0578015 -0.343833 85 119 235
-0.235068 -0.0269195 0.204839 120 243 118
-0.00417746 0.360762 -0.193435 31 137 137
-0.151861 -0.102808 -0.337422 135 243 164
-0.119753 -0.271125 -0.203964 132 175 115
0.115065 0.318128 -0.0787615 125 74 157
0.134453 0.325846 -0.148492 49 47 107
-0.301805 0.00717263 0.0750955 95 222 122
0.0666093 0.150546 0.493331 58 144 115
0.037517 0.199881 0.346937 150 161 140
0.063698 -0.112205 0.34929 168 180 151
0.00636627 0.229653 0.173217 231 155 113
0.141245 -0.183787 -0.318834 129 159 109
0.0578896 0.232938 0.225866 159 122 87
0.0604054 0.0761085 -0.346638 160 198 133
0.198053 0.099438 0.253807 98 108 140
-0.348999 0.0015304 -0.0470496 84 219 116
-0.024101 -0.321313 -0.189281 85 143 90
0.298666 -0.283681 -0.03581 56 87 171
0.128394 0.20521 -0.296784 87 135 41
0.0880254 0.159034 0.0372121 243 117 74
0.176934 -0.064078 0.319235 79 113 131
-0.342383 -0.0874476 -0.151164 83 203 131
0.173958 -0.0272685 0.404307 81 155 113
-0.324837 0.0305853 0.0203867 80 211 101
-0.143188 0.288703 -0.15564 164 170 133
0.00471454 -0.115076 0.419417 101 172 125
0.102927 0.0765701 -0.347381 154 176 138
-0.191609 0.117518 0.270019 112 210 49
-0.188873 -0.1119 0.222171 123 254 135
0.252711 -0.31485 -0.0962013 68 95 174
-0.309897 0.123215 -0.176501 87 195 122
0.371925 -0.0542018 -0.300616 20 55 149
0.274756 -0.202039 -0.188828 158 90 119
-0.0735091 -0.0837477 0.441351 78 177 147
0.0220334 -0.335904 -0.119791 142 145 155
0.0900361 -0.305612 -0.214311 117 182 150
-0.155864 0.0184782 0.429111 90 193 162
-0.10578 -0.194039 0.216428 55 171 70
-0.0412811 -0.231203 -0.321367 44 157 98
0.145 -0.121436 -0.339445 140 165 133
-0.105027 0.30403 -0.109522 196 188 152
0.300211 -0.266193 0.0202285 36 91 130
-0.0542307 0.185946 -0.33364 126 237 138
0.253484 -0.149439 -0.144856 211 92 151
-0.191972 0.204182 -0.0850232 214 178 95
0.0880126 -0.343938 -0.0171902 72 106 157
-0.134717 -0.0762389 0.356709 136 230 109
-0.305548 0.108376 -0.0116884 94 184 68
-0.334195 -0.0926281 -0.048373 83 211 119
0.197811 0.0704084 -0.341263 101 123 149
0.211448 0.10956 -0.318527 75 106 98
-0.000315734 -0.120973 0.399063 118 178 110
0.0114328 -0.314629 0.0563276 94 67 85
0.0202455 0.392831 0.0386948 4 65 67
0.06234 0.200907 -0.0227904 223 117 116
-0.185504 -0.138164 0.197257 111 251 150
0.0761946 -0.324601 0.0714708 68 48 103
-0.288295 -0.0156815 0.0991552 103 225 125
-0.0348858 -0.285574 0.0885237 83 108 65
-0.257348 0.124862 0.119458 92 216 108
-0.0755589 -0.288306 -0.162413 169 187 141
-0.321045 -0.0479558 0.0230201 82 214 123
-0.00100189 0.129107 -0.347012 146 228 130
0.128699 0.262286 -0.0955116 206 122 198
0.141609 0.195231 0.167501 116 55 37
0.163541 -0.0828703 -0.341367 150 159 190
0.0146899 -0.331608 -0.195524 46 139 58
-0.344484 0.0551022 -0.17468 65 201 121
0.203328 -0.0118022 -0.173989 237 106 175
0.145911 0.0776794 -0.347049 137 152 150
0.11882 -0.0253442 0.0471428 219 114 47
0.163696 -0.142026 -0.0455129 239 106 155
-0.082626 -0.0623759 0.470881 56 159 144
-0.187256 0.0171376 0.335199 131 232 102
0.306913 0.034233 -0.223349 106 42 152
-0.351559 0.025339 -0.169482 76 207 132
0.104889 -0.326282 0.0753852 62 44 120
-0.208767 0.186793 -0.0361632 205 167 70
0.197847 -0.145073 -0.0364291 255 129 222
-0.281543 -0.0983939 0.069687 94 216 116
-0.155896 0.250325 -0.260102 48 183 65
-0.0519442 0.195942 0.278458 223 182 90
-0.0708925 -0.201191 0.223325 69 150 63
-0.032037 0.0792166 0.547497 63 136 130
0.120075 0.156741 0.107991 218 121 90
-0.0889204 0.0723007 0.528052 38 132 113
-0.115783 -0.0756625 -0.33755 161 253 158
-0.081625 -0.250595 -0.304979 11 158 63
-0.0950957 0.303061 -0.0891768 205 188 156
-0.10763 0.271207 -0.0571213 226 183 124
-0.0584167 -0.0523526 0.504758 41 141 119
-0.0359127 0.199201 0.351334 178 181 161
-0.191885 0.00194583 -0.340388 129 229 158
-0.325964 0.0821454 -0.215114 54 192 122
0.18631 0.149415 -0.226192 170 73 87
-0.153935 0.21317 -0.0363652 201 122 44
0.0132499 0.334077 -0.227801 51 150 175
-0.162228 0.219771 -0.079418 216 151 66
0.164335 -0.115784 -0.107223 203 82 52
0.171633 -0.0864334 -0.152052 196 68 45
0.233049 -0.306255 -0.159227 85 99 135
0.0488677 0.304325 0.115286 130 106 158
0.221903 -0.319045 0.0298709 56 98 188
-0.333685 0.0786179 -0.0589766 71 200 83
0.037829 -0.334538 -0.0852421 137 150 182
0.116718 0.304031 -0.0758124 151 81 172
-0.0325238 -0.317239 -0.172585 120 157 118
0.220955 -0.143269 -0.0578841 249 129 203
0.0805483 -0.153196 -0.329106 131 202 90
-0.244673 0.159545 0.0492926 163 198 99
-0.252297 -0.138289 0.0821349 100 215 99
-0.316681 -0.0703443 -0.2685 52 172 107
0.155675 0.196194 0.235593 76 71 17
0.308622 -0.0150285 -0.325724 66 106 220
-0.266561 0.169585 -0.194064 115 197 134
0.109116 0.258667 0.0997974 135 68 83
0.155044 0.222209 -0.17855 198 111 159
-0.00233878 0.112508 -0.347671 149 229 132
-0.0631645 0.0276631 0.544578 52 133 117
-0.189063 -0.232684 -0.240964 73 172 101
-0.031733 0.331138 0.108763 108 98 189
0.154152 -0.319042 0.0831215 64 41 140
-0.125389 0.26177 -0.085333 227 181 115
-0.0464276 -0.157073 0.287179 125 166 32
0.0779026 0.266113 0.12977 136 100 109
-0.115727 -0.0177569 -0.338939 165 246 138
0.144784 -0.109814 -0.0767387 199 87 39
-0.0971821 -0.147556 0.288784 102 198 35
0.177681 0.0875127 -0.341588 104 124 131
0.0558188 0.0454655 0.536869 93 158 155
0.102119 0.308928 -0.231416 41 107 143
-0.178712 0.19931 -0.0405887 203 146 49
-0.304461 0.127969 -0.0842046 119 171 100
0.044077 -0.00796294 -0.34169 153 214 105
-0.190044 0.105654 -0.341317 78 199 121
0.0157693 0.296896 -0.255826 99 188 200
0.0958473 0.318187 -0.0215797 124 79 161
-0.224892 0.180712 0.0868096 156 203 122
0.174171 0.143152 0.270167 100 132 103
0.204692 -0.125034 -0.342127 115 121 187
0.0426547 0.291476 0.12316 142 121 170
-0.194885 -0.221402 0.00435044 148 188 116
0.121468 0.226975 0.204397 91 68 7
0.192909 -0.316437 0.0689799 51 56 158
-0.301713 -0.0596093 0.0578055 91 217 122
0.172083 -0.047513 0.348797 88 154 138
0.0635262 0.361218 -0.1931 6 112 123
0.341423 -0.164619 -0.334458 17 60 108
0.128053 -0.292419 0.103236 109 33 154
-0.152002 -0.251211 -0.122959 191 200 139
-0.0300558 -0.0757807 0.487803 53 148 121
0.149084 0.213396 -0.163578 214 129 159
-0.0273759 0.178954 0.464471 49 129 120
0.130076 0.327442 -0.112961 76 48 121
-0.213342 0.203768 -0.120946 202 196 125
0.027181 0.394403 0.00892932 16 88 79
0.109031 0.361885 -0.137931 15 80 81
0.133144 0.000340728 -0.344436 178 189 180
-0.027424 0.203365 0.236794 234 168 85
-0.135887 -0.156761 0.241999 86 223 97
0.093922 0.331934 0.0110612 86 53 131
0.0388002 0.199124 0.364413 139 158 140
0.0404033 0.386592 0.0341582 12 61 69
-0.0046993 0.238705 -0.294307 133 228 172
-0.075652 0.19608 0.264299 211 171 65
-0.241302 -0.0265436 0.189917 120 242 117
0.146088 -0.195754 0.0801385 202 66 201
0.0277777 -0.0182736 0.536895 76 146 135
0.00256399 0.385583 -0.036119 65 123 121
-0.101119 -0.162234 -0.335232 88 215 149
0.318422 -0.20104 -0.0712468 104 40 133
-0.187176 0.196711 -0.00778199 210 163 70
-0.165608 0.0323923 0.405796 102 198 156
0.140016 -0.330693 -0.167036 63 135 143
-0.18812 0.206039 0.0286281 216 185 117
-0.128664 -0.1294 0.286829 112 221 64
-0.0149649 0.000889461 -0.341084 156 224 98
0.112027 0.170624 0.356507 134 171 131
0.114681 0.116221 -0.134943 219 105 21
0.00782486 -0.135169 0.290821 189 157 70
0.257136 0.0236074 -0.332561 100 135 206
0.0771919 -0.336293 0.0451959 66 59 109
0.0855174 0.237971 0.207516 131 95 49
0.1247 -0.0277782 0.155219 233 68 91
-0.344314 0.0351575 -0.2008 71 202 133
-0.139178 0.143727 0.343669 145 195 89
-0.0115033 -0.219158 -0.322362 87 187 131
-0.0748876 0.185107 -0.33511 115 232 135
-0.230353 -0.120784 0.139324 111 236 117
-0.139504 -0.107898 0.30334 129 226 78
-0.162816 0.124958 0.320279 131 198 60
-0.143736 -0.0245165 0.416572 101 203 166
-0.11081 0.272474 0.150602 102 126 89
-0.197853 0.191771 -0.0436649 207 157 57
0.0695034 0.0814229 -0.347012 159 189 134
0.0690388 -0.0830019 0.464535 72 156 120
0.134655 -0.270239 0.109173 136 40 168
0.0723564 0.307192 0.103966 118 87 130
0.176365 -0.0209653 0.394216 89 159 118
-0.17608 -0.0742339 0.287811 134 242 103
0.342375 -0.0681149 -0.34271 15 61 171
0.0803993 -0.0864715 0.158805 222 56 31
-0.0737799 -0.260083 -0.0126242 215 180 111
-0.110329 -0.210049 0.187147 56 160 82
0.307694 -0.183884 -0.00951706 72 36 129
-0.113917 0.300886 -0.1175 193 187 151
0.0365747 -0.28218 -0.265767 97 174 133
-0.251265 -0.213882 -0.18478 70 166 108
0.025975 -0.26989 0.109738 111 59 93
0.0849869 -0.219561 0.101669 182 68 157
-0.0773065 0.319756 -0.062023 190 181 164
0.0296954 0.223361 0.212771 210 154 106
0.167279 0.0617293 -0.165512 242 122 78
-0.0114823 0.158901 -0.340833 133 233 132
0.268114 0.00323845 -0.333205 107 140 224
0.221958 -0.0156252 0.266463 37 53 81
0.237994 -0.322396 -0.114252 64 93 161
-0.0491826 -0.0192933 -0.339718 158 227 101
0.125775 0.328817 -0.102848 82 53 127
-0.071081 -0.287668 -0.151628 178 192 144
0.0804217 0.218346 0.30257 131 135 107
-0.223395 -0.231834 -0.178848 95 168 119
0.0597365 -0.255694 -0.272439 138 201 157
0.0271116 -0.0884464 0.474574 66 155 121
0.136997 0.20953 0.180539 94 59 7
-0.174384 0.081819 0.355868 123 207 96
-0.100403 -0.159289 0.270225 89 202 41
-0.19111 -0.245063 -0.113601 158 181 140
0.159226 -0.268594 -0.230116 155 160 138
0.0999051 0.283864 -0.017815 181 102 185
0.222894 -0.137978 -0.120016 234 105 144
-0.222211 0.167823 -0.301205 39 184 75
-0.167361 0.0891721 0.372036 116 193 118
0.154726 -0.0203484 0.46409 68 142 89
0.215375 0.0965062 -0.19241 202 77 129
-0.234591 0.0547572 0.216844 114 240 127
-0.00334186 -0.316639 0.0222091 122 117 118
0.157398 0.210793 -0.198056 189 101 135
-0.0166621 -0.128621 -0.336995 147 240 136
-0.149518 0.229178 0.18404 86 150 39
-0.233867 -0.21299 -0.230689 59 170 105
0.0756688 -0.270019 -0.251879 149 199 161
0.224006 -0.00708159 0.237736 51 22 78
0.158144 0.0228297 0.164065 219 81 151
-0.0124829 -0.138294 0.322956 153 178 62
0.0993639 -0.063084 0.138472 226 58 33
-0.327196 -0.127899 -0.108452 70 197 112
-0.123603 -0.246736 -0.0917652 215 186 111
-0.166282 0.158808 -0.335858 65 201 95
0.00832561 0.20285 0.399384 116 143 142
-0.14687 0.276356 -0.132916 195 184 142
0.15491 0.00356179 -0.090244 229 139 40
-0.252631 0.0770218 -0.325464 42 181 97
0.0791251 0.330646 -0.222174 36 118 150
0.267482 0.00172714 -0.182515 203 73 212
-0.353022 -0.034239 -0.162409 89 210 140
0.119298 -0.21257 0.093359 191 62 188
0.115269 -0.0806067 0.00143034 222 106 46
0.0733623 0.153979 0.485264 59 146 112
0.0930154 0.177402 0.40641 96 162 128
0.168858 -0.0372346 0.373493 89 162 134
-0.0344263 0.137788 -0.346193 138 240 136
-0.169181 0.188298 0.219665 90 178 41
0.157484 0.141336 0.409728 91 155 124
0.0920052 0.147622 0.476923 69 148 113
0.357236 -0.153071 -0.331569 13 57 107
-0.262212 -0.101761 -0.31601 40 175 95
-0.119654 0.212314 0.221302 160 177 81
0.11153 0.356989 -0.11712 31 86 90
0.0719969 0.113355 0.514742 73 150 131
0.135084 -0.10116 0.305013 150 117 156
0.104432 0.210301 0.309906 111 122 91
-0.0630214 -0.206956 0.216881 72 145 63
0.181484 -0.0844574 -0.341866 152 152 211
0.106466 -0.0734174 0.0943722 210 71 24
-0.210479 -0.0368112 -0.339295 110 217 151
-0.0441391 0.255686 -0.289251 113 225 162
0.137628 -0.0714812 0.388095 95 161 137
0.250859 -0.238636 0.0837069 54 42 135
0.177189 -0.27944 -0.21884 140 149 143
-0.301207 0.0899833 0.0332084 88 198 72
-0.229724 0.194891 -0.251906 60 184 96
0.15051 -0.206683 0.0906574 195 63 204
0.12213 0.293874 -0.0817171 156 79 175
0.12625 0.00783284 0.494327 77 147 110
-0.0380582 0.389014 0.0303095 28 64 94
0.134792 0.21484 0.194846 87 62 1
-0.282743 0.0350433 -0.317189 37 175 90
0.11769 0.12688 0.130179 234 120 93
0.0989797 0.117349 0.0645758 234 120 46
-0.223744 -0.225369 -0.0403509 123 160 115
0.194377 0.0286131 0.335889 108 172 142
-0.119225 -0.0461093 0.438444 84 185 167
0.0575377 0.381265 -0.158405 2 113 94
-0.239812 -0.226798 -0.133663 101 157 111
-0.326387 -0.122213 -0.0724419 73 203 106
0.0209442 0.385186 -0.146008 24 119 99
0.228252 -0.103011 -0.343682 109 131 224
-0.134362 0.29504 -0.147631 166 172 135
-0.25265 0.140589 0.102845 101 215 104
0.0625848 -0.337329 -0.0298591 105 127 170
0.187524 0.0537674 0.38755 108 168 135
0.155147 0.0153403 -0.345948 170 174 197
0.0237076 -0.232171 -0.306223 106 189 141
0.119958 0.268163 -0.254195 61 114 107
-0.289157 -0.186262 -0.114579 56 170 87
0.0712495 0.163332 0.475306 62 147 112
0.152115 -0.283618 0.106564 99 32 162
-0.217043 0.198069 -0.111786 203 192 117
-0.0371486 -0.0906014 0.461195 61 158 127
0.228599 -0.197646 -0.324614 70 102 92
0.115517 -0.27894 0.106385 121 36 159
0.0312414 0.207848 0.289549 203 165 131
0.245293 0.0181259 -0.336656 112 143 215
0.152175 0.25233 -0.156585 182 100 177
0.277558 -0.12295 -0.207216 185 86 162
-0.103932 0.318655 -0.139352 160 170 143
-0.151341 -0.23079 -0.0169488 195 191 115
0.178573 0.0824576 0.365004 133 179 154
-0.0806964 0.12414 0.505685 35 131 113
-0.250493 0.0663874 0.175266 103 243 139
0.218104 0.0705194 -0.179499 226 84 144
-0.173713 0.0277372 0.379159 119 214 136
0.0749839 0.140257 -0.0165492 212 100 39
0.187821 0.0485764 0.342615 122 176 152
0.0332744 -0.285809 0.0972775 96 49 88
-0.13657 -0.159845 -0.334576 87 217 142
-0.0438263 -0.290483 -0.117042 203 195 147
0.0661427 0.177238 0.455647 65 144 115
0.0428862 -0.122988 0.198406 226 90 48
-0.0692525 -0.268429 -0.0019797 205 185 125
0.176685 -0.303898 0.0917534 69 37 153
-0.143727 -0.0760988 0.342213 139 230 104
0.216416 -0.0306871 0.262815 36 46 78
0.0524197 -0.276796 0.102873 120 54 120
0.198521 -0.0568974 -0.185701 219 71 102
0.0781925 -0.106408 0.133981 213 62 22
0.201676 0.0885092 0.278076 100 127 146
0.2895 -0.0683056 -0.344713 76 112 227
-0.162076 0.273894 -0.18101 133 157 107
0.0608605 0.173292 0.467992 62 145 113
0.151026 -0.0794943 0.338545 105 131 147
0.177612 0.0669128 0.448971 69 138 94
-0.0254383 0.173698 0.475926 42 129 116
-0.268381 -0.0748529 0.11006 106 226 113
0.0802341 0.184975 0.395351 105 164 133
0.367774 -0.0752628 -0.337346 3 63 128
0.264429 -0.291763 0.0404282 43 97 152
-0.0905179 -0.273948 -0.145694 203 201 135
0.041613 -0.0971699 0.452857 79 162 127
0.237593 -0.130973 -0.342941 77 104 175
0.0320995 0.199565 0.410997 98 143 133
0.287684 -0.180832 -0.135236 192 78 153
0.105515 -0.348034 -0.0213372 65 109 162
0.0814179 -0.10976 0.259972 209 143 126
-0.123403 -0.0580817 0.407933 124 212 156
0.162779 -0.0377293 -0.120693 204 98 26
0.171012 0.126043 0.412591 84 150 118
-0.229223 0.0342808 0.233115 117 242 118
-0.140902 0.0679882 -0.343496 151 244 158
-0.199671 0.178157 0.193484 75 174 50
0.10439 0.193193 0.048395 225 122 116
-0.0246755 0.235581 0.171688 228 163 123
0.146255 0.0139412 -0.0649629 242 158 66
0.117375 -0.0478455 0.0491419 219 110 47
-0.159195 -0.231959 -0.0246972 186 191 127
-0.0436731 0.00383038 -0.340736 161 226 100
-0.0708428 0.188454 0.345596 182 193 137
0.286787 -0.294311 -0.0300285 57 93 176
0.0755658 -0.252344 0.107028 151 59 150
-0.246651 -0.186651 0.0245015 91 184 89
-0.135378 -0.263296 -0.210278 129 180 110
-0.053039 -0.278024 -0.0120401 205 192 140
-0.0472999 0.297629 -0.256769 87 202 160
0.161252 -0.106976 -0.113828 198 78 40
0.141109 0.144149 0.361888 127 177 141
0.11929 0.0888315 -0.347463 141 160 126
-0.0448903 -0.116243 0.393744 108 188 98
-0.140475 0.243818 0.171216 86 134 48
-0.230163 -0.230994 -0.156059 100 164 117
-0.0800434 0.00854748 0.533303 41 131 112
0.0819055 0.292265 0.107712 115 80 114
-0.257336 -0.104319 0.107236 104 224 111
-0.115494 0.267017 -0.0752806 225 186 122
-0.0035937 0.185427 -0.328634 131 226 129
0.217301 -0.235065 -0.268816 121 118 91
0.0962069 0.328508 0.0220825 81 49 124
0.000347952 0.322603 0.112595 115 107 194
0.273186 -0.151903 -0.0327541 158 46 193
0.150218 0.203836 -0.269753 102 114 42
0.0176313 0.396639 0.00268508 20 94 87
-0.024248 0.0156421 -0.3417 157 225 100
0.129251 0.24501 -0.264092 82 126 84
0.141806 -0.0365578 0.467066 66 142 89
-0.178015 0.254196 -0.21816 82 158 79
0.0224004 -0.138038 0.223614 210 121 65
0.151855 -0.0539526 -0.0776254 205 119 47
0.159542 -0.0176713 -0.104522 211 124 36
0.0535961 -0.227191 0.120525 171 71 123
-0.0934244 0.329496 -0.161562 111 155 121
0.0953598 -0.0691822 0.149412 230 60 43
-0.300265 0.134821 -0.181575 94 199 129
-0.0260231 -0.252607 -0.308765 31 150 86
-0.164291 0.175164 0.2417 118 191 35
0.192024 -0.35026 -0.0576848 52 118 188
0.0933069 0.137713 0.485232 67 147 114
0.128898 0.153675 -0.16483 242 116 86
0.128766 -0.00349872 0.490036 72 145 101
-0.137558 0.202305 0.227061 132 180 53
0.106986 -0.25245 0.106812 150 51 163
0.117595 -0.0417787 0.0577881 218 100 33
0.0452875 -0.155632 -0.33132 139 217 99
0.155772 0.235925 -0.205785 160 85 136
-0.0666683 0.185768 0.389696 147 169 162
0.0927655 -0.341728 0.0204132 59 77 140
-0.101957 -0.239855 -0.0423174 217 161 77
0.0432842 -0.0888551 0.468596 70 157 123
0.0949883 -0.0860069 0.117599 212 60 19
0.0724799 -0.339694 -0.0193504 82 109 157
-0.33402 0.0016926 -0.247415 56 181 119
-0.268716 0.0138654 -0.328179 45 180 99
-0.0658824 0.262616 0.161856 175 167 158
0.140167 0.168741 -0.172948 238 119 101
-0.217315 -0.117801 0.166227 115 249 134
0.208024 -0.181733 0.061213 188 41 222
0.202087 0.061916 -0.173898 242 113 128
-0.0516388 0.348051 -0.0889579 138 160 155
-0.00721319 -0.316518 -0.11493 163 179 157
-0.127542 0.239346 -0.291702 59 201 97
0.279434 -0.103359 -0.344737 63 102 198
-0.153852 0.260879 -0.120448 205 184 135
-0.309926 0.100033 -0.00821006 93 184 68
0.221095 -0.189755 -0.329969 72 105 94
0.190458 -0.256459 0.105859 109 27 181
0.10881 0.113697 0.120295 244 120 78
0.235685 -0.258368 -0.219587 127 115 96
0.222774 0.019064 0.222467 86 18 102
0.122496 0.117124 0.14746 222 124 126
0.0229335 -0.0454218 -0.340016 157 223 96
0.159406 -0.348388 -0.133443 42 113 140
-0.116378 0.142185 0.426815 88 158 151
0.22431 -0.0690629 -0.193975 230 94 151
-0.170168 0.203336 -0.0296887 207 137 44
0.249229 -0.144895 -0.0640548 219 92 209
0.181588 -0.344027 -0.0149043 57 114 192
0.0772009 -0.161395 0.0800456 215 50 87
0.00472291 -0.0192434 -0.340447 156 219 98
-0.313223 -0.143076 -0.0598021 67 196 94
-0.341338 0.0103683 -0.223842 70 196 135
-0.204584 0.0975034 0.263254 112 217 61
-0.0599261 0.0105406 0.542633 50 133 116
0.189519 -0.0640814 0.240695 92 24 101
-0.141854 -0.226585 0.0680664 145 201 127
-0.068529 0.196692 -0.329682 116 234 137
-0.240941 0.154245 0.121917 98 194 103
0.200025 -0.0495825 -0.343624 160 163 237
0.128556 0.328785 -0.172589 30 58 103
-0.239494 0.194989 -0.171671 151 193 133
0.303192 -0.19727 0.0227811 56 44 115
-0.213687 -0.18097 -0.302555 37 172 90
-0.0223446 0.281614 -0.268572 114 218 185
0.10196 0.121392 0.0855768 242 125 63
0.326184 -0.0982415 -0.346078 15 61 159
0.280081 -0.248304 0.0601821 43 57 113
-0.236535 -0.117961 -0.324215 44 183 106
-0.25802 0.160754 -0.0232903 169 187 98
-0.0870961 0.0130752 0.52994 40 132 113
-0.132755 -0.262438 -0.227122 104 176 98
0.109863 0.288272 0.0299474 138 57 151
0.234047 -0.325619 -0.0295984 65 119 204
0.137965 0.0714028 -0.126999 229 125 27
0.00734944 0.0443445 0.550342 83 144 148
0.117901 0.278238 -0.247612 63 115 111
0.277644 -0.139238 -0.202563 175 84 145
-0.188091 0.200948 0.0132816 219 172 93
-0.18673 0.0583715 0.332931 125 218 83
0.00541795 0.204226 0.260492 232 174 119
-0.126547 0.135387 0.415851 95 166 150
0.273157 -0.290392 0.0300213 46 100 154
0.21873 -0.335914 -0.0426674 60 118 201
0.0951362 0.32918 -0.0524465 111 86 149
0.216159 -0.0942488 -0.343318 120 133 223
0.280524 0.0829643 -0.284235 57 77 121
0.0995767 -0.0664045 0.168309 230 67 77
0.267108 -0.0305388 -0.340325 115 140 249
-0.0910738 -0.0343217 -0.338861 164 245 129
0.085652 -0.319176 0.0794612 71 43 113
-0.140982 0.223022 -0.0404051 208 125 50
0.140268 -0.014472 0.160025 226 68 131
0.159117 -0.03657 0.448619 69 142 89
0.0387795 0.285674 -0.263501 110 191 180
0.0988143 0.277216 -0.0405807 186 105 189
0.14137 -0.0553473 -0.0489028 218 129 61
0.0620436 0.372949 0.0318117 24 70 84
0.169613 0.0298811 -0.153614 239 120 76
-0.182651 -0.202404 0.0765648 127 211 109
0.193047 0.0152082 0.182125 135 17 137
-0.093947 -0.248491 -0.00195228 213 177 110
0.0393431 0.222382 0.243228 199 154 118
-0.104594 -0.0994013 0.362453 125 216 88
-0.215376 -0.0695502 -0.337553 98 212 145
0.103853 -0.285989 0.102953 113 37 149
0.116213 -0.0685179 0.454495 73 147 105
0.134623 -0.21197 0.0940467 194 65 192
0.131655 0.219118 0.203791 83 65 0
-0.210776 -0.178154 0.0904654 110 222 105
0.188047 0.0424589 0.388725 110 168 137
-0.110026 0.315013 0.00960408 186 170 182
-0.0240534 0.16691 -0.338614 133 236 134
-0.208589 -0.124657 -0.331147 61 197 124
0.186019 0.116897 0.241578 106 99 134
0.147128 0.140975 0.335733 137 180 148
-0.175933 0.221904 -0.0989837 221 169 91
0.138089 -0.0390662 -0.0354958 224 143 80
0.275597 0.0671374 -0.206924 145 39 138
0.0624032 -0.135591 0.138587 211 67 33
0.244997 0.0814853 -0.319516 68 110 132
-0.300337 -0.0626494 -0.295863 42 169 92
-0.240296 -0.0062195 0.200623 122 243 122
0.0155477 0.176167 -0.333021 135 210 123
0.224873 -0.266145 -0.219618 126 120 108
0.092492 0.318547 -0.227764 33 105 142
-0.287711 -0.12796 -0.278757 37 167 91
0.0857437 -0.339809 0.0325027 61 72 133
0.0819711 0.151661 0.0233933 240 107 58
-0.0762404 -0.143688 0.307462 113 188 28
-0.0387939 -0.254889 0.147469 61 105 48
0.140252 -0.358392 -0.0526684 52 119 175
0.31804 -0.205732 -0.0130451 55 50 114
0.273069 -0.00869584 -0.186634 198 73 216
-0.00475304 0.311256 0.118909 128 119 199
-0.0988642 0.131166 0.4808 47 133 130
-0.296165 -0.11537 0.0275424 83 208 114
-0.148938 -0.143594 0.243835 96 232 106
-0.00497522 -0.303853 -0.0440668 192 199 169
-0.31079 0.117401 -0.0633231 113 167 87
-0.228719 0.0856722 0.219564 109 234 120
0.0684991 0.140806 0.499972 63 145 119
0.142548 0.257941 -0.122508 193 112 191
0.185198 0.0510782 -0.345746 128 140 178
0.109254 0.153532 0.454169 72 147 115
-0.084803 0.296848 0.130969 123 124 156
-0.337998 -0.094483 -0.0700836 82 210 118
-0.166185 -0.151354 0.210011 98 239 141
-0.0764153 -0.250012 -0.0645245 216 156 76
-0.193462 -0.0896227 0.239005 125 251 123
-0.334559 -0.0784355 -0.215559 73 189 132
0.117644 -0.0115799 0.0613744 220 107 34
-0.339142 -0.0884776 -0.176741 81 201 133
-0.0789367 0.268425 -0.279649 77 207 122
-0.152621 0.0675685 -0.343318 146 239 158
0.157514 -0.0228953 -0.0921784 215 134 45
0.278289 -0.300389 -0.0504994 68 96 191
0.130592 0.0669412 -0.0735172 223 156 63
0.186559 0.0258144 0.387776 103 167 133
0.32448 -0.0609118 -0.34267 39 74 203
-0.223596 0.111808 -0.330604 44 186 93
-0.0362422 -0.182347 0.244574 123 143 54
0.153235 -0.296135 0.101867 87 32 155
-0.198796 -0.164492 0.135106 112 241 137
-0.13028 -0.0939362 0.33607 131 222 82
0.0166615 -0.254866 -0.296223 95 175 133
0.242674 -0.159387 0.0180267 194 51 233
-0.104116 0.18164 0.293086 180 185 72
0.102972 0.0987678 0.0721674 234 116 41
0.0930567 0.339435 -0.0603871 92 88 135
0.131168 -0.154673 0.00219311 227 77 132
-0.13343 -0.25552 -0.129097 195 201 134
-0.157861 0.0291063 0.427531 83 186 159
-0.335462 0.0649227 -0.205348 56 195 125
-0.137295 0.180481 -0.332202 68 208 101
0.123505 0.311808 -0.0874423 124 65 154
-0.33897 -0.0859986 -0.0584288 84 212 120
-0.088896 -0.283194 -0.172477 171 190 136
0.0514953 0.231535 0.214711 178 133 92
-0.253892 0.137502 -0.293843 36 180 86
0.111755 -0.107373 0.301488 181 137 152
-0.353957 -0.0353124 -0.151382 89 210 138
0.00541705 -0.297494 0.0827333 82 58 73
0.242258 -0.311295 0.0237801 53 101 180
0.0826442 -0.283076 0.10138 131 49 146
0.307239 0.0566382 -0.260824 62 54 130
-0.102669 0.096176 0.507176 35 132 118
0.0143091 0.201158 0.307295 202 178 145
-0.245142 0.117498 0.164483 85 221 126
-0.189148 0.0837984 0.30759 120 217 67
-0.164908 -0.0560039 0.32988 139 237 109
-0.198086 0.204596 -0.0954016 214 179 97
0.0299447 -0.226532 0.144108 151 79 96
-0.185529 0.0701867 -0.342417 112 217 147
0.0757154 -0.105949 0.364583 158 180 158
0.198247 0.0507821 0.194661 122 26 134
0.111685 0.232554 0.221588 103 74 22
0.0209279 0.220984 0.207742 225 156 101
0.0644566 0.366312 0.0458794 26 49 85
-0.208076 -0.0393112 0.257439 127 243 107
-0.181937 -0.17273 -0.323413 39 188 100
0.0960449 0.173786 0.422251 94 158 127
-0.194293 0.215133 -0.112279 210 188 112
0.137686 -0.0876365 0.340579 114 133 153
0.0337996 0.34315 -0.218758 48 142 172
-0.141888 -0.113253 0.292822 123 229 78
0.320827 -0.20517 -0.0493478 73 44 122
-0.236446 -0.150274 0.0935541 104 219 100
0.122695 0.213743 0.0879222 185 87 95
0.131355 -0.0152089 -0.343636 170 190 175
0.280072 -0.161884 0.000201421 132 32 186
0.15369 -0.0497296 0.439312 75 147 99
0.00911043 -0.224026 0.166438 144 94 81
-0.256946 0.16678 -0.0739278 181 188 112
-0.0317514 0.157239 0.498675 36 130 108
-0.121223 -0.217857 0.160665 59 168 96
0.175443 -0.0372028 0.352739 87 155 138
0.11851 0.0873617 -0.0703024 209 139 60
0.155303 0.243764 -0.187536 160 76 156
-0.0297594 0.354697 -0.19179 42 150 130
-0.277258 0.0560274 0.117587 100 232 117
-0.338693 0.0678802 -0.184544 64 200 120
-0.097519 0.115332 0.498647 38 132 120
-0.153921 -0.234657 -0.278241 53 173 79
-0.237805 -0.0735673 0.167985 117 243 117
-0.295569 0.0892682 -0.277462 36 175 99
0.360419 -0.0939616 -0.342533 5 60 111
0.130985 -0.0785174 0.204017 201 78 131
0.043357 0.0239012 0.541278 91 153 155
-0.241175 -0.213767 -0.214245 63 168 107
0.0693805 -0.035504 0.513798 77 150 123
-0.141208 0.26298 -0.256018 50 184 65
-0.0248692 -0.0995387 0.449795 68 162 124
0.0623544 -0.0318756 0.518902 75 149 126
-0.192083 0.0964682 0.289648 117 217 60
-0.0435694 0.022667 -0.341629 159 231 106
0.236754 -0.176907 0.0521354 173 32 221
0.0758762 -0.0391259 -0.341522 153 203 109
-0.0871328 0.00368642 -0.339916 167 236 115
-0.196163 -0.212859 -0.277758 50 174 90
0.175666 -0.353047 -0.0461214 53 117 188
0.163557 0.114122 0.350302 132 178 153
-0.0323428 -0.141478 0.320657 135 179 39
0.0266396 -0.10431 0.443192 84 165 128
0.019129 0.178874 0.476489 49 134 107
-0.164401 0.134208 0.300039 133 194 45
0.00190369 0.203413 0.375556 145 155 151
0.181948 0.0738007 0.342691 123 178 155
-0.323278 0.0993239 -0.189612 65 195 117
-0.125983 0.305569 0.0516033 166 146 158
0.234601 -0.142312 -0.103379 233 111 168
-0.132576 -0.246621 -0.276994 47 168 70
-0.172927 -0.0676602 0.300945 135 241 103
-0.198342 0.219898 -0.258774 51 183 74
0.284867 -0.113268 -0.213813 178 88 175
0.094346 0.216247 0.304991 120 124 97
0.262871 0.0659181 -0.318809 62 110 144
0.154541 0.251374 -0.172153 167 83 163
-0.0183741 -0.300267 -0.0964467 190 193 165
-0.160943 0.238622 -0.272156 48 184 63
0.314709 -0.18628 -0.0591715 114 37 142
0.197076 -0.219698 -0.296101 109 123 102
-0.205047 -0.242397 -0.13308 139 172 134
0.00976608 0.336046 0.10424 96 81 175
-0.0761745 0.338142 -0.0325442 161 160 176
0.216466 -0.0158447 0.287296 47 82 105
0.0478729 0.197378 0.365247 146 156 140
-0.284161 0.110763 0.048886 105 197 70
0.193232 -0.285832 -0.209992 122 127 134
0.187564 -0.190901 0.0741441 193 49 220
-0.058733 -0.110974 -0.336756 153 251 160
-0.20038 -0.113745 0.200663 121 254 139
-0.309381 0.0475719 0.0493797 88 211 94
0.301098 -0.00591166 -0.325071 78 116 224
0.171195 0.168068 -0.224106 184 84 87
-0.170493 0.265499 -0.191927 112 151 96
0.123931 0.210246 0.097172 177 78 75
0.258053 0.0926865 -0.299579 65 91 119
-0.317845 -0.0362086 -0.277726 49 172 105
0.0103746 -0.319872 -0.226815 31 139 58
0.0081038 -0.242277 -0.306774 90 176 132
0.163553 -0.0160693 -0.128844 220 96 35
0.218617 -0.297183 -0.185918 107 109 127
0.166699 0.129331 0.393853 94 157 126
-0.22316 0.0590806 -0.338335 72 195 122
0.223613 -0.27458 0.0902578 54 47 154
-0.10277 0.325544 0.0780235 89 92 126
0.367718 -0.0508991 -0.316498 12 63 147
0.15463 0.114333 0.186099 185 108 149
-0.352424 0.038322 -0.118744 75 210 118
0.0868198 -0.085679 0.142121 216 56 20
-0.0228995 0.112978 -0.347366 147 236 133
-0.204994 0.21066 -0.265385 51 183 76
-0.0176191 0.135497 -0.346525 142 229 131
0.168831 -0.0309696 -0.148005 211 77 54
0.0126904 -0.0802667 -0.338924 156 235 106
-0.233388 0.170742 0.050356 180 198 113
0.203973 0.0446962 0.19857 114 24 129
0.258114 0.104908 -0.273813 84 63 106
0.064189 -0.337298 -0.00484328 92 105 150
0.119005 0.0800237 -0.0560439 219 158 88
0.0834249 -0.355955 -0.100606 64 125 143
0.373979 -0.11504 -0.28857 23 41 115
0.0298794 -0.120564 0.373225 146 187 125
0.184854 0.00459654 0.176999 154 24 146
-0.0120757 -0.21631 0.190795 115 124 80
-0.0923013 -0.260682 0.0372209 179 184 138
-0.0137341 0.213152 -0.312331 130 236 150
-0.122303 0.0111908 0.49388 40 141 135
-0.296031 0.023372 -0.307418 37 173 89
-0.210254 -0.240464 -0.14815 132 176 131
0.167243 -0.0433226 0.364488 89 159 137
-0.265273 0.0280582 0.148076 114 239 129
-0.0458196 -0.2415 0.168347 65 122 57
-0.17886 -0.234666 -0.0385901 167 182 138
-0.227925 -0.0982669 0.165905 115 243 123
0.179041 -0.315402 0.0785676 60 42 150
0.125836 0.21603 0.14975 113 61 22
0.0140021 0.201764 0.353427 157 163 149
0.0531976 0.377523 -0.0172111 48 107 103
-0.00970893 -0.310706 -0.00513887 173 178 156
0.149648 -0.311643 -0.186189 102 148 163
-0.0501584 -0.269061 -0.0810754 224 185 114
0.160109 -0.260908 -0.238481 160 164 134
-0.295461 -0.00511957 -0.309059 41 173 91
-0.172897 0.06254 -0.342619 132 229 157
-0.161302 -0.171216 -0.329178 56 199 120
-0.0924184 0.28694 0.140309 126 133 138
-0.122515 0.233194 -0.298673 61 205 98
-0.00551335 0.0252111 -0.34257 156 226 108
0.0624075 -0.245955 -0.277883 150 207 158
0.171572 0.128586 0.299046 120 167 142
-0.131279 0.201001 -0.321241 69 208 104
-0.0138429 -0.127901 0.37079 122 180 90
-0.0854403 -0.152201 0.288688 99 191 28
-0.255914 -0.175082 -0.273092 37 166 92
-0.0550528 0.294434 0.134933 148 142 188
-0.254562 0.0322946 0.171708 113 244 136
-0.189967 0.246163 -0.205376 111 160 97
-0.241243 0.156403 0.112161 98 195 104
-0.17033 -0.115283 -0.336858 116 230 158
-0.222801 0.19609 -0.118924 199 198 127
-0.0670844 0.0841636 0.536255 46 134 116
0.0418398 -0.118473 0.20851 228 100 55
-0.280057 -0.155074 0.0135292 77 195 95
0.0624748 -0.327036 0.0619954 69 52 100
0.241873 -0.144187 -0.117255 225 102 169
-0.0142775 0.0292776 -0.342649 157 227 108
0.301388 -0.115217 -0.22635 165 78 178
0.239982 -0.272384 -0.19835 116 106 110
-0.327989 -0.108023 -0.203156 68 187 126
-0.0851339 0.226096 0.205721 194 177 109
0.177167 -0.0725829 -0.167275 198 67 56
0.11424 -0.106155 -0.0206394 203 80 47
0.0994151 0.0140488 0.513592 87 154 132
-0.0554918 0.192941 0.368668 167 179 159
-0.0329551 -0.133188 -0.336552 147 243 157
-0.0275623 -0.295381 -0.0177988 186 192 160
-0.170005 -0.237226 -0.0478928 178 188 136
0.0667624 0.208348 0.318812 161 153 122
0.020383 0.0423721 0.547926 86 146 150
0.114787 0.060836 -0.347066 162 183 167
0.115143 0.147446 0.106748 226 123 88
0.159577 0.188329 0.24924 77 77 27
-0.26084 0.162535 -0.0516069 176 186 104
0.259935 -0.232531 0.0781951 57 33 133
0.0607324 -0.3462 -0.160901 51 144 79
0.10492 -0.335658 -0.172534 67 157 127
0.172089 0.151689 -0.209904 204 92 93
-0.161863 -0.249432 -0.116318 185 198 140
-0.0447843 -0.064236 0.497172 44 144 120
0.156511 -0.0527914 0.397337 84 158 120
-0.0651927 0.341085 0.0912996 65 72 147
0.239411 -0.143833 -0.0754463 229 106 210
-0.153913 -0.188632 0.169639 78 211 133
0.0461543 -0.341663 -0.0961932 126 139 170
-0.290107 0.146565 -0.153081 114 194 127
0.0470713 0.223452 -0.305765 124 192 129
-0.182158 0.254454 -0.195394 115 156 100
-0.227925 -0.222546 -0.211489 75 170 112
-0.315079 0.0851736 0.00094721 80 191 67
-0.194244 -0.0375827 0.287254 131 241 105
0.068542 0.382404 -0.11288 30 119 91
-0.172827 0.254789 -0.227444 64 167 68
-0.333042 0.0147025 -0.247216 55 180 121
0.259172 0.0263801 -0.179365 201 62 186
0.155821 0.140087 0.42212 83 150 115
-0.077119 -0.110818 0.373899 122 201 84
0.315149 -0.195923 -0.0157311 63 43 120
-0.137902 -0.22048 -0.308528 31 182 83
0.164025 0.104902 0.192642 174 105 163
0.156251 -0.102568 -0.105813 187 80 22
-0.0654035 0.222693 0.205777 221 172 104
0.117806 -0.32597 0.0775327 59 45 126
-0.0569075 0.345383 -0.188623 62 150 112
0.304284 -0.108079 -0.345244 25 70 164
-0.184781 0.245835 -0.152946 180 186 136
0.0809201 0.131539 -0.0280741 207 102 38
0.111672 0.141667 -0.1443 227 104 37
0.0740898 -0.0227387 0.517996 79 151 127
-0.14878 0.245957 0.15966 75 132 35
0.119231 0.239885 0.0836453 166 71 92
-0.0620043 0.203 -0.325716 117 235 139
0.0940751 -0.341825 -0.166383 49 149 107
0.173519 -0.081727 0.27656 88 47 115
0.271275 -0.210049 -0.198977 149 93 110
-0.0955904 0.317818 -0.0192327 194 181 180
0.136297 -0.0104551 0.482818 71 143 97
-0.0251438 -0.302501 -0.112441 189 195 162
-0.108122 -0.00707505 -0.339279 165 242 128
-0.329278 -0.0851625 -0.228188 64 181 123
-0.249109 0.179083 -0.131475 176 202 133
-0.184803 0.176411 0.216515 88 182 45
-0.197697 -0.0556196 0.265147 129 245 107
-0.0246781 -0.303519 -0.252759 21 141 55
0.0886332 0.3693 -0.0991055 54 101 105
-0.34551 0.0600217 -0.148713 68 204 120
-0.253189 -0.208552 -0.202948 62 170 109
0.106053 0.0642494 0.109571 230 92 34
0.128541 -0.0180366 0.154652 232 70 114
-0.287291 -0.00143009 0.103194 109 230 120
0.175184 0.134626 0.280585 110 151 128
-0.12407 -0.141598 0.27516 95 214 60
-0.300416 -0.030768 -0.301982 42 169 93
-0.0888366 0.308163 -0.0840245 204 189 155
0.234087 -0.20075 0.0779808 129 15 196
-0.212108 -0.227938 -0.0347953 141 167 128
0.110175 0.0405405 0.121207 229 82 47
0.339168 -0.0385192 -0.33044 26 70 185
0.367182 -0.0459964 -0.30394 20 64 158
-0.33292 0.0900844 -0.11848 74 187 96
-0.31517 0.113992 -0.185329 76 197 121
0.127274 -0.212607 -0.288599 166 170 122
0.120748 0.0332363 -0.345837 171 186 174
0.128214 0.318734 -0.191117 41 66 121
-0.301934 0.0459238 0.0667514 90 216 102
0.387064 -0.100443 -0.319796 10 58 103
-0.0225021 -0.107214 0.435057 90 175 119
-0.0076902 -0.324133 -0.207039 50 139 60
0.254075 -0.224246 0.0804416 66 26 143
-0.159878 -0.142924 0.229776 101 240 129
0.12004 -0.300985 0.0987553 94 33 142
0.0477422 0.31769 -0.24011 65 152 183
-0.328052 -0.110394 -0.05335 75 206 112
0.182915 0.0541098 0.444747 70 139 96
-0.0863867 0.131318 0.493627 36 131 118
-0.228431 -0.211413 -0.244049 56 168 102
-0.19566 -0.060353 -0.339386 118 227 155
-0.158865 0.260439 0.110144 100 130 63
0.29045 0.0689058 -0.230818 108 32 121
0.224753 0.0112373 -0.171904 238 109 172
0.228977 -0.242737 -0.247647 124 114 89
-0.288809 0.0542952 0.092461 100 222 107
0.066332 -0.160506 0.109733 207 55 75
0.0143109 0.276133 -0.269266 119 204 193
0.0479524 -0.338292 -0.0781232 123 144 181
0.125461 0.18579 -0.14495 247 143 125
0.197495 -0.342761 -0.0304923 58 117 197
0.112001 0.0366923 0.0846358 212 95 17
-0.157568 -0.0381483 -0.338947 147 245 160
0.129714 -0.144897 -0.334863 135 175 110
-0.1704 0.175658 0.234251 99 190 39
-0.194909 0.0782627 -0.341719 95 207 135
-0.0551902 0.221888 0.202526 221 172 104
-0.131575 -0.264163 -0.174792 168 192 130
0.226111 -0.225942 -0.281618 92 104 87
0.122938 0.075245 0.153387 247 115 119
-0.202256 -0.19924 -0.291743 42 173 88
0.149557 0.168664 0.172537 146 70 73
0.29552 -0.105956 -0.345046 36 78 173
-0.161828 -0.245417 -0.0877602 181 191 139
-0.231479 -0.223476 -0.199372 82 170 116
0.0926419 0.327569 -0.0427868 110 88 147
-0.0764028 -0.27117 0.0225686 180 175 140
0.00894072 -0.26712 -0.290535 77 160 118
-0.165055 0.253043 -0.244833 59 171 59
0.0388665 -0.0326461 -0.340725 152 214 97
0.165784 0.00454759 0.461654 70 143 91
-0.241424 0.0565135 0.199725 111 244 140
-0.280528 0.10973 0.063109 103 202 75
-0.324312 -0.0884137 -0.2397 60 177 118
0.0510887 0.138068 0.511595 63 145 122
0.109636 0.194849 0.0567459 217 115 108
-0.0325673 0.362802 -0.0653223 113 138 155
-0.0261171 -0.0620098 0.506642 49 142 117
0.0667429 -0.175946 -0.320235 142 215 103
-0.305251 -0.0886089 -0.278394 45 168 100
0.0505094 0.236274 0.178616 169 117 76
-0.0248382 0.370208 -0.12377 85 135 135
0.120198 0.235772 -0.097989 228 142 192
0.00302992 0.253088 -0.284347 136 219 180
-0.253756 -0.201298 -0.0186864 93 158 93
0.0389124 0.142568 -0.345198 144 194 114
-0.0283964 -0.170806 -0.334224 122 224 150
0.335023 -0.0152161 -0.30507 47 81 198
-0.205555 0.195886 0.0446643 193 198 129
0.0224936 -0.123558 0.365626 153 182 110
0.0865244 0.225687 -0.00202189 224 134 165
-0.0484164 -0.0273642 0.530566 44 133 115
0.0245782 0.313239 0.114564 123 104 181
0.316556 -0.231224 -0.0886886 99 54 136
0.169174 -0.103845 -0.131972 193 69 33
0.299348 0.0107862 -0.204391 138 48 182
0.013706 0.378493 -0.0876005 62 128 116
0.172584 -0.0555982 0.338565 88 141 136
0.0965777 0.259657 -0.0485043 217 132 198
0.117485 -0.0458183 0.478664 68 144 97
-0.293116 0.117378 0.00777362 103 186 70
-0.30039 -0.121929 0.0120281 79 205 108
-0.0869822 -0.120787 0.342492 121 203 52
-0.0124005 0.376205 0.0713578 24 48 101
-0.0288865 0.198676 0.321599 199 194 145
-0.228683 -0.0385845 0.212909 121 245 114
0.13882 -0.202977 -0.301154 157 166 114
-0.146148 0.257723 -0.106822 220 184 122
-0.152287 0.0341488 -0.340994 160 246 157
-0.0869382 -0.281112 -0.161124 176 192 142
0.129205 0.301025 -0.211088 43 70 124
0.308941 -0.17077 -0.255422 113 60 120
0.174515 0.0375313 -0.160374 243 121 84
-0.230357 0.0522878 -0.337145 75 197 125
0.276056 -0.257335 -0.157033 133 84 128
-0.0491397 -0.283456 -0.278727 15 143 52
0.199888 0.0831595 0.222867 122 57 149
-0.0349502 0.197081 0.300115 220 191 115
0.140833 -0.0469093 -0.34249 164 185 181
-0.033743 -0.299354 -0.25787 20 140 53
0.195394 -0.127562 -0.125932 222 80 84
-0.0327618 -0.171872 0.257017 127 151 42
0.111613 0.122085 0.482852 69 146 112
-0.144478 -0.226889 0.0332749 168 194 118
-0.174762 0.216769 -0.0885406 217 158 74
-0.0283214 0.0511821 -0.343593 155 235 117
0.208447 -0.323866 0.032491 57 98 190
-0.356491 -0.0230425 -0.126138 92 216 136
0.0285597 0.379713 0.0615864 19 47 87
-0.118927 -0.241886 0.0881618 130 183 128
-0.264882 0.152089 -0.00449946 163 188 91
0.191752 -0.0615841 0.286118 67 52 109
-0.232637 0.110418 0.198198 93 221 120
-0.0597069 -0.275736 -0.00386041 196 190 142
0.208086 -0.252008 -0.247147 133 130 103
0.14549 0.191312 0.174917 116 55 37
0.130355 0.131963 0.149618 202 114 113
0.0304729 0.377882 -0.0710258 59 126 112
0.185119 0.0369918 0.367206 110 173 140
-0.00651831 0.223106 -0.304726 134 231 159
0.25613 -0.13805 -0.176713 198 87 142
0.257449 0.106758 -0.256745 104 53 110
0.0889578 -0.356837 -0.0931196 63 125 143
0.101485 0.251788 0.122486 135 73 59
-0.158851 0.230238 0.0154722 226 171 103
0.105321 0.171863 0.0651348 234 133 95
0.0569666 0.35427 0.074464 56 45 110
-0.179532 0.230418 0.137237 74 137 44
-0.0856226 -0.259616 -0.108084 219 185 112
-0.0843855 0.305202 -0.237522 54 181 101
-0.267244 -0.0651336 0.11778 109 228 115
0.0306522 0.208076 -0.31438 134 207 129
0.137979 -0.0328686 -0.343037 166 187 181
-0.26975 0.0658413 -0.318206 35 176 88
0.115218 0.105876 -0.113365 215 112 18
0.313983 -0.214042 0.00902233 48 57 111
-0.1851 0.215739 0.0461841 198 193 138
0.287877 -0.261492 -0.132233 120 83 138
0.0200781 0.234575 -0.296191 133 216 163
-0.0899219 -0.209222 -0.32804 31 182 103
0.109534 0.268574 0.0197622 178 87 169
-0.281475 0.0580836 -0.311799 36 175 87
-0.0656679 0.0703945 -0.343756 163 247 130
0.10102 0.365983 -0.147653 8 94 80
-0.327909 0.0104664 -0.26029 50 177 112
-0.23132 0.196917 -0.144112 190 201 132
-0.182724 0.113031 -0.341684 78 201 118
0.128029 0.0793871 -0.0914201 219 140 37
0.149358 -0.342107 0.0248553 47 76 159
0.239368 -0.0261536 -0.183755 228 110 203
0.0927586 -0.347078 -0.0298469 69 113 163
0.0199631 0.377771 0.0671059 19 47 90
0.113348 -0.0950485 -0.0106029 210 88 41
-0.0925047 0.145283 0.467367 51 133 135
-0.08064 0.311283 -0.23168 50 176 97
0.127189 0.210655 -0.126665 231 148 170
-0.327758 0.0989105 -0.114862 79 181 95
0.0144923 0.299576 0.122016 137 120 190
0.0721265 -0.227164 0.108313 179 68 151
-0.136588 0.0970694 -0.34577 137 235 154
-0.0733265 0.110945 -0.34622 147 246 142
0.225387 -0.319557 -0.144417 59 99 146
0.302532 0.0211096 -0.312544 64 109 189
0.377359 -0.0943673 -0.289374 22 40 119
0.164915 -0.0288569 0.447742 69 141 89
-0.0382642 0.325833 -0.230387 54 175 148
0.0824163 -0.0874195 0.189252 234 67 56
0.161415 -0.267065 0.109512 124 34 173
-0.15446 0.124809 0.346946 130 197 100
0.139247 -0.33699 0.0540353 46 62 145
-0.161958 0.243742 -0.263768 48 183 65
-0.137104 0.102506 0.450096 65 155 143
0.178994 -0.0377221 -0.343817 164 174 224
-0.329376 0.0965518 -0.144132 70 192 104
-0.301224 0.0969028 0.0229394 87 193 68
-0.189324 -0.0485265 0.288035 129 242 106
0.0502304 -0.149374 0.156071 206 84 49
0.182425 -0.175066 -0.332852 102 125 113
0.284549 -0.203069 -0.157668 168 81 131
-0.0870923 0.191053 0.277211 200 174 65
-0.237679 -0.228301 -0.097741 110 148 112
0.185079 -0.0713348 0.255456 91 30 104
-0.111563 -0.218332 0.171773 51 166 91
-0.0723191 0.336078 -0.0434671 162 163 175
-0.324006 -0.0150762 0.0263954 82 215 122
-0.0526621 -0.227647 -0.323394 29 156 87
-0.180885 0.0769862 0.338007 123 206 84
0.0607879 0.162328 -0.0340323 205 90 44
0.171753 -0.0145508 -0.344783 168 172 223
-0.0199283 -0.304531 0.0554619 100 97 84
-0.0321708 -0.27616 0.110399 67 103 48
0.315597 -0.247774 -0.0783608 89 59 136
-0.0565272 -0.178733 -0.334257 91 210 149
0.114671 0.161768 0.432638 84 152 121
-0.155746 0.220849 -0.00394294 217 154 73
0.227711 -0.152474 6.47168e-06 209 64 244
0.0826312 0.224724 0.288609 138 107 94
-0.0880229 -0.219222 0.189836 45 152 71
0.115164 0.123975 -0.143624 223 105 29
0.135285 0.0834718 0.16468 242 117 137
-0.11859 -0.236164 0.00355758 204 184 115
-0.302209 -0.093375 0.0345745 87 210 118
0.0585141 -0.109658 0.240025 227 128 86
0.014574 -0.0357527 0.530295 68 142 126
-0.057727 -0.11258 0.392163 111 192 101
0.0729843 0.283158 -0.265088 87 161 147
0.348267 -0.0717662 -0.262626 75 34 173
-0.0292821 -0.250566 0.152691 70 99 50
0.282164 0.0361375 -0.319633 63 114 180
0.256061 -0.14662 -0.0462253 213 82 213
0.0136172 0.0547092 0.548863 84 145 150
-0.349779 0.0383626 -0.165164 74 207 128
0.0870701 0.235135 0.251678 138 105 80
0.111425 -0.345679 0.0021372 56 88 146
-0.105493 -0.184585 0.230642 61 173 65
0.202947 0.0393579 -0.343881 126 138 182
0.180572 -0.321349 0.0692226 54 51 152
0.1981 -0.14263 -0.0549358 254 127 217
0.381947 -0.076817 -0.307303 9 56 124
0.171637 -0.357448 -0.0683778 46 117 175
-0.0918758 -0.103088 0.37212 124 207 95
-0.0974644 -0.0694316 0.435589 92 192 156
0.0184206 0.261774 0.140575 193 153 141
0.110716 -0.351532 -0.0338969 61 111 161
0.305188 -0.272595 -0.0648534 59 80 165
-0.326441 0.0485899 -0.247874 46 178 114
0.171132 -0.0644716 0.329089 81 124 132
-0.0123606 -0.284396 0.0982786 77 89 60
-0.01636 -0.0150612 -0.340304 154 227 98
0.148846 0.177319 0.294632 89 119 74
0.138699 0.158502 0.325222 127 174 132
0.079227 0.241297 0.16972 145 101 64
-0.109098 0.326337 0.0455008 119 104 152
-0.0648526 -0.0306732 0.521141 42 135 115
0.130927 0.154651 0.373573 125 173 138
0.186694 -0.0483311 0.320606 72 113 125
0.175245 0.124185 0.220823 131 91 131
-0.048887 0.358767 -0.148212 82 139 126
0.161183 -0.00394149 -0.345065 170 174 219
-0.21432 -0.00724701 0.262674 124 238 104
-0.0967037 0.235265 0.19558 176 175 106
0.00502255 -0.261404 0.124991 108 65 83
-0.27544 -0.175653 -0.241933 44 167 99
-0.18862 0.00494705 0.326585 133 233 105
0.105043 0.0611113 -0.346835 163 194 158
-0.203901 -0.123243 0.183984 116 254 142
-0.134516 -0.231033 0.0393314 175 195 122
0.214771 -0.0680228 -0.191421 231 95 151
-0.14828 0.2726 0.0546178 188 168 158
0.0100999 -0.321226 0.0337938 108 82 107
-0.123798 -0.0659852 0.393094 119 212 148
0.0947089 -0.0499244 0.490196 70 150 107
0.201201 0.0929661 0.268153 97 113 143
0.262971 -0.147251 -0.0622372 209 80 201
0.313136 -0.216543 -0.103194 142 59 143
0.292275 -0.226532 -0.144974 157 73 137
-0.0384313 -0.00599549 0.543549 55 133 121
-0.0741601 -0.117703 -0.336373 146 248 169
0.153817 0.245234 -0.207937 144 81 138
-0.0601589 -0.130785 0.343562 127 194 47
0.151557 0.19697 0.264019 76 85 30
0.185441 -0.00274509 0.419425 80 149 106
-0.190829 -0.238351 -0.218637 99 177 114
0.0764504 -0.325114 -0.200377 68 162 105
-0.258164 -0.0897914 0.117666 109 227 112
-0.0531375 0.36433 -0.032892 116 124 162
0.287062 -0.212936 0.0538312 53 44 118
-0.125389 -0.0259263 -0.338724 165 249 148
-0.289198 0.0150133 -0.314981 41 177 93
-0.153394 0.118913 -0.345145 109 217 138
-0.0703812 0.292921 0.13647 140 135 176
-0.0323535 0.197116 0.287297 223 188 107
-0.117197 -0.23969 0.0252282 189 192 126
-0.160139 0.0779828 0.410179 97 188 146
0.159036 -0.354652 -0.0405787 53 115 188
0.14258 -0.0828375 0.217878 181 64 138
-0.287403 0.147869 -0.127061 137 192 124
-0.234779 -0.0045128 0.214619 119 244 112
-0.309417 0.0568454 0.0437254 88 209 90
0.285425 -0.216334 -0.157472 157 82 126
0.054097 -0.167917 0.137015 203 76 56
0.167534 0.154285 0.277155 97 121 86
-0.196744 0.19462 -0.0571275 207 154 61
0.177083 0.116717 0.414975 78 145 109
0.246384 -0.140202 -0.342465 66 96 153
-0.0702891 0.0322429 -0.34141 163 239 115
0.155948 -0.0643454 0.356893 95 147 143
0.0161388 -0.336691 -0.172429 60 143 68
0.284812 0.0825965 -0.273215 62 59 117
-0.346084 0.0258195 -0.0414334 76 213 103
-0.272288 -0.0509102 -0.321517 50 180 104
-0.336526 -0.0840601 -0.0455328 81 210 119
-0.324167 -0.131478 -0.15287 70 196 120
-0.00500052 0.203353 0.390091 136 150 152
0.102199 0.100056 0.0952131 239 111 43
0.0721234 0.237573 0.196052 145 103 59
0.205471 0.094671 -0.330892 83 114 131
0.244243 0.116746 -0.26381 100 62 106
-0.0188282 0.197219 0.418788 99 138 139
0.082202 0.130679 -0.0402241 204 116 41
0.276152 -0.152508 -0.0807833 198 67 179
-0.308608 0.0648751 0.0399878 88 206 82
-0.35182 -0.0555759 -0.125879 91 212 134
-0.154176 0.185927 0.237087 125 189 38
0.105136 0.149144 0.0819772 240 130 79
-0.0398922 -0.286484 -0.0176185 194 195 155
-0.123054 0.0796135 -0.344491 151 245 155
-0.092806 -0.261202 0.0830202 116 156 111
0.142483 0.070248 -0.141522 232 120 30
-0.154294 -0.198365 0.148257 83 210 134
0.0465105 -0.207854 -0.308975 143 214 136
-0.094625 0.0763867 -0.34397 160 250 145
0.167447 0.175649 -0.276465 112 98 46
-0.207576 -0.129777 0.170158 117 253 145
-0.303003 0.113371 -0.234384 56 190 123
-0.183979 -0.0609888 0.286968 132 243 104
-0.243168 -0.178224 0.0443468 94 200 87
-0.0480828 -0.152563 -0.335795 127 232 163
-0.285744 -0.189543 -0.130661 58 168 93
-0.117699 0.280169 0.137863 93 118 85
0.286975 -0.159275 -0.025938 136 39 177
0.13753 0.0434133 0.487416 76 146 106
-0.198441 0.212069 0.126367 86 158 70
0.341419 -0.0212333 -0.26991 60 66 196
-0.066791 0.0940915 0.53267 41 133 114
-0.260411 0.171341 -0.139766 165 202 133
0.295895 0.0471267 -0.304996 51 100 157
0.111359 -0.161362 0.0267185 228 67 123
-0.00776949 0.178979 0.473595 41 132 109
0.120193 0.000450359 0.0189435 223 144 77
0.178785 -0.0137743 0.366691 105 166 139
0.166491 -0.0194483 -0.139911 219 89 44
-0.126886 -0.0870587 0.351941 132 222 98
0.0936548 0.0728061 0.514735 84 156 134
0.132435 -0.306543 0.0957592 77 35 138
0.271499 -0.0786357 -0.345216 81 118 226
-0.0372594 -0.31369 -0.165525 134 164 129
-0.286995 -0.184235 -0.170412 57 174 106
0.149928 -0.0412382 0.455888 68 143 90
-0.0901206 -0.0198684 0.512038 36 136 120
-0.168973 -0.249317 -0.207956 125 181 117
-0.0440525 -0.291499 0.00514195 179 180 148
0.208086 -0.154219 0.00479371 241 101 250
0.160496 -0.0889548 0.254585 124 45 124
0.0700339 -0.0954026 0.16909 227 66 38
0.233051 -0.297796 0.0653053 47 76 162
0.149041 -0.0569441 0.431628 79 149 102
-0.301097 -0.155827 -0.215555 54 177 111
-0.08305 -0.120297 -0.336245 145 248 170
0.166706 0.18446 -0.240185 151 84 68
-0.19705 -0.0988965 0.222493 122 253 130
-0.334759 0.0589409 -0.215517 57 193 126
0.255237 -0.0333814 -0.189445 222 104 216
0.0270588 0.143996 0.515608 56 139 119
0.105297 0.00486255 0.508262 83 151 124
-0.33615 0.0788978 -0.171518 61 197 116
-0.332066 -0.117998 -0.111428 72 199 114
-0.214136 -0.234562 -0.0672336 146 166 132
0.108365 0.232783 0.198533 105 74 17
0.054113 0.281907 -0.267015 99 180 171
0.235715 -0.157398 -0.340917 62 96 146
-0.0140124 0.0259577 0.552048 73 139 136
-0.0994417 0.226516 0.206208 171 174 101
0.102398 0.235714 0.155992 127 77 40
0.0881696 0.2049 -0.0876773 237 132 125
0.124963 0.104551 -0.145723 222 109 24
0.134116 -0.0935348 -0.0523549 201 87 43
0.0849727 0.268535 -0.273557 77 156 137
0.102204 -0.237817 -0.265562 167 197 148
0.0777552 0.360126 -0.187867 4 103 107
0.237502 -0.0771881 -0.344598 118 140 240
-0.332991 -0.0656415 -0.232777 67 184 127
-0.310992 -0.150855 -0.179922 62 185 115
0.321285 -0.175042 -0.273997 76 54 111
0.25571 -0.146979 -0.0940181 223 94 188
0.254598 -0.127767 -0.184351 200 88 141
-0.197006 0.0057188 0.306633 130 233 97
-0.255944 0.157969 0.00154484 169 189 94
-0.0981717 -0.232326 0.159828 50 141 73
0.321394 -0.212235 -0.0569666 87 44 127
-0.343312 -0.0649019 -0.189727 86 203 138
-0.122061 0.0102884 -0.339678 169 249 144
0.180587 -0.0234975 -0.344499 168 173 224
-0.136941 -0.263312 -0.197963 138 183 117
0.216288 0.0549406 0.285278 87 131 133
-0.0715841 0.343405 -0.134098 130 156 140
0.180405 0.145452 -0.305133 82 114 51
0.141779 -0.312677 0.0910819 75 36 144
0.363297 -0.0756474 -0.276214 35 36 145
0.0168229 0.185521 0.46364 51 134 110
0.00912236 -0.00345743 0.54497 76 143 138
-0.262163 0.165865 -0.237879 64 185 113
0.190024 -0.340837 -0.0121112 56 114 192
-0.350401 0.0368832 -0.0767606 77 214 104
-0.169766 0.226989 0.165021 65 136 30
-0.10518 0.0671495 0.516755 38 134 117
0.221166 -0.165009 0.0324032 216 72 244
0.333824 -0.162928 -0.273883 70 52 111
0.119313 0.201842 0.0762589 201 104 106
0.0432874 -0.118385 0.354551 166 185 126
-0.244248 0.19205 -0.190647 142 189 130
-0.199877 -0.0869256 0.230106 125 252 125
-0.0425976 0.356237 -0.0999351 114 146 149
-0.153439 0.134092 0.326495 139 194 74
0.103904 -0.334336 0.0610896 56 49 121
0.073478 -0.116098 0.133208 208 62 26
0.0138515 0.200218 0.418714 90 138 130
-0.324584 0.103087 -0.163044 72 193 112
0.124374 0.0203727 0.497188 81 151 118
0.160295 0.041124 -0.347224 155 156 195
-0.125744 0.0336564 0.495562 42 141 135
-0.200354 0.0109855 0.299607 127 232 96
-0.0822668 -0.0783017 0.440983 81 180 151
0.199837 0.082915 -0.181922 234 100 131
-0.157068 0.278054 -0.189295 129 155 107
-0.180889 -0.238105 -0.23612 78 176 99
-0.000245842 0.224994 0.180764 232 157 115
0.082276 -0.194316 0.0896781 198 61 141
-0.238227 0.163946 0.0869997 142 206 107
-0.187052 0.15471 0.238642 102 193 46
0.154477 0.117446 0.451651 70 141 100
-0.295851 -0.0507691 0.0734504 95 220 122
0.26893 0.0880563 -0.29309 61 87 118
-0.104176 0.1751 -0.338638 105 226 127
-0.169936 0.0111813 0.382174 118 217 144
-0.15684 0.232713 0.172219 75 138 33
-0.144524 0.0150696 0.455161 72 171 162
0.134404 -0.221325 0.0994636 191 64 192
0.0281963 -0.124547 0.343009 171 181 115
-0.0729384 -0.25114 -0.0516828 217 157 79
0.0294146 0.381146 -0.0892389 56 126 109
0.188181 0.0172789 0.350918 107 170 142
0.144906 -0.301214 -0.197798 124 157 164
0.0894568 -0.345656 -0.159585 49 149 100
-0.136975 0.142258 0.357393 138 192 105
-0.27295 0.15717 -0.226114 74 190 122
-0.0979487 0.31587 -0.119782 175 177 152
-0.0540318 -0.135169 -0.336289 144 243 162
0.111714 -0.0274771 0.130975 230 65 59
0.169259 0.0379166 -0.346999 155 156 196
-0.0421838 -0.268035 0.123296 52 105 41
-0.216893 0.0495127 0.260454 121 233 96
-0.0446845 0.35264 -0.0847829 135 158 155
-0.241228 -0.137295 -0.315071 39 179 100
0.156258 0.178 0.196287 106 59 44
0.175652 0.0935413 0.368003 131 176 153
0.162734 0.118294 0.19714 168 103 156
-0.34367 -0.068608 -0.0575696 90 215 124
-0.00296468 0.334851 -0.225857 52 162 167
-0.164568 -0.0910905 0.287761 131 241 101
-0.119212 0.0770104 0.498248 40 137 125
0.279161 -0.169554 -0.136355 199 82 156
0.232997 0.0886397 -0.193799 188 65 129
-0.198197 -0.204575 0.050307 133 201 100
-0.277647 0.135992 0.00831395 146 185 83
-0.126394 0.244863 0.177676 114 141 80
-0.199713 -0.0213334 0.287046 128 239 104
0.254905 -0.310938 -0.00262542 63 117 191
0.154325 -0.358888 -0.103195 43 120 146
0.0898212 -0.0994017 0.225119 225 119 107
0.080972 0.242158 -0.293227 103 163 97
0.0321229 0.278852 0.130091 166 137 167
-0.133965 -0.213178 -0.316368 30 185 91
-0.0157641 -0.323596 -0.154045 122 155 123
0.15081 0.0940303 -0.345039 119 137 129
0.0109993 -0.105575 0.444258 79 164 125
0.21243 0.0384445 0.20721 105 18 121
-0.206131 -0.0215586 0.273306 124 238 103
0.265573 -0.196663 0.0625036 80 19 151
0.129703 0.121181 0.469175 68 144 105
-0.132238 0.2732 -0.249337 52 185 64
0.172449 0.160176 -0.216861 187 84 90
-0.105015 -0.0898293 0.380251 127 212 116
0.140679 0.265517 -0.228367 74 83 121
-0.137879 -0.136382 0.267144 104 231 87
0.172139 -0.339043 -0.145868 51 115 147
0.122338 0.0474746 0.146526 248 99 120
0.152616 0.15215 0.181166 154 83 103
0.0257654 -0.126285 0.270886 211 144 79
-0.0663843 0.366025 -0.00785878 116 106 164
-0.112134 -0.24621 0.0441149 178 194 130
0.10584 0.084944 0.0728463 219 111 30
-0.209873 -0.0757774 0.222331 122 251 122
-0.121544 -0.194694 0.201042 56 186 99
0.187667 0.0796829 0.202056 141 60 158
0.206747 0.0387698 0.313055 103 161 141
-0.0927273 0.124413 0.494571 39 133 121
-0.243834 0.0618827 0.192521 110 244 140
0.112607 0.179098 0.338621 136 162 119
0.109451 0.222804 0.0374376 205 107 141
0.0193899 0.341627 0.0997407 83 71 159
-0.347919 0.0386749 -0.0616759 74 211 100
-0.0201266 0.191307 0.438746 69 130 125
-0.0339755 0.109064 0.536699 52 134 121
0.144384 0.210781 -0.15477 219 137 163
0.138666 -0.0943939 -0.0625541 201 88 43
0.278242 0.0516718 -0.316851 67 114 172
0.20086 -0.13247 -0.11771 228 88 93
0.121149 -0.286555 0.105251 114 34 155
-0.297298 -0.152543 -0.233635 50 172 107
0.123542 -0.27129 -0.229936 165 185 159
0.161038 0.0580033 -0.347175 138 146 177
-0.0409965 -0.163238 0.27356 127 154 39
-0.317257 0.0806064 -0.242481 46 182 116
-0.22568 -0.18678 0.0547826 98 199 87
0.0987325 -0.0957204 0.373798 131 177 159
-0.13572 0.268008 0.139992 83 118 61
0.192707 0.107717 0.257757 100 118 143
0.202386 -0.276858 -0.21848 130 133 128
0.32183 -0.222481 -0.0577963 78 48 127
-0.150856 -0.215383 0.105575 112 211 133
0.21087 -0.0167462 -0.343978 151 158 242
0.131981 -0.361823 -0.0913292 46 121 146
0.0949694 -0.0946717 0.107195 209 61 18
0.164594 -0.0384056 0.182407 170 36 137
-0.235662 -0.221053 -0.0455935 109 151 105
-0.111589 -0.261959 -0.268197 44 163 66
0.119348 -0.0144587 0.0341209 219 123 53
-0.0855893 0.166996 0.42566 88 146 154
0.121387 0.107375 0.48355 75 148 115
0.037526 -0.0189486 0.534005 78 148 136
0.0627053 -0.106996 0.232498 230 122 81
-0.0994994 -0.0618643 -0.337999 164 252 149
0.0182871 0.325142 0.109415 115 97 184
-0.169509 -0.246701 -0.222044 110 177 106
-0.25 0.166431 -0.0255609 187 188 98
0.116967 -0.0233574 0.0718666 217 101 31
0.0850014 0.155692 -0.101332 208 98 38
0.0593132 0.0624797 0.533968 91 158 152
-0.058629 -0.274383 -0.287743 11 147 53
-0.0263939 0.0253063 -0.34218 157 229 105
0.0207273 0.20155 0.363683 150 160 149
0.219925 -0.147301 -0.0220232 242 109 245
-0.0965778 -0.226296 0.17217 52 149 74
-0.0308743 0.367799 -0.148675 55 129 122
0.197895 -0.0152317 -0.344564 159 161 241
-0.167973 0.0566221 0.397733 103 198 144
-0.109469 -0.276079 -0.207064 123 168 111
0.287554 -0.198037 -0.269223 96 71 97
0.204994 -0.34655 -0.0819656 49 109 177
0.325716 -0.125344 -0.247176 117 50 150
0.0760737 0.102406 0.516544 79 152 135
-0.0791292 -0.0286046 0.514206 40 137 119
-0.293684 0.103831 0.0336771 95 198 70
0.162204 0.142669 0.303546 121 171 130
0.128672 -0.0496636 0.174781 221 73 110
-0.199223 -0.147616 -0.327903 57 197 119
0.230344 -0.093143 -0.344011 109 131 224
0.114404 0.0482204 0.0373743 218 130 53
-0.243984 -0.0942628 -0.326706 57 191 117
-0.00538977 0.200247 0.320142 197 188 150
-0.105989 0.287662 0.134485 106 124 109
-0.116732 0.258651 -0.0332677 226 163 99
-0.267614 -0.160919 -0.276036 39 166 94
0.0443018 0.106499 0.530064 78 149 142
-0.0773767 0.0940488 0.527099 40 133 113
-0.0511915 -0.28912 0.0574123 121 130 101
-0.0906018 0.241397 -0.299764 87 218 124
0.334297 -0.0547952 -0.339018 31 73 195
-0.341167 -0.0962978 -0.122105 81 206 125
-0.207154 0.197916 -0.0919807 210 183 101
0.274392 -0.113393 -0.344174 56 97 189
-0.0343031 0.193899 0.415623 98 137 145
0.222346 0.0554495 -0.174967 229 87 156
-0.198804 0.130264 -0.335012 61 195 102
-0.1428 -0.244691 -0.0853119 208 189 111
0.250609 -0.180982 0.0543439 124 17 190
0.0602083 -0.058178 0.500809 67 150 116
-0.0699266 -0.267234 -0.291785 11 150 51
-0.0175169 -0.204006 0.208163 128 128 84
0.289254 -0.266126 -0.123495 112 80 145
0.105753 0.169349 -0.330956 98 148 55
-0.12542 -0.237725 0.0764865 143 195 130
0.197563 0.0866407 0.293438 108 158 151
0.128602 -0.345916 0.00691237 49 88 158
-0.240459 0.109698 0.181064 89 221 124
0.00386953 0.084581 0.545635 80 144 147
0.092965 0.334283 0.0329063 68 49 118
-0.0609791 0.314426 -0.236628 58 187 123
-0.0961137 -0.180172 0.242918 69 181 52
0.0167728 -0.135318 -0.336548 149 227 114
-0.0296343 0.217502 -0.312016 127 238 149
-0.0170404 0.253156 -0.286703 128 229 180
-0.0736679 0.347433 -0.024523 142 145 174
-0.077869 -0.217182 0.198515 53 141 67
0.21427 -0.0320365 -0.183749 238 107 173
-0.000288474 0.309396 -0.247648 92 195 193
0.130744 -0.0771781 -0.0360526 211 113 45
0.193251 -0.344272 -0.120522 46 105 152
-0.243479 -0.212236 -0.0293653 105 155 102
0.142631 -0.17249 0.0423353 232 83 183
0.100582 0.199018 0.0375579 224 120 123
-0.193676 0.0287311 0.319621 126 228 94
-0.0139499 -0.153411 0.269602 159 151 55
0.196671 0.06285 0.317947 113 168 150
0.0255502 -0.336648 -0.184163 48 141 61
-0.174289 0.0099944 0.36919 121 219 138
0.321747 -0.226298 -0.0227592 49 58 112
0.0386621 0.0458264 -0.344451 160 210 126
0.102808 -0.100808 0.0270674 223 72 38
0.17749 -0.00233702 0.444681 72 142 94
0.295761 -0.0785231 -0.22172 178 86 198
-0.122713 0.148924 0.385083 130 181 141
-0.286093 -0.188626 -0.0894351 58 163 78
0.0584034 0.234437 0.20452 158 118 74
0.0581847 -0.333839 -0.194132 52 155 84
0.117137 0.151504 -0.335997 111 142 69
-0.159641 0.103895 0.375413 119 193 118
-0.115314 0.291086 0.124097 92 110 95
-0.203393 0.20491 0.0749778 172 197 136
-0.317055 -0.0495699 -0.275653 49 172 104
0.182853 -0.330832 -0.154332 60 112 146
-0.235007 -0.202378 0.0115045 98 180 93
-0.109984 0.282086 -0.254789 56 193 83
-0.294053 -0.0990753 -0.288435 41 168 93
0.21374 0.049073 0.295255 91 137 136
0.255367 -0.140198 -0.34257 51 89 149
0.16564 -0.30993 -0.185723 99 137 160
-0.0294641 0.207632 0.222363 233 156 82
-0.0477826 0.356038 -0.115514 112 146 143
-0.1062 -0.098683 -0.336719 151 252 166
0.0907859 0.127047 0.0227037 229 118 53
0.198472 -0.253564 -0.248425 138 135 109
-0.196089 0.235436 -0.226181 80 168 84
0.187391 -0.00999398 -0.344934 163 162 232
-0.152768 0.111306 0.385971 123 189 129
0.292213 -0.0871746 -0.220416 183 89 196
0.179699 0.143955 -0.211706 203 91 93
-0.314829 0.0434162 -0.274523 40 173 101
-0.125313 -0.0139389 -0.338963 166 246 145
-0.161638 -0.246853 -0.0977956 186 196 139
-0.288751 0.0330156 0.0987576 103 224 113
0.0225805 -0.0588835 0.511386 61 143 120
0.0450002 0.25246 -0.286255 126 202 162
0.0500608 0.382562 -0.00106475 37 97 94
-0.126878 -0.0326962 0.443482 86 187 170
0.151585 -0.270432 0.10969 131 37 171
0.127827 0.164821 0.334782 122 166 121
0.220713 0.056461 0.265908 77 98 123
-0.244627 0.188475 -0.160093 171 200 136
0.198499 -0.087642 -0.34262 146 149 226
-0.355046 0.00336854 -0.157704 87 212 138
0.148749 0.193975 0.18911 106 54 34
-0.275151 0.0196556 0.127813 113 235 126
-0.323966 0.04401 -0.25606 46 177 112
-0.02668 0.0956763 -0.346661 152 237 133
0.112547 0.0195905 0.095748 217 89 18
0.0284083 0.172218 0.485335 49 136 108
-0.141918 -0.096277 -0.337425 138 245 165
-0.166105 -0.243341 -0.241353 89 176 95
0.247691 -0.112093 -0.343879 89 117 207
0.149517 0.143905 0.38623 113 171 139
0.00362142 -0.236844 0.156678 130 87 78
0.152 -0.0567874 0.418275 80 153 110
0.0428421 0.234592 -0.298118 129 201 149
-0.304585 0.123148 -0.0530704 119 168 89
-0.31309 0.119393 -0.103259 91 182 99
0.364697 -0.0477655 -0.292511 30 59 168
0.350057 -0.0623052 -0.265793 62 33 171
0.115732 -0.0795186 0.198134 215 82 120
-0.281125 0.127181 -0.263309 42 180 106
0.295376 -0.0544669 -0.34259 68 104 225
-0.190163 0.135464 -0.336339 59 195 100
-0.0437294 0.198256 0.260263 219 180 82
-0.193048 0.19385 0.181953 68 169 49
0.0300432 0.200675 0.340553 165 165 144
-0.246268 -0.0653408 -0.330888 63 190 117
-0.0196847 -0.313616 -0.232115 39 144 57
0.110421 0.024505 0.507356 87 153 131
0.24654 -0.292522 0.0597685 45 77 156
-0.147446 -0.0564868 0.363005 133 232 124
-0.0791828 -0.269206 0.0860019 109 145 98
-0.282933 -0.139125 0.0277445 80 202 101
-0.227482 0.0900219 -0.333668 55 187 107
-0.081598 -0.026373 -0.339193 162 241 119
0.153143 -0.141628 -0.0371244 234 101 143
0.105254 -0.0819365 0.43329 89 157 131
0.306016 0.046781 -0.232295 95 38 139
-0.337336 -0.0107145 -0.00812071 79 213 119
-0.295667 -0.166346 -0.205952 54 176 111
0.00440676 0.39181 -0.022069 42 109 108
-0.159446 0.197331 -0.316317 52 195 81
0.11739 0.0652962 -0.0232144 225 159 99
0.0646989 -0.0739101 -0.340485 151 208 98
0.198989 0.000558491 0.327236 96 162 137
0.183367 0.12252 0.269313 103 139 133
-0.0464817 0.377504 -0.0210486 76 92 141
-0.253635 0.0866129 0.160529 96 237 135
-0.220344 0.214063 -0.2193 100 174 102
0.31194 0.0390846 -0.23885 87 43 144
-0.344819 -0.0846968 -0.129056 86 208 129
-0.0159395 -0.309375 0.0435053 126 116 112
0.104595 -0.0402545 0.491021 70 147 104
0.323828 -0.136225 -0.248493 114 50 141
-0.0315752 -0.132665 0.351404 129 189 70
0.116337 0.114815 0.13876 235 120 104
-0.137698 0.290144 -0.207625 79 152 78
0.123355 -0.119869 -0.338939 138 182 109
-0.113181 -0.00978683 0.494063 40 140 137
0.0302064 0.366398 0.0764431 30 47 100
0.039459 -0.121271 0.329434 183 180 116
0.0329682 0.0161711 -0.342654 157 214 111
-0.276268 -0.0236713 0.119339 114 232 120
0.108899 -0.208726 0.0910589 195 65 176
-0.121795 -0.170017 0.237983 76 208 82
0.106551 -0.344194 0.0106166 56 76 142
0.2156 0.119143 -0.305897 75 101 97
0.0422695 -0.120592 0.314002 196 176 116
-0.013769 0.202731 0.367095 163 166 160
-0.0827124 -0.159988 0.278077 97 190 31
0.236627 -0.219702 -0.290416 91 103 86
0.298907 -0.230381 -0.13205 149 74 137
-0.320582 0.0522491 -0.258558 44 176 109
-0.0135557 -0.240607 0.161758 93 102 64
0.173681 0.135903 -0.320443 83 116 68
-0.148769 0.219813 -0.059225 203 127 47
-0.156855 -0.0804567 0.314437 137 235 98
0.165013 -0.225185 -0.28289 150 148 118
-0.252537 0.131765 0.126003 89 213 111
-0.258786 0.166156 -0.246643 63 186 113
-0.29391 0.0433414 -0.304735 35 173 86
-0.268632 -0.135696 0.0572519 92 211 105
-0.351741 0.0154295 -0.174582 80 207 137
0.0137472 -0.0823824 0.485365 60 150 118
-0.0561833 0.153072 0.491102 39 130 117
0.0970261 -0.154189 -0.328437 136 194 90
0.171731 0.119992 0.309501 126 175 150
-0.104826 -0.253816 -0.288927 28 161 56
0.167722 0.0551111 0.460914 71 142 96
-0.129635 0.234115 -0.0492677 213 131 59
-0.341264 -0.0557454 -0.0362762 83 213 123
0.270806 -0.268583 -0.155717 122 85 128
-0.0370435 0.13688 0.517786 40 130 111
0.0985621 0.353691 -0.180753 7 79 97
0.113132 0.0541262 0.0518939 213 122 41
-0.0631118 0.102527 -0.345998 153 247 138
-0.347163 0.0576787 -0.129307 69 204 112
-0.150608 0.272155 -0.228566 59 166 64
-0.207809 0.0651558 0.27624 119 226 79
-0.258272 -0.0155667 0.15696 120 238 118
-0.310209 0.0386592 0.0511008 87 214 105
-0.095335 -0.283343 -0.217755 98 157 96
0.156485 0.0855765 -0.345528 127 145 145
0.129899 -0.280456 -0.220378 153 179 163
0.273117 0.0154448 -0.328941 86 128 214
-0.155498 -0.254893 -0.153761 170 195 139
0.0535862 0.0493747 -0.344952 162 207 132
-0.279665 0.142313 -0.0203669 145 182 92
0.103225 0.0855357 0.105552 232 96 37
-0.159137 -0.0553692 0.34158 139 236 112
0.152595 -0.0291551 0.461684 67 142 88
-0.109857 0.292426 -0.0156172 217 192 162
-0.169756 0.0982884 -0.344027 99 208 136
-0.177625 -0.139289 0.208538 108 249 148
-0.138421 -0.126332 0.279843 116 229 77
-0.0938606 -0.0965021 -0.3368 157 253 164
0.144366 0.117925 -0.175608 232 106 60
0.1579 0.0358489 0.470956 73 145 99
-0.0213188 0.200195 0.331928 194 191 152
0.105724 -0.108486 0.270623 196 130 141
0.133852 0.168976 -0.320109 82 133 40
-0.0621179 -0.262148 -0.0856191 221 178 104
0.210939 -0.292901 -0.195533 115 114 126
-0.0720088 -0.152528 0.293847 104 188 26
-0.256494 -0.155581 -0.293102 34 169 87
0.278142 -0.210929 0.0613331 58 34 126
-0.0599683 -0.302415 -0.213817 64 143 77
0.0966214 0.265902 -0.0362355 200 116 194
-0.337574 -0.0716595 -0.21035 75 191 133
0.176976 0.0687299 0.184688 191 93 174
-0.323778 -0.134086 -0.1372 71 197 118
0.172611 0.107614 0.20452 161 97 161
0.258851 -0.308166 -0.10413 71 93 169
0.3321 -0.0750858 -0.344589 15 63 174
0.0993178 0.192828 -0.109248 247 138 118
-0.212349 -0.0273471 -0.339265 105 213 148
0.120961 0.22284 0.170159 100 66 10
-0.155692 -0.24388 -0.254953 80 173 89
0.303587 -0.1752 -0.08815 158 46 154
0.0961901 0.123252 0.493704 70 148 119
0.318914 0.00768553 -0.304112 57 100 197
-0.283547 -0.00749101 -0.319254 44 177 96
0.120252 -0.0869934 0.369111 113 167 148
0.107186 0.193287 -0.118153 247 142 121
-0.220329 -0.212894 -0.251439 55 168 97
-0.268467 -0.190973 -0.221126 51 170 104
0.126604 0.0500876 -0.0373102 230 163 93
-0.0517317 -0.142437 0.318883 126 184 35
-0.282828 0.150869 -0.114036 142 188 122
0.235959 0.0990851 -0.311066 69 101 108
-0.317913 -0.135795 -0.19138 63 185 120
0.0111105 0.383917 -0.131664 35 121 105
0.12794 -0.183835 0.0631712 218 73 186
0.246092 -0.321535 -0.0584592 62 109 194
-0.0899455 0.280665 0.146919 135 137 140
-0.0457383 -0.216384 0.203473 75 137 68
-0.04723 0.0365124 0.549498 59 133 123
0.100832 0.229105 -0.29687 92 151 79
0.158664 -0.051997 -0.342619 162 175 206
0.1423 0.0780336 0.478539 75 145 104
-0.273514 -0.129643 -0.295324 35 168 88
-0.0250306 0.198191 0.268266 225 190 109
0.12981 -0.317712 -0.184582 85 156 152
-0.342739 0.0481104 -0.195566 65 200 129
-0.283521 0.0959458 -0.289355 32 173 90
-0.00717323 0.20335 0.373416 155 161 157
-0.00460335 0.060738 0.550785 78 141 142
0.00888234 -0.146228 0.241968 203 127 62
-0.162832 0.0518865 0.415195 96 190 156
-0.0585791 -0.136498 0.330677 126 189 40
-0.271322 0.109865 0.0939654 94 217 95
0.174931 -0.171554 0.0432668 233 89 218
-0.0300429 -0.308147 -0.131723 162 181 153
-0.0523348 -0.175952 0.258468 110 157 38
-0.157485 -0.170999 0.194455 92 233 141
-0.116331 -0.226199 0.149988 65 167 97
0.300536 -0.175032 -0.0054554 90 32 143
-0.141771 -0.238083 -0.28364 42 170 71
0.0223755 0.266311 -0.275592 117 206 191
0.0413722 0.352031 -0.208832 32 128 157
0.133266 0.253483 -0.251889 86 118 92
0.0617038 0.343566 0.0824255 69 50 115
-0.261014 -0.211947 -0.141595 72 158 101
0.114792 0.188887 0.0723252 213 115 103
-0.223792 -0.0607436 0.20755 119 245 119
0.143006 -0.0981025 0.302243 134 104 152
-0.164008 -0.220842 -0.292049 40 179 83
-0.221881 0.213965 -0.186963 147 183 126
0.144473 -0.31933 -0.178865 80 145 151
0.271309 -0.30494 -0.0310103 66 103 191
-0.195676 -0.186819 0.0952576 114 222 113
-0.0267537 0.271316 0.14429 191 174 189
0.117809 0.0122207 0.032095 225 143 72
0.169359 0.15905 0.262404 92 119 81
0.101319 -0.349467 -0.0329483 68 112 163
-0.0189426 -0.31991 -0.145132 141 162 139
-0.22453 0.0111232 0.243927 121 242 112
-0.284952 -0.0504987 0.0937677 104 224 120
0.155781 0.0522655 0.471909 73 145 100
0.284391 -0.167059 -0.214302 155 76 132
0.0393195 -0.303107 -0.244282 67 159 104
-0.256552 0.141329 0.077429 119 203 84
0.00445938 0.170163 -0.33606 138 215 123
0.0812695 -0.0556512 0.493187 69 149 112
-0.0716214 0.185835 0.371109 158 175 161
-0.0371407 -0.260785 -0.303973 22 148 77
-0.227256 0.046028 0.236408 119 238 110
0.0389472 -0.199386 -0.315948 138 217 132
-0.0926128 -0.0505764 -0.338372 163 249 137
0.276402 -0.186419 -0.201905 156 92 114
-0.20461 -0.240323 -0.176291 122 175 128
-0.150836 0.142968 0.312381 137 194 56
-0.132952 0.266859 -0.0994237 219 188 128
-0.281385 0.0844769 0.0925239 94 223 102
-0.0953092 0.179941 0.316565 186 191 99
0.297861 -0.22137 -0.135521 158 74 136
0.155117 0.174254 -0.298554 88 122 32
0.0646242 0.264687 -0.278847 107 183 152
-0.350015 0.00879108 -0.05261 80 216 109
0.28752 0.00247343 -0.327084 85 126 222
0.156633 -0.147807 -0.0183093 234 100 157
-0.24523 -0.1413 0.090274 101 219 101
-0.165629 0.21323 -0.00190251 214 149 66
0.177263 -0.16323 0.0253098 240 98 219
0.110483 0.22975 0.185953 111 77 15
0.124473 0.00384268 -0.00137392 224 154 94
0.304447 0.0606245 -0.270515 50 72 136
0.0324821 -0.299356 0.0862394 85 47 84
-0.305882 -0.10552 0.0170037 81 207 115
-0.230637 0.203459 -0.170035 156 193 134
0.0171252 0.134856 0.523499 56 137 121
0.0099842 -0.202912 0.185356 163 110 89
0.272089 -0.280941 -0.136837 113 85 139
-0.191902 -0.227776 -0.016691 156 181 129
-0.10851 0.23289 0.197677 163 170 100
-0.189355 -0.173929 0.134211 107 239 140
0.138183 -0.101448 0.2937 146 97 148
-0.228188 -0.18598 -0.28716 40 172 92
0.116084 -0.0388644 0.484845 69 144 100
-0.00404778 0.138222 0.522743 49 133 117
-0.332029 -0.0613812 -0.0117032 79 210 123
-0.054996 -0.272302 -0.0995143 222 186 118
0.172291 0.174924 -0.254585 137 81 63
0.0659187 -0.190449 -0.312229 148 214 115
-0.187475 0.210463 0.0383917 210 189 127
-0.0970328 0.306163 -0.0292844 206 190 170
-0.177444 -0.209487 -0.297483 39 181 87
0.057783 0.209619 -0.315215 115 183 112
-0.0814431 -0.257561 -0.099249 221 176 98
-0.101228 -0.272047 -0.154476 194 202 137
-0.173673 0.209623 0.00635544 217 163 82
-0.18097 -0.101446 0.247616 124 250 125
0.322892 0.0255316 -0.270309 57 77 162
-0.0531207 -0.263653 0.128029 52 111 44
-0.164794 0.0789218 0.394225 107 193 138
0.252394 -0.317279 -0.0703332 60 106 189
0.093581 0.00430101 0.515596 85 153 130
0.320724 -0.238286 -0.0213577 46 66 116
-0.20345 0.204365 0.133664 83 158 69
-0.140809 0.250309 0.00507624 223 180 119
0.138115 -0.132504 -0.0420184 219 91 112
0.0691235 0.0582795 0.530026 91 159 148
-0.160325 -0.109996 0.270867 122 242 99
0.0920347 -0.0833095 -0.340835 148 196 106
-0.241365 -0.103005 0.136878 112 234 115
-0.255053 0.00123392 0.167955 120 241 125
0.171313 -0.00686594 -0.150798 227 96 75
-0.0756748 -0.0736354 -0.3377 162 252 146
-0.0517609 0.194963 0.310559 212 192 120
0.276658 -0.170398 -0.146185 199 82 156
-0.299927 -0.0763688 -0.292046 41 169 91
-0.266045 0.155484 -0.0266746 168 187 98
-0.266033 0.158145 -0.245268 63 187 112
0.36721 -0.14582 -0.329783 10 62 103
0.123612 0.217599 0.139149 127 60 30
-0.0466698 0.121059 0.526547 41 133 114
0.0313951 -0.327646 0.0374465 88 69 108
0.219605 0.0232294 0.214583 86 18 103
-0.182967 0.228989 0.074589 168 186 134
-0.154427 0.234353 -0.0916312 224 170 94
-0.2137 -0.0588041 0.230585 124 246 117
-0.0367433 -0.05836 0.507329 45 141 115
-0.201263 0.0383877 0.299804 123 229 90
-0.0826648 -0.274603 -0.272809 21 152 51
-0.208995 0.189617 0.0279743 208 184 109
-0.0627139 -0.0152526 -0.339706 160 229 104
-0.269347 0.0978431 -0.304581 32 176 85
-0.0377155 -0.291348 0.0736195 103 115 82
0.108921 -0.0846214 0.411162 101 165 141
-0.284621 -0.0694921 -0.310305 43 173 93
-0.180314 -0.218272 -0.282779 45 176 86
-0.115615 0.160449 0.359798 150 191 130
0.261021 -0.257027 -0.184109 127 98 108
0.130577 0.204331 0.135966 135 61 36
0.338926 -0.167829 -0.283972 50 52 110
0.221477 -0.337936 -0.0771008 53 111 187
0.309168 -0.177422 -0.0420591 110 27 146
-0.347065 -0.0145285 -0.203814 79 201 141
0.0268189 -0.30686 0.0766502 80 52 84
-0.0135731 0.321903 0.114186 116 107 196
-0.132668 -0.0508478 0.401254 125 213 153
0.162401 -0.192684 -0.318223 126 148 112
-0.348511 -0.0332328 -0.191606 83 202 140
0.269005 -0.256843 -0.170045 131 99 111
0.177719 -0.0199143 0.407731 82 155 112
-0.141691 -0.0531335 0.379031 133 224 134
-0.0456687 0.382568 0.0390857 30 61 96
0.156815 -0.153583 -0.00198499 237 101 171
-0.301404 -0.113058 0.0188743 81 207 115
-0.274007 -0.121144 -0.299508 35 168 88
0.313589 -0.261651 -0.0208477 43 84 140
0.128626 0.28657 -0.227701 65 90 124
0.151604 -0.332519 -0.161679 65 134 145
-0.287072 -0.0340349 0.0964727 103 226 123
0.173937 -0.0164687 0.442422 71 141 91
0.107818 -0.0546768 0.106407 217 67 20
0.302611 -0.195333 -0.290016 69 67 102
0.191534 -0.350928 -0.0948458 47 112 171
0.0834187 -0.0953129 -0.340046 143 197 98
-0.146701 -0.196453 0.165677 80 211 132
-0.290448 0.102478 0.0452772 95 198 71
0.194657 0.151203 -0.267146 124 84 73
0.0493202 -0.00739895 0.53403 82 151 139
0.221106 -0.312898 -0.160385 80 101 139
0.318203 -0.213098 -0.00714729 52 52 112
-0.228233 0.208073 -0.193696 131 182 123
-0.0511718 -0.271005 -0.0901729 223 185 114
0.0135452 -0.315157 -0.0409297 173 173 184
0.153107 0.261749 -0.163163 162 82 167
-0.234919 -0.133431 0.116906 107 225 109
0.0864412 -0.0259752 -0.342082 156 204 116
-0.0628396 0.190842 0.357004 182 187 152
-0.0133551 0.187513 0.453154 55 127 119
-0.0159556 0.198508 0.298615 221 192 131
-0.212203 -0.155869 0.1258 109 241 127
-0.0587403 0.34463 -0.0549527 140 151 166
-0.304048 0.0691787 0.0474477 89 209 84
0.00646973 -0.128335 -0.337157 146 228 116
0.259571 -0.216157 -0.268826 98 86 81
-0.0145751 0.228187 0.177098 229 160 118
0.00714992 -0.137747 0.275656 194 140 66
-0.153035 0.263414 0.120467 89 124 50
0.0289425 -0.180355 -0.326114 140 216 118
-0.0996525 -0.279137 -0.233091 83 160 87
0.00865456 0.38354 0.0619155 13 51 83
0.0698245 0.35166 0.0639521 54 43 99
0.196143 -0.0266345 0.32087 64 118 119
0.119742 -0.344099 0.0205062 52 77 150
-0.0546206 0.172417 0.457196 57 130 136
0.245496 -0.242212 -0.225576 126 110 88
-0.132115 0.124827 0.426186 86 162 148
0.321899 -0.218554 -0.0374676 61 50 119
-0.0190193 -0.115161 0.415516 97 176 117
0.0721725 0.382589 -0.140656 11 110 83
-0.0958846 -0.253793 0.109704 94 148 91
-0.318462 0.0998832 -0.210375 58 193 121
-0.0298609 0.175352 -0.335864 133 236 136
0.138311 0.0716096 0.162864 236 115 147
-0.0111017 0.0723691 -0.345346 158 235 125
0.157769 0.0271409 -0.131608 230 129 48
0.210849 -0.080716 -0.188065 224 82 130
0.00551582 0.245789 0.153478 207 160 142
0.371619 -0.123453 -0.337182 9 62 101
0.148435 0.180791 -0.299218 86 121 29
0.0709227 -0.0849356 -0.340367 145 203 94
-0.106388 0.229635 -0.305689 83 218 117
0.1912 -0.205603 -0.31283 110 127 106
0.263071 -0.0890244 -0.204359 212 104 184
-0.228872 -0.228098 -0.0626304 130 158 120
0.123218 0.174435 0.102426 209 113 86
0.130644 0.11827 -0.163034 233 106 50
-0.312913 0.113114 -0.200864 67 196 122
0.164811 -0.0354312 -0.132043 209 91 30
-0.170786 -0.249973 -0.130914 174 193 144
-0.272107 -0.196474 -0.186107 59 172 107
-0.256149 0.155475 0.0131503 166 189 94
-0.152502 -0.247617 -0.10144 195 198 133
-0.103893 -0.265786 -0.139049 204 202 132
0.124118 -0.00601919 0.00258752 224 154 94
0.163633 0.174019 0.26502 81 104 61
0.115726 -0.0117283 -0.343317 174 193 173
0.0358806 0.0449258 0.543883 92 155 157
0.310187 -0.26876 -0.0290103 46 76 144
0.121597 -0.256128 -0.243881 170 185 151
-0.30811 -0.0366284 0.055501 92 219 125
0.198227 0.0689429 0.205814 131 46 150
-0.233992 -0.195935 -0.267788 42 166 92
-0.108281 0.271534 -0.0660446 225 183 127
-0.306757 -0.104621 -0.265828 47 170 102
-0.306211 -0.0472431 0.0549236 89 217 124
-0.305064 0.124523 -0.201956 77 196 125
0.280347 -0.195705 -0.244707 116 85 92
0.18475 -0.331522 0.0352637 50 79 175
0.146062 0.139678 0.34851 135 179 149
0.110875 0.288238 0.0432699 131 50 138
0.0415191 -0.137539 0.181674 225 88 46
0.0847908 0.236949 0.235425 138 105 76
-0.143819 0.205467 0.219491 131 178 55
-0.241216 0.0967095 -0.326205 45 183 100
-0.0734942 -0.250355 0.144823 54 127 59
0.0455386 -0.193706 0.144652 190 82 74
0.0893437 -0.116595 0.0875781 216 55 33
-0.17707 -0.047984 0.313791 135 239 107
-0.116199 -0.0565413 -0.338096 164 251 153
0.159944 0.00132368 -0.119324 222 128 33
-0.0154719 0.347082 -0.209959 42 152 140
0.259169 -0.213402 -0.290439 76 87 80
-0.303464 -0.140006 -0.0190601 70 196 97
0.0914996 0.234135 -0.00155421 219 135 175
-0.247918 0.134421 0.137593 82 205 109
0.289565 -0.0973577 -0.345246 52 94 190
0.128466 0.226546 -0.115672 230 147 184
-0.344386 -0.0699409 -0.176079 86 205 136
0.138133 0.181301 -0.165171 235 132 126
-0.0704499 -0.268169 -0.110886 221 183 113
0.281709 -0.0784692 -0.213467 190 94 196
-0.153102 0.0235276 0.438821 81 181 164
0.221676 0.00531967 0.220114 78 6 95
0.139838 0.12325 -0.340617 108 129 86
-0.142432 -0.25837 -0.22421 112 178 101
-0.0712711 0.327749 -0.0634462 181 175 165
-0.0593715 -0.200702 -0.331272 62 193 127
-0.241883 -0.050006 -0.333417 78 199 128
0.29968 -0.183017 0.0127552 67 38 125
-0.238966 -0.0462909 0.184583 121 240 115
-0.16507 0.226317 -0.0927819 222 167 88
0.18116 0.0151392 0.174209 150 25 148
-0.0206266 -0.137246 0.332074 152 182 69
0.124376 0.160912 0.35122 133 174 135
0.209143 -0.142147 -0.0649357 250 127 204
-0.0997225 0.287158 -0.0707115 221 188 133
-0.0674109 0.323993 -0.220749 48 171 102
0.00905744 0.114592 -0.347755 154 215 125
-0.30754 -0.149531 -0.20573 57 179 114
0.0535179 -0.117972 0.174238 220 78 35
-0.167259 0.109564 0.33666 128 199 75
-0.0795475 -0.292531 -0.207708 110 155 104
0.051552 0.126813 0.518168 68 145 129
-0.203035 0.0249925 0.296497 126 230 92
-0.354249 -0.0188662 -0.163349 89 211 140
0.102415 0.299743 -0.00175093 143 82 169
-0.161742 -0.111581 -0.337197 121 233 161
-0.0102514 -0.151729 -0.335514 132 229 146
0.187179 -0.0287824 0.336167 83 149 136
0.249122 -0.177808 -0.337377 44 87 108
0.136193 0.254844 -0.110542 200 116 194
0.294392 -0.287551 -0.0243206 53 91 168
0.050832 -0.24625 0.115698 149 67 127
-0.0344525 -0.126809 0.369755 114 186 81
0.248043 -0.282558 0.0691112 48 61 148
-0.169503 0.260477 -0.150512 183 182 137
0.283637 -0.155208 -0.0735293 184 58 174
0.178659 -0.0430972 0.34114 86 149 137
0.0574938 -0.0634295 -0.340545 151 215 96
-0.124022 -0.0617326 -0.337987 163 251 157
0.0794737 0.3414 0.0632345 64 45 103
-0.139726 -0.0833767 0.337662 134 228 95
0.267018 0.0976944 -0.244298 108 45 117
0.162533 -0.0471927 -0.122886 204 98 26
0.16892 0.106606 0.339513 140 181 157
0.187063 0.0700331 0.331929 125 176 157
-0.354874 -0.0295905 -0.0985881 93 216 131
0.199956 -0.348355 -0.0699126 49 116 181
-0.113876 0.314753 0.080908 96 100 119
-0.018433 0.365173 0.0826155 40 52 125
0.00151054 -0.104903 0.44615 76 163 122
0.124667 -0.0778924 0.406243 96 160 135
0.276393 -0.0876092 -0.210391 199 98 193
-0.0993213 0.320981 -0.192235 64 158 88
0.183138 0.156317 -0.284266 97 99 53
0.0997226 -0.197088 0.0809857 200 61 154
-0.345868 -0.0445271 -0.0469176 88 216 125
-0.201787 0.216985 -0.128546 202 197 133
-0.0799544 0.320551 -0.0909693 185 182 156
0.0995355 0.302157 0.0754955 101 46 104
0.182633 -0.147923 -0.0204486 252 119 226
0.218527 -0.222255 -0.291818 90 108 90
-0.235603 0.197127 -0.162268 171 199 136
-0.136648 0.0851979 0.466219 62 153 145
-0.0721621 0.173205 0.431265 92 143 154
0.140204 0.0511435 -0.347264 156 166 180
0.0931735 -0.357826 -0.105852 50 126 127
0.135502 -0.0340147 -0.0278243 229 155 91
0.182753 0.0861736 0.326044 128 180 157
0.212815 -0.339125 -0.109167 50 103 161
-0.00347843 -0.0829444 0.484157 54 149 120
-0.0653642 -0.174449 0.260766 96 165 34
-0.152555 -0.237107 -0.0475707 198 186 115
-0.000106403 -0.300653 -0.258691 24 143 66
-0.136201 -0.21818 0.134934 80 190 124
-0.0214454 0.368992 -0.103336 92 136 138
-0.270304 0.119665 0.0795976 95 214 89
0.208166 0.0850551 -0.18416 229 93 137
-0.343191 0.0672773 -0.106397 68 196 93
0.228721 0.0318212 -0.171937 225 81 181
-0.274294 0.162147 -0.185685 115 200 136
0.127317 -0.355204 -0.0412983 54 116 175
0.138407 -0.108089 -0.064129 199 88 47
-0.0640562 0.346107 -0.175726 65 151 115
0.0500246 -0.113416 0.241921 227 129 79
-0.114155 -0.236435 -0.0276909 215 169 89
0.108125 -0.276548 -0.230197 156 191 165
0.122958 0.065902 -0.0463347 223 161 88
-0.057952 0.347549 -0.110837 136 160 150
-0.0986162 0.318252 -0.200937 63 159 89
-0.13357 0.291938 0.0417419 186 164 166
-0.0869766 -0.263042 0.0267482 181 180 138
0.0232399 -0.147918 0.209042 212 107 58
-0.0283085 -0.158546 -0.335297 131 231 155
-0.171077 -0.00365964 0.368364 131 230 131
-0.240768 0.190775 -0.231356 84 185 114
-0.339402 0.0135616 -0.01497 77 214 112
-0.00674463 -0.195064 0.208583 143 131 88
-0.103172 0.0469071 0.521723 38 131 116
-0.0912817 0.157547 -0.344021 113 230 133
0.00256325 -0.0475453 -0.339482 155 224 97
0.0491319 0.232023 0.20128 172 128 85
-0.261304 0.172548 -0.218234 90 191 126
-0.0664418 -0.282043 -0.131472 205 195 136
-0.321249 -0.0833472 0.000438794 79 209 121
0.121769 -0.110943 -0.0344844 200 89 50
-0.203913 -0.0343726 0.269865 127 241 105
0.104441 0.299597 0.0639209 104 44 108
-0.0896038 -0.184515 -0.333614 58 198 128
0.0256983 -0.173969 0.187665 191 115 81
-0.314369 0.118988 -0.154074 85 194 113
0.317417 -0.243258 -0.00345779 42 71 116
0.0272364 -0.0384152 0.526707 70 144 125
0.0223882 0.0970773 0.539248 78 143 147
0.129059 0.202422 0.12001 163 70 58
0.108511 0.304914 -0.0636798 154 86 173
0.237053 -0.327625 -0.0650553 61 109 194
-0.167963 -0.130856 0.233257 112 248 133
0.10382 -0.0213737 0.501265 76 148 114
0.189461 -0.33262 0.0246595 53 91 185
0.0701614 -0.130288 0.125515 207 62 33
-0.237676 0.198444 -0.204486 113 176 117
0.317009 -0.171508 -0.265 84 55 114
0.044467 0.335261 -0.225604 46 140 171
0.0752896 -0.266414 0.104991 142 56 147
0.152854 -0.0875328 -0.0994205 188 86 17
0.151391 0.0714415 0.170006 214 113 168
-0.0990604 0.309029 -0.220239 54 173 83
-0.153062 0.0634925 0.440299 80 175 156
-0.124952 -0.252202 -0.112758 204 198 127
-0.24535 -0.201545 -0.241597 48 166 99
-0.165176 0.217109 -0.295332 46 191 70
0.315001 -0.190065 -0.0699634 125 39 145
0.22386 -0.0127565 0.249077 42 44 79
0.12453 -0.10176 0.317305 160 128 159
-0.112087 -0.150746 -0.335512 96 221 153
-0.323022 0.018694 0.0277513 81 215 115
0.0819218 -0.0337179 0.508169 76 149 120
-0.126525 0.277007 0.134715 87 116 80
-0.10358 -0.0883628 -0.337057 159 254 163
0.159334 -0.0459592 -0.103887 204 108 31
0.161412 0.195872 -0.219279 171 88 89
-0.240496 0.146228 -0.302281 36 181 82
-0.169428 0.235087 0.0456665 202 185 145
0.285708 -0.142304 -0.342901 28 74 138
0.148585 -0.0978097 -0.0890664 196 85 30
0.19675 -0.139637 -0.0805198 244 111 141
0.228313 -0.190131 0.0695559 142 19 205
-0.101935 0.172023 0.347176 156 192 135
-0.173224 0.243698 0.113021 94 131 54
0.156843 0.227776 -0.19573 180 94 142
0.139168 0.205595 -0.149471 224 138 159
-0.26145 -0.185543 0.0012215 83 167 90
0.0234444 -0.331346 -0.201918 46 138 57
-0.208351 0.188065 0.160641 63 163 59
-0.229432 -0.196937 0.0302753 105 185 93
-0.271153 0.145664 -0.00213112 154 187 89
-0.162624 0.214662 0.192261 86 161 38
-0.0347606 -0.303852 -0.247122 20 141 53
-0.272497 -0.0209198 0.127089 117 234 120
0.246438 0.088408 -0.201288 173 54 128
-0.290771 -0.181644 -0.155757 57 180 103
-0.279682 -0.059419 0.0988049 105 225 119
0.151239 0.0959821 0.178517 204 115 168
-0.324466 -0.054364 -0.2602 55 175 113
-0.0123002 0.284936 -0.265488 114 215 192
0.110834 0.164856 0.0815166 221 125 91
0.119773 -0.00542067 0.0261965 225 136 73
-0.277607 -0.16552 0.00322621 74 188 89
-0.291198 0.144597 -0.186485 99 197 129
-0.270551 0.135151 0.0360503 128 195 76
0.195134 0.0431886 0.331411 113 169 151
0.060906 -0.271735 0.104797 130 58 128
0.0470757 -0.160523 0.157141 201 95 60
-0.122139 0.298353 0.10403 99 108 102
-0.0471206 -0.28708 0.0766552 109 123 87
-0.00619774 -0.077227 -0.338537 154 243 115
0.0474332 -0.114534 0.377691 143 185 145
-0.0690915 0.340895 -0.118503 139 162 147
0.25849 0.0952854 -0.221015 138 45 119
-0.193429 0.243911 -0.185877 140 166 116
0.0409548 0.194984 0.426916 86 143 127
0.296268 -0.28317 -0.00514171 45 93 150
0.318362 0.036464 -0.268042 58 63 147
0.0280048 -0.192981 0.171256 185 107 80
0.202122 0.110309 -0.197388 207 87 114
0.164304 0.00724801 0.166559 193 53 155
-0.319683 -0.135085 -0.180671 66 188 122
-0.242993 0.172427 -0.0470201 195 185 97
-0.245593 0.11611 -0.316163 33 180 85
-0.161986 0.038812 -0.341304 150 240 162
-0.135526 0.231874 -0.0622956 214 142 60
-0.0131738 0.0116522 0.55025 70 138 134
0.106987 0.169168 0.415803 91 158 126
0.135937 -0.220354 -0.281712 168 172 123
0.0678752 0.0918542 0.524136 81 153 141
0.147897 0.0388834 -0.34702 160 166 190
0.28697 0.0768177 -0.239566 94 37 117
0.117427 0.10719 0.145631 239 120 118
0.179767 0.0262114 -0.161358 240 118 82
0.2436 0.0662095 -0.327516 73 113 145
0.102482 0.254958 0.00538956 197 114 178
0.140969 0.16283 0.150666 176 89 93
0.119623 -0.158195 -0.328905 134 178 104
0.135089 -0.340999 0.0396273 47 64 142
0.0295447 -0.206546 -0.316195 129 208 141
-0.333628 0.0592409 -0.0245059 70 203 80
0.112448 0.100621 -0.0802823 205 132 49
0.00643913 -0.174938 -0.331075 130 213 132
0.284241 -0.119211 -0.344084 39 83 167
0.0964348 0.297842 0.0867438 106 57 99
-0.178391 0.116923 0.295758 116 204 46
0.291024 -0.28093 0.0163265 43 96 145
-0.172757 0.240834 0.127168 83 135 42
-0.226929 -0.233657 -0.142779 108 160 119
0.0365294 -0.339575 -0.1774 47 144 66
0.0872568 0.314678 0.0838688 88 56 111
-0.198842 -0.241059 -0.187789 129 180 128
0.328601 0.00246571 -0.293655 53 87 189
0.354122 -0.0299304 -0.300695 38 63 183
0.272184 -0.203855 -0.205443 146 92 109
-0.160063 -0.120077 0.25848 118 244 105
-0.0108538 -0.305183 -0.0221117 180 188 161
-0.179994 0.0888097 0.327008 122 205 72
0.321146 -0.235763 -0.0320519 52 59 120
0.239752 -0.105786 -0.18772 217 90 140
-0.225146 -0.0216941 0.23135 121 244 112
0.159968 0.203194 -0.236832 137 96 74
0.113282 0.0871162 -0.0484687 210 149 78
0.286437 -0.0121301 -0.33215 91 125 233
0.108355 0.33897 -0.0834271 79 77 125
-0.14766 -0.0871828 0.320371 135 232 92
-0.205593 -0.0751789 -0.33805 101 214 147
0.00284327 -0.27465 0.110114 95 59 74
-0.191754 0.215304 -0.275314 47 182 68
0.309272 0.0319316 -0.298856 52 99 166
-0.0412989 -0.0755809 -0.337966 159 249 130
0.274728 0.0732032 -0.305282 59 106 142
0.1065 -0.195391 -0.302751 159 184 112
-0.320421 0.0631856 0.0114854 81 207 86
0.285217 0.0517793 -0.205778 139 39 144
0.245752 0.105615 -0.222009 150 50 119
0.323043 -0.00488774 -0.23727 102 53 200
-0.333692 0.087067 -0.157164 70 194 109
0.106968 0.087299 0.0588937 226 115 34
-0.189954 -0.00332635 0.318911 132 233 103
0.296749 -0.259115 0.0339922 36 85 112
0.148362 0.0881587 -0.16568 238 112 61
-0.0685408 -0.0112721 0.531331 40 132 113
0.163013 -0.300919 0.097311 78 33 152
0.104525 0.307508 0.0266122 124 51 145
-0.155261 -0.2273 0.00334908 182 190 114
0.194913 0.0977379 -0.188146 222 95 116
-0.0545002 -0.182172 0.250439 96 160 44
-0.219426 -0.0968256 0.183603 120 249 126
0.0126548 0.347692 -0.213662 47 151 169
0.0379459 0.00337016 0.540302 85 151 146
-0.10762 -0.115794 -0.336324 142 246 170
0.29548 0.0713545 -0.256046 74 44 118
0.215596 -0.330079 -0.00740059 64 117 198
0.0734819 -0.288476 -0.238381 132 190 154
-0.0181594 -0.211953 -0.32572 88 189 132
0.123825 -0.0751803 -0.341245 153 188 130
0.283226 -0.287965 -0.0957322 88 81 167
-0.215179 0.123602 0.223557 97 213 85
-0.0961073 0.323753 -0.135406 150 166 140
0.155632 -0.0339663 -0.084264 212 136 54
-0.178618 -0.247749 -0.191863 122 181 123
0.143827 -0.00733075 0.477666 72 143 96
0.0452429 -0.063996 0.500838 66 150 120
-0.319439 0.112394 -0.149746 82 193 112
-0.349646 -0.0667088 -0.111908 92 214 130
-0.0755629 0.179624 0.398386 137 161 163
0.195655 -0.0323709 0.19996 129 4 123
0.261906 -0.264522 -0.174971 124 97 112
0.0121474 -0.100158 0.45629 74 160 124
-0.307398 -0.123922 -0.247393 49 171 105
0.114339 0.227704 0.176677 99 67 8
0.25788 -0.251522 -0.194801 124 102 100
0.286914 -0.293882 -0.0477824 61 88 178
0.127656 0.179207 0.111532 195 98 76
0.0747154 -0.236081 0.108518 173 67 154
-0.185661 0.116433 0.282102 116 206 45
-0.229587 -0.0953407 -0.331673 61 193 120
0.156624 0.196173 -0.194376 203 105 119
0.213333 -0.294235 0.0833451 56 45 155
-0.220162 0.207108 -0.145895 195 199 133
-0.00709718 0.159839 0.502969 41 132 107
0.251765 -0.223274 -0.254484 112 101 82
0.114288 0.0552609 0.0222042 220 137 64
-0.0680459 -0.120795 0.360179 117 202 66
0.104708 -0.359506 -0.0849779 54 124 149
0.0626895 -0.104448 0.215994 231 104 60
0.0764265 0.359062 0.0102604 47 73 102
0.224377 -0.00632581 0.2696 43 69 93
-0.128784 -0.0698115 -0.337816 162 251 158
-0.230706 0.0241804 0.229669 119 244 119
0.0781857 0.138442 -0.00751949 216 99 39
0.276782 0.0471697 -0.194935 156 43 153
-0.136164 0.295811 -0.157578 153 166 127
-0.280717 0.0249363 -0.320678 38 175 91
-0.255203 0.0979489 0.151058 93 235 130
0.283045 -0.178507 0.0308569 91 33 148
0.013048 0.393743 -0.0128161 39 108 103
-0.0543921 0.159951 0.481883 36 129 116
0.0186158 -0.231787 0.149964 139 80 90
0.0853758 -0.272873 0.103903 132 49 146
0.153956 0.0323328 -0.120319 223 136 40
-0.334386 0.0304267 -0.237522 54 185 122
0.0643734 0.261033 0.13916 149 114 110
0.1274 0.09051 0.486353 75 147 111
0.0598856 0.225199 0.270254 167 129 112
0.2359 0.103568 -0.208508 172 58 124
-0.160927 0.0992097 -0.344739 107 213 139
0.070845 0.312064 -0.241995 55 139 171
0.120246 0.127123 -0.343039 119 138 84
0.0976315 0.205769 -0.0964974 243 145 140
0.227059 0.0137092 0.23744 52 38 85
-0.0471613 -0.112307 -0.336905 152 249 156
0.0476103 0.07022 0.537403 89 155 154
-0.154816 0.238512 0.165407 78 135 34
-0.135882 -0.249356 -0.105331 206 196 124
0.330575 -0.0073868 -0.253163 85 48 188
0.043963 0.387526 -0.134766 26 121 94
-0.0928887 -0.0749615 -0.337554 161 254 151
-0.263977 0.0977098 0.128879 92 234 123
-0.006403 0.19553 0.433522 87 133 132
-0.315649 -0.0503662 0.0341942 86 215 124
-0.0577304 -0.0959711 -0.337163 155 251 155
-0.240737 -0.223342 -0.170724 83 165 113
0.220389 -0.094787 -0.185359 220 83 122
0.211 -0.131704 -0.128771 229 90 109
0.247879 -0.278485 -0.180969 110 101 116
-0.12089 0.0546479 0.502034 41 138 130
0.147199 0.292866 -0.15811 110 52 147
0.134241 0.19221 -0.15183 236 141 140
-0.100434 0.0200761 -0.340253 167 246 130
-0.00425762 -0.312057 0.0510471 102 98 94
-0.0954959 0.309409 -0.102323 189 186 152
-0.356283 -0.0233328 -0.115828 92 216 133
-0.141601 0.0784326 0.459952 63 154 146
0.0407335 0.244225 0.157298 187 136 107
-0.0962202 0.170865 0.37931 145 179 156
0.198878 -0.142855 -0.341143 109 121 145
0.00595572 0.370055 -0.181058 24 129 129
-0.132391 0.210255 -0.314225 68 210 104
-0.293055 -0.130672 -0.26855 43 168 98
0.0749289 0.354278 -0.03787 80 100 127
0.160998 -0.0450142 0.430278 74 148 99
-0.315169 -0.149797 -0.111971 64 191 101
0.183843 -0.339307 -0.139605 54 109 148
0.0709673 -0.213567 -0.295862 160 203 134
-0.12235 -0.154398 0.259252 86 213 69
0.145043 -0.0651879 -0.0641579 203 120 43
0.102766 0.243434 0.133441 122 75 57
0.368544 -0.0627649 -0.285915 26 43 148
-0.077779 0.0523293 0.538334 44 132 114
-0.217152 0.190243 0.10727 114 186 101
0.105229 0.114406 0.106938 244 118 65
-0.258882 -0.00230809 0.158917 119 240 124
-0.0910648 -0.193918 0.225631 57 164 60
-0.10972 -0.231575 0.147322 58 151 82
0.300408 0.0600648 -0.285244 49 85 141
-0.260979 0.114011 -0.303356 32 178 85
-0.110416 -0.247783 0.0920573 118 183 124
0.178823 -0.00765839 0.380444 97 164 126
-0.33059 -0.109028 -0.0622266 78 207 112
0.251926 0.110966 -0.263146 97 59 108
0.0972823 -0.253587 0.105918 153 53 163
-0.259888 -0.123235 -0.310205 35 171 88
0.158975 -0.085918 -0.119331 187 78 18
0.282126 -0.162112 -0.10909 189 64 160
-0.0180002 -0.30787 0.00273932 170 175 155
-0.258369 -0.051747 0.141388 117 233 113
0.308811 -0.269825 -0.0201491 42 84 140
-0.111976 -0.234513 -0.307681 21 175 77
-0.324797 0.074725 -0.0141627 73 199 78
-0.250772 0.110955 0.154024 85 221 122
-0.222675 -0.22771 -0.201855 83 170 117
0.016621 -0.193802 0.186157 176 113 85
-0.122212 -0.237383 0.102124 103 183 122
-0.0869589 0.317831 0.107341 87 91 153
-0.303454 -0.15309 -0.0431531 64 191 90
0.042725 -0.324367 0.0563098 76 53 92
0.0978606 -0.0648421 0.473528 69 150 108
0.0594161 -0.0658055 0.493688 68 151 117
0.0702558 0.171956 -0.0793203 207 99 42
-0.00122369 0.207119 0.236385 236 167 97
0.156784 -0.318693 -0.177412 83 142 154
-0.0503289 0.262676 0.157983 195 177 173
-0.220664 0.0884937 0.236086 110 225 93
0.279987 -0.190562 0.0468574 75 26 143
-0.280822 0.0930036 0.0858932 92 217 94
-0.351498 -0.0381094 -0.0747116 91 216 127
-0.0896957 0.32719 -0.128625 157 168 146
-0.266087 0.0768257 -0.316638 37 176 91
-0.0614034 0.040253 -0.342077 162 236 111
0.023163 -0.122663 -0.337645 146 229 109
0.382302 -0.116783 -0.302333 24 47 106
0.100047 0.0386974 -0.345507 172 200 161
-0.00803477 0.334236 0.106575 97 91 181
0.195627 -0.0814593 -0.180692 216 71 96
0.17528 -0.122658 -0.11426 214 80 64
0.119564 0.0159845 0.0148261 224 148 80
0.0858702 -0.346886 -0.0409652 79 120 169
0.358587 -0.0531596 -0.331629 14 63 163
0.00577213 0.202101 0.40994 101 138 135
-0.00998839 -0.0525661 -0.339114 154 240 108
0.152423 0.0254498 -0.100359 230 146 44
-0.352035 -0.0257646 -0.176369 88 210 141
-0.111226 -0.200381 0.20214 54 177 85
0.146417 -0.098717 0.285522 146 96 148
-0.216915 -0.0367034 0.241067 124 244 110
0.186661 0.0610314 -0.344843 119 134 167
0.197683 -0.339825 -0.128778 48 102 150
0.207306 0.140915 -0.246428 148 63 98
-0.167125 -0.20862 0.0858645 123 212 120
0.0406852 -0.342313 -0.109572 111 136 152
-0.0413176 0.385202 -0.0097815 58 84 125
0.0256941 0.249126 -0.286806 132 208 166
0.221509 0.100994 -0.197767 197 75 127
0.0392573 -0.230522 -0.300101 130 205 149
-0.0233488 -0.291799 -0.27167 16 139 58
-0.0634999 0.129999 0.51187 39 131 112
-0.22328 0.212502 -0.203485 115 174 114
0.216212 -0.318246 0.0408329 52 90 180
-0.0781672 -0.131268 -0.336073 139 243 171
0.23607 0.122802 -0.259516 110 69 96
0.264294 0.0184049 -0.331324 97 134 209
-0.232152 0.185323 -0.10241 197 196 121
0.174552 0.160347 -0.291047 101 102 48
-0.176648 -0.0205814 -0.340009 146 242 162
0.169499 -0.0344324 0.393698 88 159 117
-0.0252934 -0.154518 0.279118 143 153 48
0.309245 -0.0249356 -0.330781 66 106 220
-0.222933 0.0402072 0.248039 119 236 103
-0.125047 0.128355 -0.346421 123 232 144
-0.299217 0.080556 -0.278711 36 173 95
-0.117046 0.133454 0.446645 73 150 148
-0.328669 -0.0617643 -0.00279102 80 211 122
-0.0249775 0.365087 -0.0758702 104 137 147
-0.144515 -0.069093 0.350993 136 232 111
0.256975 -0.148741 -0.105925 225 100 176
-0.334478 -0.0722118 -0.0263862 79 210 120
-0.273112 0.149887 -0.0277627 148 182 93
0.0902362 0.335518 0.046846 55 43 98
-0.0688054 -0.210565 -0.329129 43 184 113
0.125914 0.158173 0.366281 129 173 137
0.12057 -0.0817239 0.391707 101 163 137
0.192633 -0.0561064 0.227399 88 11 95
0.175372 -0.193188 -0.321132 109 130 110
0.187403 0.0109268 0.403713 88 153 115
0.116119 0.343122 -0.17372 16 65 92
0.05422 -0.172339 -0.323877 143 218 108
0.18072 -0.312025 -0.180848 103 132 154
0.00965865 -0.171865 0.210846 184 121 77
-0.299037 0.0575055 -0.292699 34 172 87
-0.100455 -0.253312 -0.103503 215 190 115
-0.115526 -0.133399 0.294828 108 214 54
0.12113 0.19184 0.087444 202 106 98
0.093059 0.2935 -0.250867 53 120 143
-0.163412 0.00520118 0.397308 111 209 156
0.175525 0.00937021 0.452345 71 142 93
-0.154209 -0.0752188 0.325548 138 232 97
-0.209049 -0.231903 -0.212275 95 175 119
0.345913 -0.0207214 -0.292629 45 69 189
0.0979017 -0.10029 0.0873399 212 67 21
0.187586 -0.0868591 -0.171611 210 64 79
0.0619558 -0.318491 0.0742726 73 51 99
-4.72433e-05 0.198991 0.422669 98 135 136
0.14138 0.0906422 -0.16052 235 111 52
-0.031658 -0.030226 -0.339539 156 232 101
-0.0435412 0.196155 0.283084 222 184 95
0.0633469 0.193155 0.381978 127 159 138
-0.273576 0.0698178 0.120548 99 231 115
-0.0777603 0.194664 -0.330936 109 229 131
0.194816 0.0444046 -0.344843 120 135 172
0.0649835 0.231179 0.253431 162 121 99
0.264327 -0.306038 -0.0909306 71 92 172
0.332978 -0.179034 -0.324489 25 61 109
0.12556 0.0232452 0.147088 241 82 120
0.0993309 0.300688 -0.0231758 150 91 174
0.166154 0.0859558 0.18584 200 106 175
0.0919193 -0.0761788 0.142935 225 56 32
0.214147 -0.312468 -0.166532 78 104 142
0.321507 -0.231765 -0.0563826 69 53 126
-0.0893914 0.344787 0.0560537 81 81 130
-0.135966 -0.221841 0.124288 83 193 125
0.0144945 0.381682 -0.155541 21 121 103
0.0373222 0.162342 0.495385 51 140 109
0.085094 0.0983312 0.512792 79 152 133
-0.0521083 -0.290487 0.0308813 158 152 138
-0.0925278 0.345261 0.0291273 123 104 163
-0.21392 0.125803 -0.330533 44 187 91
0.313756 -0.187726 -0.324527 32 72 103
-0.16205 0.261552 -0.135759 195 187 137
0.211981 -0.279278 -0.211845 121 118 122
-0.271576 -0.160333 0.0227343 79 194 93
0.148767 -0.0853577 0.227809 171 57 136
0.314751 0.0413026 -0.252023 73 56 152
-0.204115 0.0398978 -0.340679 109 216 149
-0.0800629 -0.283616 -0.255362 40 147 61
0.182199 -0.129383 -0.108106 224 83 81
0.144191 0.0552379 -0.116332 226 136 34
-0.170661 -0.212771 0.060536 135 203 110
0.101778 0.289566 -0.0086215 162 89 178
-0.146641 0.231658 -0.0045559 218 150 70
-0.222974 0.139633 0.196056 84 206 102
0.171299 -0.334427 0.0402145 47 76 168
0.140941 0.313256 -0.148755 69 46 120
0.118147 -0.160464 0.0203448 230 69 129
0.232367 -0.241306 0.0928855 71 28 159
0.145239 0.20498 0.202697 84 60 3
0.189642 -0.352138 -0.0665559 51 118 185
0.174694 -0.231307 -0.277193 153 147 119
-0.0730482 -0.105951 -0.336679 151 251 165
0.380526 -0.084117 -0.295644 17 47 116
0.0414866 0.375889 -0.0637646 65 124 115
0.0589766 -0.199546 0.120731 191 66 121
-0.209378 -0.198332 0.0522592 121 202 96
0.157677 -0.213979 0.0958296 194 62 203
-0.0683694 -0.181522 0.250451 85 170 41
0.0336408 -0.231671 0.136149 145 76 97
-0.246022 0.0722537 0.184245 104 242 141
-0.115054 -0.262878 -0.142333 201 203 136
-0.0492547 -0.0867217 0.460035 58 159 132
0.0249504 0.315609 -0.242822 77 165 194
0.0888375 0.122318 -0.0422916 204 115 41
-0.0868706 -0.0826046 -0.337297 161 253 156
-0.00589213 0.218784 0.192622 237 152 97
-0.135596 0.269675 0.0143289 219 183 149
0.0632591 -0.342348 -0.0645823 105 134 174
-0.299358 -0.104545 -0.277712 43 169 96
0.0904538 -0.108612 0.325368 175 172 153
0.120564 0.163321 0.404693 103 163 128
-0.22866 0.0693973 0.226843 114 236 121
-0.350142 -0.0472337 -0.0734272 92 217 127
0.0737591 0.0673732 0.526514 91 158 148
0.225087 -0.257055 0.0941067 73 29 164
-0.0692552 0.200462 0.250544 207 171 63
0.106919 0.198907 -0.31385 88 148 57
-0.202792 0.207788 -0.11141 207 190 115
-0.350145 0.00689376 -0.187895 83 208 140
-0.182484 0.202996 0.00559701 216 171 86
0.246926 -0.307276 -0.136178 84 94 142
-0.202493 0.208752 0.104735 112 180 97
0.148067 0.257268 -0.138165 180 98 182
-0.326166 -0.0724036 -0.00409181 78 209 121
0.0633565 -0.252393 0.109364 142 62 134
0.116882 0.085909 0.495682 79 150 120
-0.0728942 -0.0485051 -0.338595 162 247 127
0.22151 -0.0202724 0.258071 37 51 80
0.183063 -0.220813 -0.292993 121 130 109
0.0524701 -0.108701 0.403355 126 180 145
0.171763 0.0478049 -0.346911 138 144 180
-0.0874542 0.181458 0.336859 183 193 128
0.150431 0.0352338 -0.105735 227 142 42
-0.276429 -0.150779 -0.274873 38 167 92
-0.209368 0.0114216 0.279802 127 233 94
-0.0840791 -0.288578 -0.186463 149 173 129
-0.0860713 0.123435 -0.346458 141 243 143
0.113149 0.0645175 0.503383 84 154 126
0.288585 -0.276584 -0.108841 93 78 158
-0.119256 -0.236903 -0.0447366 215 168 84
-0.0909548 -0.0551375 0.472364 57 160 147
-0.17954 0.0580217 0.356975 120 214 102
-0.284303 0.117698 0.0349611 103 196 69
0.0933333 0.237662 0.212876 121 88 42
0.382664 -0.0921775 -0.327524 9 62 103
-0.121415 0.286189 -0.238811 53 181 68
-0.291407 -0.177851 -0.17811 56 175 108
0.314445 -0.149253 -0.244805 135 66 135
-0.213539 -0.180463 0.0823001 108 216 98
-0.129225 0.120343 0.443021 67 151 144
0.163099 0.118524 0.336074 137 180 153
-0.261405 -0.0416473 0.140739 117 234 114
0.0469278 -0.291279 -0.252039 101 175 134
-0.207353 -0.0108946 0.276098 125 238 102
0.354503 -0.12994 -0.342238 7 56 105
0.229796 -0.309035 0.0492154 48 88 171
0.187289 0.104424 -0.189697 225 97 114
0.295838 -0.19793 -0.312039 41 73 106
0.0908273 -0.234303 -0.271711 165 201 152
0.103047 0.0246328 0.512394 87 153 131
-0.122755 -0.122534 0.302702 116 220 65
-0.0779387 -0.261821 -9.34972e-05 206 182 124
0.0209177 -0.238328 0.141364 135 75 90
-0.039342 0.101361 -0.346588 151 241 133
0.0944646 -0.349081 -0.149971 48 145 108
-0.219536 0.154488 0.187381 72 191 86
-0.137612 0.119902 0.419944 93 165 148
0.0679514 0.368577 0.00998524 35 85 91
0.307465 0.0455745 -0.291395 51 88 151
0.105807 0.0733799 0.117744 234 93 42
0.0254841 -0.0274728 0.532997 74 146 130
-0.257143 -0.081986 0.125006 111 229 112
-0.0836862 0.232211 0.198267 190 175 119
0.21215 0.0633682 0.287559 90 131 136
-0.165597 0.206088 0.200825 85 165 37
0.244192 0.112299 -0.282774 79 78 106
0.21584 -0.0446217 -0.343973 147 160 254
0.183338 0.161507 -0.261882 125 85 61
-0.260847 0.158587 -0.256989 52 181 104
0.154626 0.188934 0.204092 87 57 17
0.0563209 0.340826 -0.218795 35 130 159
0.318164 -0.0826794 -0.237745 140 61 187
0.218489 -0.333499 -0.119185 50 101 158
0.189681 0.136704 -0.213377 200 88 98
-0.199847 0.0196074 -0.340442 123 226 156
0.0434847 0.228307 0.217025 189 140 98
0.102941 0.101014 -0.0372902 212 143 74
-0.10055 0.324765 2.7563e-06 174 162 183
0.219891 -0.0161696 0.277641 42 62 91
0.147955 0.225048 -0.251966 110 106 65
-0.274344 -0.180303 -0.0161356 68 175 84
0.137684 -0.353366 -0.0308093 52 110 176
0.166639 0.121287 0.320409 135 178 151
-0.11934 0.171475 0.302215 174 184 71
0.278367 -0.170326 -0.20224 165 79 134
0.246375 -0.217753 -0.289345 83 93 83
-0.206741 0.186842 -0.00866661 209 174 84
0.109998 -0.0740062 -0.341241 150 195 113
-0.0972257 0.277444 -0.266281 65 198 104
-0.122491 0.267668 -0.264889 49 189 68
-0.099206 0.0634856 -0.342897 164 249 135
0.0791279 0.0318966 -0.344581 165 205 139
-0.263437 0.130505 0.0785767 105 213 90
0.0654958 -0.0950972 -0.339741 144 207 91
0.137075 0.0778357 -0.136636 231 119 29
-0.172695 0.0707165 0.373264 114 201 121
0.165721 0.136735 0.208748 135 83 115
-0.10529 -0.0785465 0.403047 117 207 141
-0.0125257 0.198805 0.27752 229 187 117
0.0278028 0.1681 -0.337117 137 198 113
0.0395977 0.3778 -0.0428968 54 118 110
-0.0874864 0.328046 -0.192334 59 160 95
-0.297065 -0.133132 0.00606553 74 201 105
-0.311278 -0.137191 -0.0390014 69 200 100
0.0174639 0.37796 -0.0706661 65 128 120
-0.200194 0.189546 -0.01702 209 172 81
0.205671 -0.00618788 0.197006 102 0 109
0.20033 -0.0185309 0.196058 114 0 115
-0.103897 0.278621 -0.0481492 223 183 134
0.202811 -0.0472938 0.281896 50 58 98
0.285041 0.0596313 -0.211227 134 37 139
-0.0599099 0.213453 0.21773 224 165 87
0.0956526 -0.344671 -0.00858918 67 101 154
0.165635 -0.0625065 0.3423 89 140 137
0.305386 -0.171229 -0.0533232 123 29 150
0.261442 0.0846836 -0.305559 60 105 131
-0.244087 0.128015 0.157711 84 219 122
-0.0867432 0.306838 -0.0594494 204 185 154
-0.356731 -4.0479e-05 -0.13697 92 217 136
-0.149118 0.10995 0.402755 101 174 139
-0.244596 0.0522386 -0.333819 67 192 119
0.059684 0.0640181 -0.345909 162 200 134
-0.334734 -0.0397064 -0.00770808 78 211 122
0.0908803 -0.280296 -0.235106 146 194 161
-0.315055 -0.126523 -0.0329933 73 204 107
0.267943 -0.15307 -0.0174482 180 55 214
-0.166832 0.184522 -0.322519 50 195 80
0.137782 0.052618 -0.0753759 228 159 64
0.035771 -0.123523 0.214512 228 104 58
-0.154477 0.0502222 0.439263 83 177 158
-0.0240411 0.00365112 -0.341062 157 224 97
0.113016 -0.0752219 0.0369166 223 90 43
0.0724432 0.142952 -0.0310836 205 94 36
0.311589 0.0113567 -0.309718 60 105 197
0.170503 -0.321502 0.0742384 56 49 152
-0.310029 -0.0829282 0.0267223 83 209 119
0.253915 -0.0199727 -0.340029 121 144 244
-0.0881217 -0.151417 -0.335586 106 226 160
0.0943787 -0.0763598 0.133628 216 57 19
-0.00174418 0.190044 0.450665 57 126 116
0.156336 -0.187231 0.0696218 214 75 205
0.0743848 0.377867 -0.154415 4 109 83
-0.0345927 -0.279116 -0.0599289 215 199 138
-0.0551485 -0.231572 0.18249 67 128 62
-0.122354 -0.136807 -0.336033 126 240 164
0.30091 -0.167079 -0.0663529 146 37 158
-0.287118 0.084317 -0.292897 31 172 84
0.0816187 -0.123922 0.103438 210 56 30
-0.165371 -0.0334376 0.354402 135 234 125
0.121432 0.334169 -0.18003 17 68 97
0.263033 -0.278031 -0.157383 108 91 131
0.230811 -0.328952 -0.0412492 61 117 201
-0.29849 -0.0491073 -0.301396 43 170 92
0.137725 -0.0200006 -0.0324595 230 159 97
0.354756 -0.153372 -0.286924 41 48 110
-0.329217 0.0700756 -0.220901 54 191 123
-0.177571 -0.242296 -0.0732991 167 180 140
-0.0784468 0.329161 -0.109066 166 175 154
-0.154744 -0.135886 0.245886 107 238 103
0.161916 0.116647 -0.33686 99 121 101
0.271923 0.0625388 -0.314934 61 110 154
0.156473 -0.138072 -0.0537859 236 102 142
-0.195646 -0.126521 0.194383 118 255 144
-0.140056 0.274454 0.12262 84 117 62
0.23838 -0.307452 -0.150588 88 98 135
-0.0137675 0.0993719 0.542668 66 137 135
0.107106 0.31485 -0.221914 34 95 134
-0.186616 -0.157879 0.168422 111 250 150
0.0962263 0.111388 -0.347018 139 163 107
-0.0583351 -0.278099 0.0896588 78 121 68
-0.0589881 -0.00483932 -0.340145 159 229 103
-0.0596037 0.1902 0.380599 152 164 163
-0.0587324 0.350806 -0.125521 116 151 138
-0.202917 -0.00611075 -0.339981 116 221 152
-0.199239 0.114247 0.259769 111 213 58
0.166022 -0.0507589 0.357405 88 153 138
-0.120406 -0.0162889 0.477501 53 154 152
0.00990542 0.321824 0.112139 119 100 189
-0.111322 0.238379 0.190478 150 167 92
0.112876 -0.172129 0.0442825 222 58 129
-0.199357 -0.181359 -0.310619 39 185 98
0.0972175 0.239588 -0.29085 91 148 78
-0.0584102 0.241455 -0.300484 115 232 151
0.241411 0.102246 -0.303515 67 100 110
-0.269045 -0.00969454 0.136741 118 235 123
-0.253129 -0.218886 -0.103225 88 143 100
-0.24684 -0.196337 -0.250589 46 166 98
0.287116 0.0800664 -0.250756 86 38 113
0.0045364 0.256081 0.145622 202 163 157
0.0297169 0.211725 0.27048 209 165 130
0.117198 -0.0941107 0.223634 203 95 133
-0.140471 0.0136269 -0.339918 166 249 153
0.179125 -0.263102 -0.237325 153 157 128
0.309592 0.0511539 -0.252959 68 51 136
-0.167931 0.22516 0.025294 217 183 122
0.131205 -0.290508 -0.210858 138 169 166
-0.129944 -0.238891 -0.0590001 215 170 87
-0.27557 -0.200343 -0.0995414 61 157 80
0.0661403 0.363531 -0.0443297 69 111 118
0.225094 -0.0840056 -0.343968 131 140 234
0.126672 -0.0392501 -0.342518 163 190 164
-0.339805 -0.0773728 -0.192441 78 196 135
0.177063 -0.321642 -0.169562 91 131 152
-0.0357324 0.239635 0.172247 223 162 123
-0.0593765 -0.269926 -0.018284 211 187 126
0.0561593 0.316272 0.106525 112 87 149
0.241436 -0.319033 -0.0119253 68 120 201
0.0904717 0.0973635 -0.347541 151 176 127
-0.292557 -0.101231 0.0469517 89 212 117
0.250821 -0.0564483 -0.344244 120 144 252
0.347673 -0.171509 -0.299764 42 52 110
-0.308427 -0.0106736 -0.294499 42 170 94
0.107178 -0.0858483 0.0693639 212 71 20
-0.156121 0.118287 0.358054 125 196 103
-0.0343219 0.0513744 0.551221 63 134 127
-0.189438 -0.244519 -0.188571 129 180 128
0.143017 -0.137306 -0.337481 135 169 125
-0.342962 -0.0424629 -0.0340186 81 213 123
0.0486677 0.267444 -0.276675 104 185 169
0.145217 -0.35662 -0.118269 41 120 140
0.0738172 -0.0942842 0.160989 220 60 28
-0.0968052 -0.171672 0.254714 72 186 45
0.106613 0.348016 -0.180249 8 76 94
0.105691 0.203518 0.316931 116 129 95
-0.286837 0.135398 -0.0217191 139 179 87
-0.300391 -0.167759 -0.0733004 55 179 79
-0.266215 0.136838 0.04648 133 195 77
-0.346823 0.0298054 -0.192674 71 202 133
0.078369 -0.167598 -0.322986 141 209 95
0.0635654 0.161878 0.482803 58 145 112
-0.115662 0.206175 -0.320997 77 212 110
0.124936 0.215273 0.121324 154 66 56
0.250789 0.0732752 -0.321313 69 112 144
-0.278895 -0.195804 -0.144252 59 166 97
0.038964 0.199247 0.396089 110 148 135
0.180528 0.128733 0.243985 111 103 124
-0.108451 0.159468 -0.342745 109 227 132
0.274828 -0.114057 -0.206938 194 93 171
-0.199236 -0.031624 0.281433 129 240 105
-0.305142 -0.00537517 0.0683227 94 221 123
-0.159551 -0.202484 0.125866 100 219 140
-0.262541 0.164072 -0.08675 173 189 115
-0.348924 0.051424 -0.109378 71 209 108
-0.134648 0.294106 0.0560198 159 142 149
0.0958095 0.301438 -0.242499 45 118 144
-0.315237 -0.113375 -0.0145429 76 207 112
-0.169305 0.246983 0.0748519 173 167 137
0.181168 -0.0511729 0.327914 76 125 128
-0.089225 -0.0431021 0.49078 47 147 142
0.0526113 0.358436 -0.199467 14 116 135
0.235667 -0.156513 0.0118566 205 60 239
0.0954857 -0.354822 -0.130301 47 135 114
-0.158781 0.18977 0.228056 107 185 41
-0.255223 0.0329317 -0.33244 54 186 111
0.162103 0.135974 0.200222 157 92 121
0.161051 -0.0270787 -0.343954 167 177 214
-0.0133808 -0.0849287 0.479528 57 153 121
0.0242515 0.378754 -0.0529458 60 124 115
0.163507 -0.234799 0.105821 154 40 190
0.0221493 0.0870468 0.541877 78 143 147
0.0937111 0.0949794 0.508634 83 156 133
0.145122 0.0556808 0.480225 75 146 102
-0.226948 -0.0688548 -0.335758 88 205 135
-0.0918529 -0.0950512 0.389378 125 206 101
0.095656 0.181074 -0.327318 106 159 61
-0.147497 0.0512742 0.456704 73 169 158
-0.114648 -0.0251276 0.477841 53 153 152
-0.18555 -0.212869 0.0395745 146 198 105
0.0252609 0.13385 -0.346733 149 201 117
-0.0184018 0.135404 0.523824 48 134 116
0.110338 -0.231974 0.103247 179 60 176
-0.32285 -0.00104963 0.0303734 83 217 117
-0.0496149 -0.191815 0.236259 105 151 51
-0.148672 -0.167896 0.211426 85 226 130
-0.300325 0.0701972 -0.284026 35 172 92
-0.154176 -0.224453 0.0240858 174 192 113
-0.224508 -0.0388311 -0.337609 90 205 137
-0.257919 -0.211394 -0.169402 66 168 107
0.329052 -0.1724 -0.278869 70 54 110
-0.189045 -0.164986 0.152256 110 242 145
-0.0464115 0.247205 -0.295264 117 230 161
0.150564 0.192002 0.27592 79 98 43
-0.0251591 0.368679 -0.112125 92 136 138
0.0745752 0.214874 -0.0113718 228 129 140
-0.181053 0.234074 0.115431 99 143 64
0.3007 -0.165448 -0.340504 23 70 110
-0.290818 -0.134879 0.017321 78 202 106
0.216394 -0.0146201 -0.17741 236 106 185
0.134461 0.0223854 -0.037713 234 161 90
0.110643 0.0635701 0.0663449 213 111 30
0.201187 0.0231329 0.325106 108 167 141
0.102703 0.258722 -0.0617948 216 129 200
-0.20528 0.190078 0.0154046 213 180 100
-0.19324 -0.24166 -0.0811972 162 178 140
-0.151027 0.219296 -0.0176226 210 139 55
0.132962 -0.0165276 -0.0210607 227 158 97
0.0575819 0.174249 -0.0222409 216 91 63
-0.153508 -0.256114 -0.165253 173 196 135
0.0824015 -0.312908 -0.211382 98 175 138
-0.00662557 -0.0140153 -0.340495 154 224 98
0.117998 0.0711431 0.147179 246 115 120
0.107047 0.212371 0.0397693 214 117 130
0.0249688 0.234044 0.169955 204 142 109
0.17724 -0.0378474 0.188829 160 25 134
0.0802734 -0.15941 0.0687316 216 50 79
0.253967 -0.147682 -0.155451 206 89 146
-0.119907 -0.270388 -0.190973 166 188 128
0.165099 0.0881641 -0.343759 110 129 129
0.10169 -0.290133 -0.221435 138 186 162
0.111201 0.230933 0.255887 111 87 49
0.277116 -0.211861 -0.17612 158 86 124
-0.347728 -0.000189289 -0.201341 80 204 140
-0.277583 0.0465944 -0.318629 40 177 92
-0.169142 -0.0309682 -0.339504 148 243 162
-0.0499847 -0.24891 0.156404 65 116 54
0.0351248 0.0056814 -0.342144 155 215 104
0.141853 -0.0217871 0.474418 69 143 92
-0.0404273 -0.280684 -0.0934997 217 190 135
0.0720612 0.18589 0.42016 88 154 126
-0.021927 0.350248 -0.202817 43 153 136
-0.126482 0.284885 0.122551 89 108 88
-0.273245 0.112983 -0.289724 30 173 89
-0.198317 0.207076 0.0614034 189 196 137
-0.150851 0.00428339 0.431441 95 196 166
0.238075 -0.321835 -0.0197404 68 120 201
-0.204941 -0.136817 -0.329312 60 198 122
-0.172091 -0.188128 -0.318397 39 188 98
0.172668 0.0976894 -0.183316 229 105 98
0.318466 -0.0568045 -0.23606 136 59 205
0.272862 -0.0431953 -0.342242 101 131 245
0.208663 0.0566085 0.211755 115 28 136
0.0582758 0.194818 -0.323608 122 179 100
-0.0337033 0.389533 -0.00787263 54 82 122
0.100449 -0.357771 -0.0756793 64 124 158
-0.0211145 -0.0363981 -0.339446 157 232 101
-0.113506 0.315051 -0.171813 108 151 108
-0.341153 -0.0270698 -0.224701 72 190 134
-0.110272 -0.271625 -0.240907 66 158 77
0.113123 0.0456291 0.0640146 213 116 34
-0.342492 0.0518436 -0.0505479 74 210 93
-0.291286 -0.148795 -0.00133674 72 197 98
-0.0565209 -0.0601481 -0.33832 161 249 131
-0.0369523 -0.116818 0.399286 105 182 100
0.0798677 0.233097 -0.0322778 225 137 173
0.0085781 -0.123007 0.387144 132 184 111
-0.184757 -0.0492753 0.296851 134 241 106
-0.0330395 -0.294254 -0.266425 16 139 54
0.33363 -0.14225 -0.342855 9 54 118
0.086978 0.353056 -0.191833 8 94 114
-0.244045 0.190837 -0.215166 94 185 117
-0.290873 -0.173986 -0.0496706 57 173 78
-0.210234 0.225148 -0.177702 159 182 129
-0.262069 0.0899 0.138417 95 237 128
-0.000857896 -0.127336 0.370617 128 181 96
0.307733 -0.189642 0.0040485 67 37 123
-0.2035 0.0491326 0.292229 123 227 82
-0.160901 -0.126258 0.249445 115 245 114
-0.157721 0.0445222 0.430741 85 180 157
0.030696 -0.144216 -0.334954 145 222 103
-0.0977817 -0.0775975 0.418038 108 201 145
-0.0814754 -0.236069 0.166361 47 136 62
-0.197025 -0.230066 -0.237704 71 171 100
-0.185681 0.204812 -0.29468 43 187 69
0.291201 -0.212102 -0.147057 161 77 132
0.182246 -0.211555 0.0931957 164 32 205
0.132241 -0.0648342 0.443614 73 146 102
0.114671 0.00321756 0.5016 78 148 113
-0.109719 0.0182123 -0.34004 168 244 129
-0.244012 -0.0780864 0.152373 115 235 114
-0.156053 0.00635111 0.418992 97 200 162
-0.273574 -0.194199 -0.0503656 70 153 79
-0.337272 0.0407492 -0.0204128 74 210 101
-0.135868 0.286816 -0.219797 63 168 66
-0.0678934 -0.233825 -0.32026 18 165 79
0.0356659 0.263718 -0.277928 122 198 171
0.143382 -0.0686325 0.377137 96 161 140
-0.310672 0.0684833 0.031665 85 204 79
0.193542 0.0495411 0.413015 88 153 119
-0.0662135 0.340604 -0.110032 149 165 152
0.106807 0.241907 -0.284657 88 146 73
0.136837 -0.169427 0.035653 234 82 180
-0.159898 -0.135675 -0.335651 101 224 150
0.121265 -0.03205 0.0221063 225 126 67
-0.107268 0.124954 -0.346737 134 238 145
0.098223 0.111921 -0.0527129 205 131 55
-0.0964549 0.155088 0.439481 78 142 151
0.0635565 -0.13792 -0.334446 137 212 89
-0.157852 -0.000693143 0.40747 109 208 158
0.101739 0.284003 -0.253677 64 125 128
-0.115186 -0.0816698 0.379629 129 216 122
0.0152429 -0.135061 0.25628 206 129 65
0.37309 -0.0759473 -0.287682 22 42 130
0.0383033 0.384974 -0.151909 8 117 96
0.16055 0.155229 -0.312897 82 117 44
0.00684491 0.0286761 -0.342965 161 221 111
0.0931367 0.341465 -0.203255 16 91 123
-0.00935635 -0.134189 0.339087 153 187 78
-0.111382 0.144629 -0.345306 107 225 132
0.170931 -0.209745 0.0927677 175 41 208
0.0482754 0.218344 0.276717 179 139 118
-0.223372 0.124234 0.207949 88 213 112
-0.270348 -0.0996752 -0.311572 40 173 93
0.164796 -0.0373406 0.438245 71 144 94
0.162571 0.175927 0.219785 94 61 29
0.140702 -0.236692 -0.263672 172 171 130
0.148121 0.0461807 -0.116612 224 139 38
0.00236603 0.20021 0.31354 198 182 149
0.344201 -0.0274269 -0.315889 33 74 187
-0.125129 -0.233365 -0.00755989 202 186 112
-0.233877 0.0183867 0.221395 120 246 121
-0.123192 -0.197936 -0.326681 38 190 106
-0.300243 0.116486 -0.0128282 111 180 76
-0.251315 0.174887 -0.24588 63 185 112
0.0554638 0.156286 0.494007 52 142 111
-0.174981 -0.21787 0.0315312 160 193 106
0.22474 -0.00761522 -0.17542 235 107 187
-0.276361 0.160006 -0.163152 136 200 136
-0.270867 -0.0919372 0.0936228 102 222 114
0.111807 -0.0738591 0.448455 76 150 111
-0.0725677 0.150128 -0.345123 132 240 140
0.165286 0.11247 0.444332 70 140 97
-0.101065 -0.20853 0.197987 52 159 78
-0.0835329 0.349187 -0.000439298 138 131 173
0.296809 -0.250991 -0.125187 127 80 135
0.024272 -0.157725 -0.33285 144 219 106
0.107024 -0.0699469 0.45979 68 149 105
-0.0293927 -0.303898 -0.121444 182 191 160
-0.321535 0.0913247 -0.0305435 82 191 73
-0.162166 -0.00469121 0.392018 109 211 154
0.00433669 -0.0287707 0.535386 64 140 124
-0.202412 0.0671819 0.287264 122 224 72
0.134111 -0.244072 0.107676 158 47 181
0.14878 0.204952 -0.168899 216 125 152
-0.150354 -0.0199308 0.405845 109 209 161
0.130806 -0.1019 -0.0464747 200 86 44
0.129863 -0.155904 -0.331339 134 176 106
-0.122709 0.120327 0.458359 62 147 141
0.00164093 0.146105 0.516634 48 133 116
0.309113 -0.156398 -0.243228 135 66 135
-0.168141 -0.167553 0.183776 101 240 149
0.291518 -0.200811 0.0427347 62 37 124
0.112844 -0.0346078 0.0968531 221 80 24
0.127655 0.176327 -0.154221 241 137 124
-0.163944 -0.203204 0.112426 108 218 135
0.0393967 -0.304422 0.0824522 84 47 89
0.28669 -0.200432 -0.313354 45 79 102
0.154001 0.133887 0.332344 134 180 147
0.0274694 0.00868401 0.544181 87 151 150
0.279618 -0.0203458 -0.192928 199 80 225
-0.175204 -0.126421 0.227599 113 250 136
0.144558 -0.0595795 -0.342004 160 178 173
-0.0113374 -0.158644 0.256957 161 143 59
0.0779636 0.0880631 0.520023 82 156 139
0.0989787 -0.269955 -0.23948 161 195 161
0.0124562 -0.330218 -0.119841 149 150 157
-0.127056 0.303799 -0.182799 101 151 100
0.203528 -0.345608 -0.0581488 55 115 190
0.21531 -0.221736 0.0935445 120 10 186
-0.107822 0.296734 -0.234395 52 177 73
-0.00861261 0.199198 0.416109 98 134 136
0.281672 -0.297112 -0.0157074 62 101 183
-0.328172 -0.0624465 -0.247926 58 176 117
0.182819 0.105073 0.418175 76 143 107
-0.0490053 -0.280803 0.0919881 77 115 63
0.0646935 -0.275662 -0.254419 128 192 153
0.198228 -0.162427 0.0253582 231 89 241
0.20924 0.0764546 -0.336641 89 117 143
-0.0857212 0.250005 -0.293738 91 218 131
-0.0362744 0.370315 0.071162 30 54 108
-0.08488 -0.137684 -0.335885 138 243 171
0.168752 0.151956 -0.309033 84 118 51
0.311961 -0.17725 -0.334231 23 69 107
-0.0949679 -0.277622 -0.163537 179 194 140
0.170192 -0.0342985 0.42296 77 150 104
0.117625 0.300098 -0.227046 42 92 129
0.311049 -0.108298 -0.233747 153 70 173
0.0690559 0.161523 0.0012243 225 94 57
-0.155754 -0.213513 0.0968967 121 211 131
0.0762921 0.220108 -0.0588721 227 126 119
0.116854 0.199276 0.313397 104 129 88
-0.0218828 -0.308358 0.0235817 144 136 127
-0.236309 -0.103893 -0.327932 59 192 118
0.0736495 0.324534 0.0898463 87 62 123
0.0571647 -0.0233067 -0.341463 153 213 103
0.26112 0.10379 -0.264915 87 58 109
-0.235947 0.0898793 0.201696 103 230 122
-0.121776 -0.0980596 0.341251 131 222 82
0.229508 -0.321231 0.00525107 65 118 198
-0.113062 0.203893 0.23565 154 183 60
-0.142389 0.279606 0.0479208 187 165 158
0.087621 0.238528 0.180408 133 94 47
0.282226 -0.158883 -0.207714 170 82 141
-0.191558 -0.125922 -0.334231 81 210 136
-0.328286 0.0366251 0.00811645 75 209 98
0.176319 -0.186821 0.068943 206 61 220
0.0382655 -0.00864469 0.537337 81 148 141
-0.172179 -0.151364 -0.332423 64 204 126
-0.257328 -0.146926 0.0639892 93 210 98
-0.051639 -0.0399068 0.520264 42 137 115
-0.0791093 -0.00480948 0.528947 37 132 112
0.25268 -0.269128 0.0745999 47 56 136
0.0954375 -0.0945886 0.215293 222 109 118
0.204514 -0.00110747 0.317956 88 153 131
0.136037 0.0332122 -0.0493045 234 161 81
0.271247 -0.149455 -0.058919 192 64 185
-0.0721998 0.244064 0.182155 193 177 132
0.113242 -0.00327571 0.1211 230 77 48
-0.335304 -0.100913 -0.17507 77 197 130
-0.168526 0.254115 -0.135355 199 187 136
0.148958 0.285448 -0.168068 116 54 150
0.109213 -0.0581342 0.0978793 212 73 17
-0.10745 -0.145769 0.284355 100 204 40
0.22289 0.0508501 0.244181 81 39 111
-0.189777 0.0513396 0.327092 127 222 88
-0.0642787 -0.225528 0.190346 65 132 64
-0.354342 -0.0185691 -0.0833813 91 216 130
-0.220294 -0.236731 -0.126102 129 165 128
0.244328 0.0451919 -0.177655 208 64 171
-0.0492892 -0.207434 0.215928 83 140 70
0.0450532 -0.0533785 0.510542 65 147 118
0.185158 -0.203811 0.0871281 181 43 214
-0.310569 0.0872539 0.0105572 86 190 67
-0.298746 -0.0872801 0.0461438 88 212 119
-0.309234 -0.0594711 0.0430233 86 214 122
0.0540233 0.371389 -0.0461537 65 119 115
0.0732548 -0.341395 -0.034333 87 120 167
-0.0153053 0.0567593 -0.344238 158 235 122
-0.0163748 0.39359 0.0380596 9 60 72
-0.340148 -0.0429888 -0.22216 76 194 136
-0.335366 -0.0225566 -0.00414983 78 212 121
-0.264502 -0.0956631 0.101859 105 224 112
0.151498 -0.295182 -0.203248 126 157 163
0.324063 -0.185792 -0.297119 54 62 107
-0.0559343 0.194366 0.297787 211 188 100
-0.10672 -0.276614 -0.189479 156 182 128
-0.181858 0.0373093 0.354141 123 221 110
0.182313 0.00672964 0.380165 100 167 134
0.079179 -0.299388 -0.225706 110 180 144
0.280626 -0.262521 -0.144104 121 85 134
0.197387 -0.331154 0.0189468 56 96 189
-0.302476 0.0919921 -0.262786 43 179 107
-0.0115577 0.371165 -0.0837684 88 131 136
0.25466 -0.099105 -0.344558 87 120 215
0.222257 0.101654 -0.317929 72 108 112
0.125667 0.217043 0.165128 107 63 15
0.167975 -0.285454 0.104587 88 32 161
-0.113622 0.0102116 0.505366 37 137 126
-0.080796 -0.195792 -0.331899 48 190 120
0.167811 0.0236374 0.462022 70 143 94
-0.345718 -0.0707998 -0.164027 85 205 135
0.0673109 -0.304518 0.0886856 86 45 101
0.0571515 0.194937 0.370956 140 160 141
0.140082 -0.0482521 -0.0431187 220 132 64
0.10867 0.355267 -0.104931 40 88 97
-0.0223428 0.366941 -0.0909998 96 138 142
0.0568555 -0.301902 -0.236273 83 164 117
0.00381024 0.212602 -0.311227 135 224 149
-0.287503 -0.16256 -0.0137933 68 180 86
0.0962102 0.130576 -0.1051 209 105 18
-0.0694211 -0.170819 -0.334934 97 217 155
0.169711 -0.0818785 0.297686 91 68 129
0.116352 -0.0426502 0.0710669 215 97 29
0.161489 0.129897 0.320035 136 179 152
0.0188428 -0.00105225 0.544042 82 145 144
0.0980674 0.162922 -0.124047 238 114 64
0.0380093 0.182113 -0.330499 137 196 114
-0.196077 -0.231934 -0.0352081 158 177 136
0.0606459 -0.0971137 0.437538 89 165 134
-0.168659 0.262963 -0.214897 78 162 76
0.0676112 -0.351912 -0.128285 66 131 107
0.0944459 -0.268035 0.105702 141 49 157
-0.0395528 -0.239335 -0.317569 32 153 88
-0.0538233 -0.0970678 0.434381 88 180 125
-0.251101 0.184714 -0.206104 105 191 128
0.266021 0.037976 -0.326876 81 125 189
-0.262813 -0.081439 -0.32095 50 181 106
0.146482 -0.0780029 -0.341333 156 178 158
-0.237364 0.106033 0.189982 96 225 124
0.0421252 -0.0189036 -0.341239 153 215 100
-0.13196 0.0413065 0.487174 45 142 139
0.233591 0.0603293 -0.33332 90 123 165
0.261878 -0.227122 -0.211052 142 94 103
-0.1487 0.0691317 0.449321 70 165 149
-0.116937 0.180045 0.280817 169 184 59
-0.246869 0.0261369 -0.334989 54 185 111
0.155117 0.0323566 0.163245 217 85 157
-0.111246 -0.244329 0.107248 95 175 115
-0.0824221 0.184645 0.327424 186 193 121
0.0568456 -0.210127 -0.303891 144 214 137
-0.334164 0.0467494 -0.228025 58 190 126
0.056778 0.312645 -0.243507 66 152 183
-0.125283 0.183337 -0.332699 77 213 108
0.0828116 -0.180524 0.0802247 210 52 95
-0.0373781 0.384261 0.0456419 20 60 83
-0.268942 -0.167544 0.0172837 77 193 91
-0.34847 0.0498827 -0.151492 69 205 122
-0.0610374 -0.14551 -0.335966 130 236 165
0.362 -0.0850236 -0.273249 33 34 135
0.154399 -0.359894 -0.0666487 51 120 172
0.0600626 0.197762 0.346845 150 162 133
0.0667089 0.364982 -0.0590597 69 118 117
0.0678441 0.174843 -0.333544 125 176 95
0.150666 0.120026 -0.33839 99 123 90
-0.140415 0.198062 -0.321122 63 204 98
0.0969909 0.31293 -0.0331511 125 83 161
0.0857119 0.376669 -0.139125 11 105 81
-0.311714 -0.0315284 -0.287806 44 169 95
0.0602063 0.386044 -0.134867 18 116 88
0.110887 -0.0528747 -0.3418 157 197 127
-0.0633878 0.280654 0.146547 169 160 181
0.218253 -0.0195191 0.229653 57 12 77
0.160814 0.0725551 0.175351 199 98 173
0.0624673 0.29606 0.116557 130 103 146
-0.137775 -0.104874 -0.337072 134 243 164
-0.190897 0.105614 0.283445 115 212 50
-0.0608564 -0.26448 -0.0291121 213 187 123
-0.197425 0.156519 0.222209 90 191 55
0.114712 0.258221 0.0823515 138 61 90
-0.0224838 0.00219967 0.548073 63 137 126
0.299782 -0.259219 -0.111658 103 73 145
-0.31594 0.117287 -0.138635 86 190 108
-0.217041 0.0301282 -0.339428 102 211 145
-0.0298354 -0.283715 -0.0723323 213 198 143
-0.182238 0.226639 -0.268577 51 182 69
0.168045 -0.34298 0.00271883 53 98 183
-0.250477 -0.0105428 0.175138 121 240 122
0.188612 -0.107873 -0.151578 215 70 68
0.347087 -0.135185 -0.343094 5 52 113
-0.109806 -0.237644 -0.0155942 216 169 93
-0.0468126 0.323225 0.113109 107 100 178
0.116195 0.166417 0.0917285 215 122 91
-0.237007 0.128272 -0.316676 37 183 86
-0.0161183 0.371614 -0.161642 40 126 116
0.0865381 0.338965 -0.0171625 76 81 127
-0.135714 0.260919 0.00584168 221 185 140
0.163509 0.163671 0.278736 98 122 86
0.154981 0.0220011 -0.109478 227 138 40
0.0895718 0.368009 -0.162934 0 100 85
0.183129 -0.000926663 0.398311 93 158 120
0.0103314 0.203041 0.371106 145 156 151
0.233908 -0.0632393 -0.34439 133 151 251
-0.166157 0.236647 -0.107298 221 179 109
0.0454452 -0.173351 0.154494 197 88 68
-0.00414118 0.249618 0.152577 209 170 153
0.0278087 -0.0712843 0.497382 61 149 117
-0.126097 0.302652 -0.148936 160 168 134
0.0134874 0.212016 0.235053 230 163 108
0.186385 0.0110885 0.434332 76 144 100
0.25079 -0.295289 0.051636 44 88 156
-0.311969 -0.154918 -0.128137 62 189 104
0.00437105 -0.31088 -0.0380678 191 180 177
0.193427 -0.228145 -0.283942 121 126 105
0.131342 0.245998 -0.107424 214 129 193
-0.0707007 0.192494 0.287151 208 181 80
-0.34759 -0.0345695 -0.0489998 87 216 125
0.0155139 -0.14896 0.222867 212 114 63
-0.307531 0.0171419 -0.293828 38 171 90
-0.205138 -0.215936 0.0122475 134 187 108
0.059975 0.201611 0.333281 156 156 128
-0.223777 -0.0878536 0.183729 120 247 124
-0.134893 0.196259 0.237775 129 187 43
0.111439 0.337952 -0.189734 13 75 97
-0.16937 0.249523 0.0932337 137 150 102
0.185401 -0.0777397 -0.174687 211 65 79
0.0707353 -0.170942 0.0992501 210 50 84
0.151911 0.200438 0.220037 78 62 6
0.0778634 0.0119745 0.525605 88 155 142
-0.243086 -0.0157396 0.190477 121 241 119
0.226316 -0.139831 -0.342175 76 102 161
-0.32 -0.101555 -0.0137378 77 208 115
-0.29538 -0.0647959 0.0672427 94 219 121
-0.275927 0.135154 -0.262548 45 181 107
-0.310864 0.0269435 -0.287508 38 170 92
0.0583459 0.362961 0.0615977 39 49 96
0.356638 -0.0946958 -0.268506 55 27 143
0.105506 0.273975 0.0924599 122 63 85
0.0970229 0.0492314 0.515909 89 157 140
-0.256985 -0.0382454 0.150659 118 235 116
0.152069 0.124438 0.184242 182 107 144
0.0883239 0.00274129 -0.343281 165 205 134
0.35011 -0.129392 -0.268774 59 36 122
-0.278232 -0.18539 -0.208515 54 171 106
0.106263 0.0698116 0.0912411 223 93 22
-0.156533 0.260006 0.0565173 176 167 144
-0.15765 0.132817 0.317412 131 196 61
0.185668 0.0372316 0.356984 114 174 145
-0.286713 -0.0590723 0.0862101 101 223 121
0.209434 -0.121046 -0.150044 219 78 95
0.07015 0.149912 -0.0135924 211 93 40
-0.0769829 0.359746 0.00776418 109 99 162
0.1132 0.0497219 0.132803 232 85 56
0.0635353 0.0262538 0.533777 91 157 150
-0.000851999 0.101111 0.541573 68 139 137
0.299658 -0.184584 -0.331075 28 76 106
-0.03737 -0.0637504 -0.33837 156 246 117
0.129474 -0.34267 0.0305294 49 73 150
-0.0341155 0.232221 -0.303363 121 235 161
-0.295828 0.139871 -0.124849 117 187 118
0.180355 0.0991789 -0.33758 95 120 115
-0.210166 0.213903 -0.250156 61 183 85
-0.0801357 0.330357 -0.0358511 170 166 175
-0.17684 0.0435864 0.370588 115 209 131
0.0651784 -0.178859 0.10846 205 56 81
0.0418346 0.198527 0.373406 135 158 140
-0.151117 0.272872 0.0798006 138 136 113
-0.228727 -0.231103 -0.0810976 126 153 123
0.265814 0.0535236 -0.322427 64 112 155
-0.0851355 -0.101091 0.385557 128 204 96
0.0495527 -0.331731 0.0412514 78 69 115
0.207021 -0.0786852 -0.343259 143 150 238
0.138931 0.279112 -0.217972 77 77 127
0.101164 -0.154229 0.0236811 221 63 97
-0.281817 0.154046 -0.146484 132 197 133
-0.299762 -0.144839 -0.23941 48 171 106
0.14152 0.0268714 -0.0599512 237 160 72
-0.190878 -0.18718 -0.310445 38 183 94
0.095856 0.182961 0.355178 133 165 129
0.223258 -0.226214 0.0938245 118 10 185
-0.278003 0.151544 -0.0690729 160 183 109
0.0651379 0.184579 0.438024 72 147 117
0.0285489 -0.13694 0.208226 223 102 55
0.312256 -0.264559 -0.0450152 51 74 152
-0.172634 0.197099 0.204849 87 175 41
0.1245 -0.334847 0.0625583 55 48 125
0.229801 -0.31217 0.0407559 49 92 175
-0.00821827 -0.0490987 0.521665 55 140 117
0.369855 -0.0940531 -0.280616 25 37 124
0.0162035 -0.0907381 0.472395 64 154 120
-0.222885 -0.234138 -0.161911 99 166 119
0.00340411 0.159831 0.503015 42 132 106
0.271662 0.0952601 -0.257585 88 43 111
0.0888666 -0.354609 -0.0748054 70 123 157
-0.0515408 -0.284356 0.00105205 179 180 148
0.100832 0.274879 -0.0081048 192 109 185
0.288025 0.0800541 -0.264112 69 51 115
-0.122402 -0.235315 0.111105 103 183 122
0.203342 0.0903763 0.250125 92 97 137
-0.0355171 -0.310366 -0.228449 42 140 62
-0.204059 -0.00322399 0.286988 127 235 98
-0.260825 0.025977 0.157995 115 241 131
0.171279 0.136064 0.220325 122 78 110
-0.243189 0.170769 -0.0305634 192 186 97
0.0474186 -0.290056 0.0953453 96 46 103
-0.259606 -0.197903 -0.222548 53 169 104
-0.0275393 -0.268689 -0.296923 22 145 75
-0.0673852 -0.102923 0.404864 108 195 116
0.0466798 -0.119013 0.321859 195 179 124
0.100453 0.318423 0.0207591 106 54 141
-0.191892 0.221683 0.107026 115 159 81
0.139916 0.029623 0.485772 75 146 104
-0.297848 0.129663 -0.0466832 123 170 91
0.0735979 -0.20356 -0.301559 156 206 122
-0.32059 0.00934607 -0.274532 44 173 103
-0.0605863 -0.26167 -0.300933 9 149 56
0.260051 -0.15421 -0.151342 204 88 149
-0.180032 0.173701 -0.324517 49 193 82
0.186361 -0.0335789 -0.172915 222 75 93
-0.0307611 -0.283501 -0.0481035 213 197 146
-0.262629 0.168308 -0.1287 165 199 131
-0.144869 0.242756 -0.279357 50 186 65
-0.217918 0.0729028 0.250138 115 231 94
0.289865 -0.181503 -0.333419 29 75 107
0.182305 0.0825151 0.381955 106 168 136
-0.076039 0.234798 -0.305771 105 228 140
0.185148 -0.337364 0.00899533 56 108 191
0.20896 0.0145526 0.197523 112 11 122
0.107295 -0.106367 0.256961 208 117 131
-0.261282 -0.189489 -0.2412 46 167 99
-0.337988 -0.0966707 -0.164537 79 200 130
0.106222 0.196335 0.324895 123 147 104
-0.28001 -0.0400392 0.106979 107 228 121
-0.189331 -0.0407496 0.29515 130 240 106
-0.304716 0.0319683 -0.29487 37 170 90
0.00967124 0.221277 0.192781 235 156 102
-0.081454 0.299229 -0.247398 58 189 107
0.070774 0.36868 -0.178179 0 102 97
0.179933 -0.0439756 -0.169198 214 72 85
-0.0757223 0.0416134 0.540024 47 132 115
0.351537 -0.163867 -0.294767 37 51 106
-0.346688 0.0368945 -0.0523274 73 211 98
-0.250992 0.150959 0.0637307 140 201 90
-0.205093 0.105815 0.255972 110 221 76
0.317289 -0.042285 -0.33666 51 84 215
-0.279301 -0.127908 0.0465765 87 209 107
0.0801176 -0.0939541 0.145511 217 58 25
-0.247806 0.0532237 0.184787 111 244 140
0.252058 -0.316918 -0.0416377 68 109 199
0.0804135 -0.342909 -0.0265606 78 112 161
0.0883904 0.326337 -0.222322 29 107 141
0.0577957 0.323743 0.100921 100 78 145
0.0764128 -0.344763 -0.163769 50 148 89
0.335275 -0.115977 -0.253417 105 43 146
-0.0341794 0.218894 0.197533 227 152 91
-0.237833 0.0247312 0.211626 117 246 127
0.143236 0.043223 -0.0829971 229 156 46
0.149313 -0.00167829 -0.0669196 239 154 70
0.0446592 0.365788 -0.191458 20 125 143
-0.303922 -0.159894 -0.18767 62 185 115
-0.100097 -0.218379 0.182561 51 157 80
0.131475 0.0998405 0.479394 72 146 107
-0.318199 -0.127564 -0.0461178 68 200 101
0.264146 0.0137768 -0.180254 199 67 201
-0.225485 0.106206 0.215671 103 225 112
0.296851 -0.168537 -0.092586 168 49 156
-0.127197 0.289587 -0.120567 194 187 150
0.149868 -0.0604933 0.396903 86 158 125
-0.206084 -0.156852 -0.321839 45 187 108
0.293696 -0.175942 -0.115558 183 63 153
-0.0760852 -0.0598303 -0.338212 161 250 136
0.04167 -0.167213 -0.327978 137 218 106
0.105076 -0.11804 -0.00515373 205 76 58
0.081182 -0.113812 -0.338323 141 196 94
-0.208429 0.0254536 0.28372 124 231 92
-0.278321 -0.19026 -0.187598 58 173 107
0.113445 0.00810528 -0.344204 173 199 161
0.289337 0.067258 -0.295459 49 89 134
-0.049145 -0.301139 -0.146808 160 181 147
-0.136684 -0.0103481 0.451254 79 182 167
-0.319121 0.0767453 0.000689277 78 191 68
-0.242499 0.172581 -0.269569 41 181 88
0.109658 0.169899 0.370441 125 172 136
0.126133 -0.200964 0.0847891 202 67 191
-0.160255 0.246437 0.143998 76 124 35
0.0270441 0.384598 -0.0317835 52 115 109
0.0353011 -0.207248 0.1519 173 91 98
0.19352 0.0102158 0.337727 103 169 141
-0.307435 0.115386 -0.0371543 114 168 83
-0.212604 0.150361 0.204529 81 199 89
0.0954482 0.12142 -0.0745395 202 114 32
0.0256405 0.196854 0.429875 85 140 127
0.191881 0.147091 -0.288337 98 100 58
0.0837681 0.188798 0.354405 127 167 128
0.108575 -0.350295 -0.144414 47 138 117
0.146175 0.0998406 -0.170613 234 108 56
0.103302 0.0991536 0.0593948 232 118 41
-0.0331941 -0.295399 -0.110983 194 195 158
0.193829 -0.105709 -0.341891 133 134 197
0.0183875 0.378815 -0.166891 18 121 108
-0.1335 -0.22794 0.107904 100 191 129
0.00097103 -0.143525 0.270311 172 153 64
-0.0727826 -0.188848 0.240182 77 162 51
0.0970349 -0.108421 0.0722695 216 60 26
0.139306 0.146226 -0.331158 90 127 58
-0.206875 0.222372 -0.153092 186 195 139
-0.307793 0.111219 -0.0264991 111 173 78
0.195139 -0.18539 0.0665725 195 49 224
0.0385283 0.204336 0.314005 188 166 138
0.191496 0.0455351 0.402593 98 159 126
0.120247 0.222483 -0.107723 232 147 184
0.0348009 0.385499 -0.107714 42 123 101
-0.105981 0.173924 0.321709 179 188 88
0.000134467 0.28794 0.129404 158 150 213
-0.266881 -0.197299 -0.039649 82 152 86
-0.119985 0.303138 -0.133641 177 178 148
0.235278 0.121417 -0.243551 136 58 109
-0.212383 0.224031 -0.190323 146 175 122
-0.199334 0.236709 -0.177871 158 178 127
0.165618 -0.0874692 0.263433 115 49 126
0.114616 0.191532 -0.127922 245 147 133
-0.205002 -0.0949117 0.212405 122 253 130
0.277906 -0.198223 -0.320959 43 85 98
-0.159111 0.25494 0.127279 82 124 44
-0.273946 -0.196496 -0.176962 60 173 106
-0.063737 0.291883 -0.260296 79 202 140
-0.303619 -0.165252 -0.084454 55 180 84
-0.290229 -0.0314379 -0.312068 41 171 90
-0.0502894 -0.069963 0.4865 47 147 124
0.195646 -0.0451183 0.213292 90 5 96
0.115389 0.252739 0.0413539 184 91 145
0.118385 -0.240127 -0.260038 172 182 138
-0.086871 -0.127303 0.330045 119 198 44
0.11866 0.23159 0.113391 141 63 48
-0.204687 0.0780286 0.276372 117 223 69
0.155211 0.214086 -0.183863 200 110 146
-0.338385 0.0361798 -0.222131 60 192 128
0.225892 0.0121278 -0.34143 122 148 222
0.125902 -0.34685 -0.00153416 54 99 168
0.0598727 -0.0114984 0.528775 83 151 136
0.0631788 0.379268 -0.0947514 49 122 103
-0.0813625 0.342415 -0.0164116 152 151 177
0.244313 -0.321723 -0.0932845 63 98 176
0.0819735 -0.146813 0.0653516 216 50 64
-0.00757996 0.398178 0.00223034 22 87 91
-0.318578 0.0115409 0.0397118 85 216 116
-0.13701 -0.121346 0.288255 114 226 72
0.108005 -0.359462 -0.110186 50 128 127
0.21675 -0.230707 -0.277425 112 114 91
-0.0912297 0.342584 0.00828336 153 142 178
0.104749 -0.0833749 0.198907 226 82 103
-0.0717817 -0.194206 0.232492 71 156 55
-0.177308 0.204348 -0.0626311 209 134 49
0.114677 0.0279995 0.131197 234 77 70
-0.217536 -0.0202291 0.249027 123 242 108
-0.0652707 -0.0974867 0.420672 98 187 121
0.278444 -0.174062 -0.3385 32 79 108
-0.000992531 0.246221 -0.289129 133 226 177
0.152588 0.264772 -0.186075 149 70 156
0.0208296 -0.208031 -0.318304 121 204 140
0.0317367 0.229834 -0.3003 133 207 149
0.172608 -0.0227165 0.177291 179 36 148
0.0639848 -0.168848 0.113176 206 57 71
-0.00681539 0.200161 0.267624 230 184 119
-0.229976 0.174317 0.0612454 165 202 114
-0.233981 -0.108952 0.144695 113 234 116
-0.0438548 -0.160845 -0.335353 106 218 157
-0.273222 -0.11047 0.0740926 94 216 113
-0.263797 -0.210263 -0.131743 75 151 96
0.00702107 -0.268562 0.11593 100 63 76
-0.309162 0.103752 -0.23281 53 188 121
0.0867526 0.171251 0.0309266 240 110 78
0.212417 0.0639452 0.225784 103 47 137
0.195998 0.01576 -0.167174 243 114 129
0.0383565 0.252611 0.147456 179 134 112
-0.00532798 0.201124 0.333217 192 185 155
-0.283542 -0.19242 -0.102926 55 166 82
0.157993 0.123818 0.351862 135 179 152
0.177803 0.113235 0.217792 139 96 145
-0.0326888 0.299958 -0.255557 80 196 164
0.114255 0.275711 0.0485247 148 59 126
-0.153315 -0.220841 0.0596375 146 201 122
-0.063631 -0.0417416 -0.338871 159 242 114
-0.100265 0.287938 -0.0438467 214 192 155
0.0709427 0.0543855 -0.345603 163 199 139
-0.315869 -0.0602376 -0.274138 50 171 105
-0.13822 0.235448 -0.0736483 218 149 66
-0.29606 -0.149764 -0.014761 67 191 92
-0.170697 -0.156928 0.195909 105 246 146
-0.292711 -0.181436 -0.131668 55 175 93
-0.204612 0.232325 -0.186181 144 172 120
-0.193427 0.177861 0.203382 79 176 47
-0.195133 -0.135324 0.184933 115 254 148
0.116341 -0.0826565 0.401901 100 163 138
-0.353781 0.0316013 -0.12508 75 210 119
0.115461 0.295231 -0.234379 53 93 129
-0.247624 0.182813 -0.234699 80 185 116
0.184135 0.000818495 0.356902 102 169 139
0.00812955 0.373999 0.0745587 24 48 99
0.189666 0.129888 -0.314408 79 111 85
-0.0149116 -0.258086 0.138362 77 92 51
-0.216221 -0.147551 0.131055 110 242 126
0.117838 0.224311 0.145865 112 64 21
0.0808763 0.232012 0.266258 135 105 85
-0.316113 0.0894876 -0.00865997 83 186 67
0.0189302 0.201146 0.332314 183 173 147
0.127362 0.156339 0.12323 198 104 89
0.0966344 0.110467 0.00189871 228 121 60
-0.0244136 0.387361 0.0495676 15 59 79
-0.299077 -0.173746 -0.105322 55 174 85
0.18823 -0.157471 0.0123414 240 96 232
0.316765 0.00146146 -0.227588 108 51 191
0.243039 -0.226798 0.0862732 86 16 168
-0.0074601 0.374727 -0.103624 66 127 120
0.0041044 -0.0962912 0.46348 70 158 124
-0.141032 0.26845 -0.247614 48 182 63
0.204497 -0.221497 0.0954961 127 14 193
-0.0202595 0.358266 -0.190681 37 137 126
-0.176229 0.204685 -0.00184788 212 151 64
0.276905 -0.271123 0.0503827 36 80 117
0.198837 -0.201849 0.0842556 170 32 211
-0.0602073 -0.0796054 0.463937 60 161 137
0.235554 0.110233 -0.298665 78 90 99
0.0458266 0.175692 0.473537 55 142 110
-0.0931257 -0.108679 -0.336457 150 251 169
0.167704 0.162943 0.228804 101 74 61
-0.33148 -0.0197192 0.00686063 79 213 120
0.13295 0.190994 0.128514 161 72 56
-0.251719 -0.0139265 -0.333082 68 193 120
-0.215934 0.187016 0.0455321 193 198 127
-0.119512 0.223219 -0.307509 69 209 107
-0.0454701 0.27675 0.146023 172 165 189
-0.215208 -0.158408 -0.317352 43 186 107
-0.0868044 0.0265062 -0.340775 166 241 121
0.0950482 0.268865 0.112943 122 80 89
0.141228 -0.148656 -0.0139812 225 95 142
0.203683 -0.309123 -0.177408 90 106 137
-0.0273974 -0.0947011 -0.3377 152 247 138
0.287068 -0.276202 0.0307088 40 97 140
0.232666 -0.330822 -0.0846092 56 103 179
0.0885781 0.155248 0.470801 63 148 111
0.0607593 0.352748 -0.20446 16 113 136
-0.249089 0.172595 -0.0867273 183 190 116
0.123734 -0.0674618 0.448843 73 146 103
0.356546 -0.0640957 -0.271866 53 31 165
-0.0675659 -0.298398 -0.188633 143 165 128
0.0378657 -0.113278 -0.33828 148 221 94
-0.313103 -0.139282 -0.206514 59 181 117
0.0717128 0.189419 -0.0788262 223 113 90
-0.0711023 -0.0686172 0.472771 54 159 139
0.0835357 0.350048 0.0132431 48 59 102
0.209031 -0.0336273 0.222736 72 5 84
0.0847106 -0.256058 0.105832 149 58 152
-0.317675 -0.0118449 0.0412129 86 218 122
-0.0205845 0.352032 0.0937756 66 67 156
0.0624187 -0.336559 0.0231427 80 74 120
-0.223865 -0.0772824 0.193119 119 247 121
-0.306181 -0.0258725 -0.295965 42 169 93
-0.0902035 -0.11122 0.35759 121 210 71
-0.108025 0.326852 0.0335106 135 113 163
0.190837 0.0696282 0.418628 79 144 107
-0.245204 0.087541 0.180616 96 232 135
-0.0990427 0.258522 -0.284263 78 211 119
0.144336 -0.036561 -0.0503648 227 148 80
-0.0502796 0.14387 -0.345607 136 241 137
-0.0242209 -0.161531 0.265423 142 149 49
0.257358 -0.0634767 -0.201733 224 111 201
-0.0494252 -0.223605 0.194355 77 130 66
-0.206662 -0.0557858 0.247317 125 245 107
-0.294269 -0.0903865 -0.292343 41 169 91
0.188398 0.0805446 0.425067 73 140 101
0.115989 0.0534943 0.00383335 228 155 93
0.188071 -0.0970695 -0.163793 209 68 68
0.146879 0.0239965 -0.346231 170 175 195
-0.0959203 -0.200781 0.212801 56 167 61
-0.0690565 0.357469 -0.0172602 126 114 171
0.13172 0.0762943 0.487339 76 147 112
-0.227374 -0.113484 0.152485 114 241 122
-0.140686 0.0266367 0.468744 63 163 157
0.0948661 -0.207942 -0.293164 161 189 122
-0.135166 0.252924 -0.0884398 224 172 96
-0.253998 -0.0520637 0.149348 119 234 113
0.152616 -0.0151566 -0.0738507 224 146 67
-0.233655 -0.0412163 0.200006 120 242 117
0.0601264 0.119701 0.518173 73 148 132
0.21421 -0.00469599 -0.343508 149 155 237
0.0698537 -0.108076 0.242265 224 126 103
-0.267057 -0.197333 -0.203216 57 171 107
0.144074 -0.0646654 0.407254 84 157 123
0.0565395 0.386413 -0.122052 29 118 92
0.272401 -0.29659 0.0173095 55 106 168
-0.0530259 0.176064 -0.33757 126 238 136
0.229808 -0.303426 -0.167469 88 99 135
0.119185 -0.0493944 0.0286334 228 116 60
0.161757 0.188628 -0.213114 191 97 107
0.155121 -0.0571775 0.375511 90 163 135
-0.0592689 0.143765 0.500761 36 129 113
0.117998 0.058698 -0.0149619 230 160 101
0.248307 0.00175398 -0.337876 111 142 225
-0.0295923 -0.300721 0.00148515 171 177 152
0.0356624 0.390948 0.0212621 14 83 73
0.140387 -0.0676512 -0.0539032 211 123 51
-0.032209 0.367493 -0.134964 83 134 134
0.0628458 -0.163288 -0.326117 131 213 97
0.303244 -0.271646 0.00314218 37 91 133
-0.0899898 0.263972 0.164085 144 151 118
0.12112 0.0365504 -0.00597175 226 156 92
0.276127 -0.187531 -0.179723 170 87 129
0.181706 0.0764274 -0.34333 101 122 138
0.216173 0.0942775 -0.32613 75 113 127
-0.186903 0.182163 -0.315064 46 192 74
-0.255873 0.171966 -0.118538 176 199 126
-0.326601 0.0535265 0.00231362 76 207 89
-0.0280781 0.0385893 0.552261 68 137 131
0.0571692 0.375034 -0.0778733 63 121 113
0.254917 -0.313051 -0.0192767 63 114 194
-0.00150428 0.0419232 0.551684 79 142 142
-0.226382 0.158366 -0.305572 35 183 76
0.236108 -0.144912 -0.0437894 232 99 238
0.260661 -0.202775 0.0691432 81 19 153
-0.156785 0.240401 0.0250601 217 183 130
0.223245 0.127308 -0.281575 93 91 92
-0.198992 0.199745 0.160031 63 151 47
0.0866731 0.34483 0.0340808 48 44 96
-0.255125 0.0158493 0.170078 120 241 129
0.00561475 -0.0480982 0.522375 63 140 122
-0.206473 0.086919 0.267247 114 221 71
-0.0338217 -0.0116076 -0.340212 157 225 98
-0.185765 -0.0116878 0.324441 131 237 109
0.0416494 -0.345215 -0.135205 73 138 102
-0.0738558 -0.291515 -0.23788 45 145 65
-0.198625 0.190808 -0.00641265 211 171 79
-0.343308 0.027014 -0.209645 69 199 133
0.0898286 0.182973 0.0306154 236 113 97
0.148396 -0.0943953 0.25216 142 58 132
0.0656111 -0.297232 0.0935231 90 45 104
0.352505 -0.053262 -0.270888 54 37 176
-0.176809 0.228539 0.0527254 204 189 143
-0.267159 -0.0479591 0.126825 115 232 116
-0.317057 -0.145424 -0.144939 68 194 112
-0.0777596 -0.268852 -0.120007 216 191 123
-0.334734 0.0847748 -0.0987286 69 190 89
0.0614024 -0.120951 0.154196 213 68 29
0.113591 0.0890745 0.142967 245 115 98
0.072557 0.212625 0.311069 150 143 119
-0.0996997 -0.262188 -0.125855 207 201 130
0.218917 -0.000773091 0.291225 66 116 117
-0.310485 -0.0640523 -0.281586 44 169 96
-0.144668 0.184495 0.247456 126 189 39
0.0634631 -0.334948 0.0409638 74 65 113
-0.249197 0.0398326 -0.333742 54 186 111
-0.127962 0.262411 0.154833 95 129 72
-0.0105544 0.201007 0.405893 110 138 143
0.35314 -0.0637363 -0.339178 10 60 156
-0.114134 -0.105525 0.339086 126 217 72
-0.0248219 0.25614 0.153658 200 176 180
-0.132097 0.212116 0.216922 142 177 64
0.0429212 0.387927 0.0120199 16 84 74
0.0836025 0.210582 -0.0782709 233 133 127
0.178376 -0.143702 -0.0435459 249 119 184
0.138471 -0.27236 -0.226456 155 176 157
0.253716 -0.289882 -0.156424 101 95 133
-0.108412 0.220742 0.21311 170 177 89
-0.347559 -0.0560467 -0.065351 90 216 125
0.149246 0.170991 -0.307387 83 123 31
0.172476 -0.115644 -0.121533 211 80 61
-0.164137 -0.228095 -0.00580342 184 190 117
0.0847784 -0.00329679 0.518904 85 153 134
-0.202548 -0.176457 0.105903 112 227 115
-0.255669 -0.214253 -0.071123 90 142 89
0.0679166 0.302257 -0.250501 65 153 178
0.0954366 0.35164 -0.0789649 79 78 125
-0.268707 -0.148236 0.0429982 86 206 99
0.240014 -0.265841 -0.205982 123 107 102
-0.0735703 -0.0618763 0.481163 45 148 133
-0.122577 -0.230615 0.12772 78 180 115
-0.156903 -0.234983 -0.0384961 187 189 130
0.227233 0.00220919 0.261964 38 67 84
0.0929741 -0.110287 0.305244 181 148 156
-0.129432 0.293841 0.0975094 104 110 105
0.127344 0.218774 -0.287095 85 131 41
-0.204918 -0.0176741 -0.33981 115 221 152
-0.0195035 0.119239 0.533992 60 137 128
-0.26951 -0.10246 0.087632 99 220 113
0.234391 -0.230158 -0.265867 114 109 84
0.202816 -0.33584 -0.00941992 59 111 196
0.227121 -0.0524684 -0.344062 139 155 254
-0.0733164 0.170599 -0.340654 119 234 133
-0.0978921 -0.0581685 0.456983 78 178 158
-0.140597 -0.144247 0.253138 95 228 92
-0.173974 0.259713 -0.160924 170 176 131
0.00421761 0.398769 0.0234671 5 70 68
0.0545329 -0.335525 0.0055911 95 102 143
0.185826 -0.325147 0.0557378 50 62 162
0.0581389 -0.308775 -0.228649 86 168 123
0.0663426 -0.0743408 0.479894 69 153 118
-0.198848 -0.0413461 0.274802 129 241 105
-0.0824039 -0.249141 -0.0288743 217 168 92
-0.128388 0.00532452 0.481369 45 145 142
-0.0433437 0.192657 -0.329082 123 239 141
0.111764 -0.329292 -0.178236 67 157 127
0.213214 0.119214 -0.211433 191 74 117
0.270876 -0.184759 0.0485428 77 26 144
0.073729 0.342283 -0.212296 24 109 137
-0.169955 0.10747 -0.343828 99 208 136
0.14117 -0.287951 0.105106 109 33 160
-0.224137 0.179977 0.0542837 182 199 116
-0.252865 0.168532 -0.0646292 186 187 107
-0.264542 -0.0169348 -0.328814 59 188 112
0.383293 -0.114814 -0.317991 11 57 102
-0.305823 -0.15585 -0.0596436 63 191 88
-0.144987 0.211252 -0.309728 49 196 79
-0.215804 -0.0474105 -0.338635 104 214 146
-0.108235 -0.240804 0.00395432 210 179 112
-0.115868 -0.152902 0.267378 86 207 56
-0.243386 0.186615 -0.145201 187 201 132
0.116001 0.0301685 0.0407071 223 136 59
-0.217755 0.182901 -0.0350866 203 178 86
-0.28779 0.081601 0.0777436 92 214 88
0.112411 -0.0319824 0.490702 71 145 104
0.0242623 -0.284631 -0.26936 81 164 120
0.0824645 0.305058 0.0979655 103 70 113
0.112429 -0.0217568 0.107276 222 76 28
-0.242945 0.165578 0.015133 186 190 100
0.041278 0.377677 -0.171289 4 114 105
-0.0506321 -0.0842283 -0.337593 160 251 143
-0.132471 0.246904 -0.0121292 224 155 89
-0.240866 -0.120375 0.121033 108 226 110
-0.0828934 0.148186 0.474389 48 131 132
0.0295677 -0.292675 0.0913495 90 49 84
0.154475 -0.162483 -0.332515 126 152 113
-0.258152 -0.12424 0.0871096 99 217 108
0.17727 -0.020662 0.422458 77 150 104
0.079241 -0.340531 0.00957579 74 91 142
0.302414 -0.271557 -0.0799165 87 70 152
0.123031 -0.0249351 0.0102944 226 154 94
0.0478191 -0.233834 0.121885 158 70 126
-0.315733 -0.145461 -0.0829405 63 192 94
-0.0407989 0.292643 -0.261535 96 207 168
0.274932 0.0848747 -0.229637 113 35 123
0.0207841 0.389808 -0.0213083 38 108 103
0.121459 -0.154618 0.00683444 222 75 122
-0.0880842 0.31339 -0.222871 52 172 83
-0.117845 -0.0339514 -0.338578 166 249 145
0.065056 0.371312 0.0233575 26 69 86
-0.0116811 -0.317249 -0.124147 154 171 150
0.311777 -0.0045553 -0.219224 126 54 203
0.190917 -0.308998 0.0805828 57 47 154
-0.173042 -0.203025 -0.306696 37 183 90
-0.0522349 0.352604 -0.0529024 135 151 164
-0.15261 0.220294 -0.0688667 208 132 51
-0.0965612 0.117326 -0.346601 140 243 146
-0.251778 -0.219771 -0.126559 80 153 101
0.293358 -0.198204 -0.284113 70 67 103
-0.000541792 0.380929 -0.140705 40 121 111
0.255261 -0.145991 -0.0562708 213 82 213
-0.150765 0.121294 0.36972 125 189 122
0.0290834 0.200902 0.36865 147 160 145
0.00419833 0.0862083 -0.346557 160 215 126
-0.117908 0.149087 0.400508 122 172 152
0.0538896 0.380608 0.0211523 19 78 78
-0.0778686 0.339733 -0.164384 105 150 123
0.00460662 0.125807 0.530491 59 138 126
0.0883299 0.342406 0.0204228 64 50 113
0.114414 0.265382 0.0747344 137 56 104
-0.138722 -0.0657306 0.365859 134 231 120
-0.169642 -0.166831 -0.328757 51 196 117
0.139806 0.286777 -0.112103 163 78 180
-0.301575 0.131741 -0.0918618 126 171 106
-0.170673 -0.0210665 0.353916 130 232 126
-0.036903 0.065139 -0.344189 156 239 124
0.106354 0.236695 0.0236369 202 106 151
-0.167031 0.207861 -0.0544868 204 135 44
-0.286072 -0.0830901 -0.304488 40 171 90
0.0538439 -0.124005 0.16695 215 72 33
0.259777 -0.302722 -0.119323 77 90 162
0.127404 0.237426 -0.106301 224 140 192
-0.0250605 0.3944 -0.00162469 40 78 107
0.191698 0.0789115 0.314476 122 174 154
-0.105751 0.191726 0.261907 183 178 60
0.126702 0.0672484 -0.0604708 223 160 80
-0.0730886 -0.230582 0.179818 57 135 62
0.225972 0.0313118 0.233864 75 30 101
0.0834583 0.131749 -0.0584563 198 109 27
-0.335835 -0.109307 -0.130194 77 202 124
0.176821 -0.0616264 -0.169216 203 68 71
-0.140293 -0.0447582 0.394629 122 217 153
0.127193 0.0305392 0.495653 77 149 113
0.22179 -0.125833 -0.342699 102 113 181
0.105744 -0.00913399 0.504572 80 150 119
0.150339 0.213235 -0.25824 105 111 47
0.295087 -0.249078 0.0434071 34 75 105
-0.332929 -0.0323993 -0.000696951 78 212 122
0.148707 -0.0427054 -0.342881 165 181 194
0.112502 0.357569 -0.126754 23 78 85
-0.0480553 -0.266599 -0.298248 11 148 61
0.09183 -0.102517 0.354384 148 166 168
-0.185044 0.249814 -0.169681 155 172 123
-0.221942 0.179662 -0.00695522 204 178 89
0.0455542 -0.213506 0.134217 168 84 98
0.273625 -0.171501 -0.157635 187 87 136
0.134747 0.176599 0.131817 178 85 68
0.0222031 -0.21796 0.158865 147 94 84
-0.0588874 -0.152908 0.296181 118 177 26
-0.0981692 0.0397782 0.525833 38 131 115
-0.0472024 -0.184509 -0.33338 82 203 140
-0.0438576 -0.0169391 0.537676 47 132 116
0.131962 -0.0485177 -0.0233667 224 137 70
0.0651399 0.0038317 0.530217 86 153 142
-0.351011 0.038703 -0.0876382 76 212 103
-0.191954 0.15154 -0.330376 52 193 90
0.0567014 -0.0895095 0.460424 74 158 125
-0.291587 0.139782 -0.0697498 130 175 105
-0.129105 -0.232989 0.0157069 193 191 123
-0.0660683 0.183186 0.40468 128 157 162
-0.246746 -0.201414 -0.00546308 87 166 91
0.0545332 0.00590312 -0.342595 157 212 114
-0.278616 0.0825327 0.101486 94 228 111
0.158331 0.131817 0.376627 122 174 143
-0.158267 0.124692 0.333594 129 197 71
0.0568984 0.180156 0.457666 63 143 114
-0.273441 -0.139816 0.0443525 86 206 100
-0.17275 0.23531 0.14339 76 132 39
0.272718 0.0168585 -0.18488 180 60 198
0.278496 -0.276758 -0.130613 112 85 142
-0.336302 0.00469325 -0.00506855 79 215 116
0.106356 -0.0916563 0.213693 213 100 125
0.0917976 0.209372 0.316515 127 133 102
-0.101182 -0.188096 -0.332486 55 196 128
-0.0258748 -0.317279 -0.150402 135 161 133
0.0609715 -0.349785 -0.110341 84 130 137
0.0567177 0.122864 -0.347323 150 186 117
0.199242 -0.0495025 0.28977 53 55 100
-0.191544 0.19564 -8.89395e-05 211 174 85
-0.0468172 -0.255393 -0.308007 15 150 69
0.248553 0.0733464 -0.191059 171 41 143
-0.230363 -0.0738272 0.18254 118 245 119
0.129103 0.333546 -0.158974 24 59 94
0.0446828 0.274934 0.131137 162 131 145
-0.064961 0.351118 -0.0344907 138 148 169
-0.190492 0.134075 0.255403 103 205 57
0.183293 0.151283 -0.293155 93 101 55
0.0536949 -0.0492566 0.511016 66 150 118
-0.190988 0.0482219 -0.341588 114 219 151
0.0939384 -0.0818243 0.189681 231 71 77
0.0528849 -0.084167 -0.33999 148 212 93
-0.182903 -0.127954 0.213612 115 252 143
0.254709 -0.308702 0.0097895 62 116 186
-0.0559493 0.0365689 0.54742 53 134 118
-0.0565142 0.256092 -0.289905 109 225 156
-0.0549396 0.0955764 0.536676 48 134 119
-0.0618876 -0.282694 0.0211868 173 170 146
0.371319 -0.13258 -0.292029 26 47 106
-0.141685 0.190412 -0.325799 63 206 97
-0.0885493 0.320952 -0.207918 56 161 85
0.207911 0.0766531 0.280838 96 140 145
0.028894 0.184908 -0.328687 137 200 117
0.0798186 -0.232204 -0.278323 159 207 154
-0.177922 0.0858671 0.337365 122 206 84
-0.263424 -0.20627 -0.0629206 81 144 85
-0.330159 0.0226081 -0.251356 52 179 118
0.240936 -0.317412 -0.00115289 67 119 197
0.0781641 -0.347266 -0.0569752 87 127 169
0.153811 0.198588 0.244688 72 72 15
-0.0833682 0.214788 0.221357 201 174 93
-0.344836 -0.0780532 -0.155217 84 204 132
-0.177677 -0.246415 -0.103913 164 183 142
-0.0237406 -0.215293 0.197814 111 126 78
-0.14094 -0.0824771 -0.337767 146 248 165
-0.182554 -0.226975 -0.00783995 162 187 121
0.100238 0.287468 0.0901154 118 66 92
-0.0823831 0.284852 0.143355 137 138 151
-0.310608 -0.152533 -0.0756599 61 190 90
-0.295626 0.0414444 0.0819754 96 220 105
-0.122382 0.252135 0.17079 114 141 80
-0.192821 -0.194777 0.0819257 117 216 109
-0.170322 0.195907 -0.312502 48 192 74
-0.178509 0.00940933 0.355895 126 227 118
-0.0721558 -0.0200258 0.524951 41 132 115
0.216327 0.0354934 -0.170536 233 102 168
0.138343 0.307957 -0.182438 61 51 124
0.197114 -0.290734 0.0938489 63 43 161
0.237708 -0.0193694 -0.341874 131 150 244
-0.331723 0.0777552 -0.0452295 72 196 75
0.161779 0.045505 -0.150509 239 123 70
0.0403168 0.356264 0.0825077 47 51 115
0.185976 -0.290073 -0.206572 129 135 138
-0.291921 0.0728655 0.0742121 92 213 91
0.141016 0.0506621 0.159638 227 95 154
0.110047 0.0647467 0.13153 243 100 68
0.126506 0.0491715 -0.346884 161 178 171
0.0199966 -0.324594 0.000672207 134 125 150
-0.250206 -0.149475 0.0724787 96 210 95
-0.309095 -0.0512074 -0.287461 44 169 96
-0.0710929 -0.130364 0.336805 123 197 46
0.101444 -0.12868 0.00272514 209 72 65
-0.118083 0.104761 -0.346292 143 241 152
0.268452 0.0534802 -0.192069 167 41 149
-0.255453 -0.174558 0.0306119 84 189 87
-0.311523 -0.154604 -0.0952535 62 189 92
0.176519 -0.0661173 0.220831 135 26 124
-0.0902103 -0.140717 0.304407 105 197 33
0.112049 -0.0982838 0.344363 150 163 165
-0.0649339 0.348143 -0.163748 76 146 120
0.113673 -0.061981 0.0703059 215 91 31
0.275599 -0.194024 -0.32889 39 86 100
-0.192997 -0.0300851 -0.33998 126 230 157
-0.174761 0.211813 -0.29464 45 189 66
0.235765 0.109118 -0.216158 160 56 121
-0.261714 -0.205167 -0.188619 64 168 108
0.300583 -0.15491 -0.231633 148 71 139
0.050357 -0.308244 -0.233122 73 161 109
0.327381 -0.122885 -0.34525 7 51 124
0.00237387 -0.214575 0.181747 151 105 88
-0.329485 -0.122862 -0.136797 74 199 121
0.0982551 0.206875 -0.312156 93 151 63
-0.103715 0.033048 0.520801 39 133 117
0.145472 0.225215 -0.145888 217 136 178
0.0877568 -0.103042 0.116 211 60 19
0.295378 -0.0137426 -0.202243 155 62 215
0.0620155 0.247773 -0.290962 111 185 144
0.0438383 0.168076 0.485691 50 140 109
-0.216991 -0.0775203 0.206756 121 249 122
-0.0197201 -0.233806 0.174016 109 110 76
-0.161075 0.201297 0.211635 87 169 38
-0.127543 0.240037 -0.0315021 216 139 65
0.161894 -0.350587 -0.0261249 57 112 193
0.0322617 -0.248912 -0.292597 113 191 144
-0.00561407 -0.249512 0.146313 100 95 65
0.0080215 -0.00718958 -0.341038 156 219 98
0.330354 -0.108419 -0.248836 110 46 156
-0.100468 -0.275092 -0.248374 51 157 68
0.0559822 -0.0942639 0.449493 79 162 129
0.131792 0.209431 0.15851 107 63 18
0.178683 0.0476864 0.177421 191 78 168
-0.221567 0.183672 0.0678467 170 202 125
-0.0858942 0.184589 0.315645 191 192 108
0.13231 -0.282259 0.107157 118 34 162
0.158063 -0.00540619 -0.101418 216 129 34
-0.0697671 0.110838 0.522083 38 132 113
0.0553214 -0.260933 0.108712 135 62 122
0.074395 -0.309398 -0.219494 96 174 133
0.0521705 -0.348065 -0.143218 66 136 100
0.128408 -0.0901658 0.347126 116 151 154
-0.0533805 0.105719 -0.34641 152 245 136
-0.154489 -0.186867 -0.324725 41 191 103
0.213069 0.011514 -0.343334 136 149 214
-0.203617 0.206469 0.121323 96 166 81
-0.0921962 -0.00228792 0.520935 37 135 115
0.0239604 -0.199061 -0.320611 125 209 140
-0.0724136 -0.276249 0.0667714 114 140 102
-0.19289 -0.144757 0.176542 113 253 149
0.298566 0.0281732 -0.207918 123 45 166
0.00250763 -0.206878 -0.323373 112 198 141
-0.245305 -0.222901 -0.146436 78 158 106
0.125202 -0.0183417 0.000977617 225 152 93
-0.30975 0.00185856 -0.292611 41 171 93
-0.0025002 -0.304224 -0.0542013 191 200 169
0.134278 0.0153596 0.153019 233 79 123
-0.13854 -0.185326 0.197002 69 202 116
-0.152832 0.0396515 0.443496 81 178 162
0.232715 -0.00124937 -0.174739 231 103 191
-0.104982 -0.163182 0.261368 78 196 47
0.131639 0.166732 -0.163767 243 120 102
0.0653159 -0.0989355 0.425899 100 171 137
-0.331766 -0.0959383 -0.20536 70 188 128
-0.154161 -0.111993 0.277594 120 238 93
-0.0924862 0.139811 0.475711 47 133 131
-0.293338 -0.175083 -0.0637886 55 178 78
0.132565 0.315143 -0.106191 103 52 141
-0.164818 0.25468 0.0852588 143 150 109
-0.29369 -0.0258581 0.0865903 100 224 124
-0.0155118 -0.0221962 0.53915 65 137 129
0.139447 -0.294185 -0.205996 140 167 165
0.0889144 0.173331 0.436883 76 151 118
-0.342201 0.0707001 -0.1298 70 202 109
0.160397 0.155417 0.199485 130 74 83
0.0949061 0.145854 -0.341618 124 156 79
-0.137641 -0.0605319 0.376076 133 220 133
0.200032 -0.111034 -0.157388 217 73 77
0.256133 -0.0105558 -0.181066 214 82 218
-0.325065 -0.107146 -0.216582 65 182 123
-0.0124669 -0.325389 -0.192967 62 141 71
0.151878 0.270918 -0.164671 151 73 165
0.211946 -0.342659 -0.0899782 49 109 177
0.27394 -0.170668 0.0254186 117 31 174
0.0987723 0.31541 -0.00226881 117 75 156
0.0998725 0.270518 0.105397 124 73 86
-0.324542 -0.0655031 0.00508109 79 210 123
0.313026 -0.0919454 -0.234386 155 69 191
0.00315711 0.381255 -0.121802 45 123 108
-0.110045 0.175655 0.304326 186 185 82
0.0587816 -0.28737 0.0980584 100 47 109
0.145178 -0.0776882 0.211111 190 67 134
-0.134802 -0.170609 0.224097 81 218 102
0.214028 0.128685 -0.225933 166 67 103
-0.206505 0.199329 0.0643069 187 199 135
0.0434693 -0.333205 0.0194898 97 91 135
-0.00874632 0.385944 0.0579712 12 51 84
0.109314 0.258886 0.0193742 194 99 167
-0.334856 -0.110358 -0.140525 77 201 125
0.0673459 -0.096679 0.185619 226 68 39
0.0881431 0.33564 -0.0352815 96 92 141
0.13058 0.18925 0.118812 174 81 64
-0.236975 -0.015309 -0.336427 83 200 130
-0.205863 0.183739 -0.30045 39 184 71
0.110378 0.124146 -0.133905 217 103 21
-0.0354202 0.349473 0.0938382 61 66 149
0.337898 -0.0485451 -0.255646 92 45 196
-0.158036 -0.222296 0.0344744 166 192 110
-0.049935 -0.103862 0.422235 96 184 120
-0.0377699 -0.29891 0.0205957 163 157 142
0.214435 -0.0303605 0.235247 55 16 78
-0.195996 -0.147901 0.167041 113 253 145
0.0463353 0.345464 -0.215476 38 132 163
0.138842 0.143595 0.43993 73 144 107
-0.255772 0.0510565 0.166671 110 244 134
0.205218 0.0129072 -0.169383 241 113 156
0.183517 -0.00778301 -0.163139 240 97 101
-0.0543112 -0.303743 -0.225007 48 138 65
0.0811319 0.348938 -0.0478342 78 97 126
0.274555 -0.28803 -0.11877 91 83 159
0.106016 -0.0591034 0.165513 230 62 69
-0.122382 0.270623 -0.0103323 226 186 135
0.341121 -0.129818 -0.261338 73 36 127
0.0679614 0.210698 -0.0544932 223 123 116
0.0637532 0.37549 -0.0848962 56 122 106
-0.25223 0.0182967 -0.333848 60 189 115
-0.120959 -0.267883 -0.174434 172 193 132
0.12282 -0.01303 0.0105832 225 154 94
-0.117512 0.307084 0.0183058 193 170 180
0.0735434 -0.349529 -0.150385 52 147 92
0.0843087 -0.133279 0.0716769 220 53 49
0.359658 -0.0524135 -0.279537 49 37 171
-0.290517 0.122505 -0.250352 47 183 114
-0.127984 0.285518 0.0140019 210 182 166
0.121232 -0.0844368 -0.0193293 213 93 43
-0.0288777 0.199029 0.258829 228 187 104
0.137403 0.319367 -0.128622 88 47 131
-0.0184776 -0.149215 0.286395 155 158 53
0.0836221 0.132809 -4.58898e-05 221 97 42
0.0994754 0.133592 0.0725359 243 130 67
-0.168738 -0.137132 0.224376 112 248 134
-0.143969 0.251537 -0.0976345 223 181 116
0.102896 0.345804 -0.188414 7 76 94
0.134844 0.199947 0.149022 122 61 28
0.13487 -0.113401 -0.0558975 199 87 49
-0.0463039 -0.261952 0.133576 53 108 43
0.312779 -0.122164 -0.344918 16 67 147
0.00367332 -0.303965 0.0730153 85 60 75
-0.146977 -0.218681 -0.305614 32 182 83
0.0485603 -0.331984 -0.0316863 116 133 172
-0.0709126 -0.290805 -0.247128 37 141 58
-0.274471 -0.0753374 -0.315791 44 176 96
-0.264307 0.169541 -0.15064 154 202 136
0.123596 -0.360812 -0.0712967 57 124 161
-0.245708 0.155641 -0.287362 37 180 87
-0.238312 0.154192 0.135125 78 189 97
0.26841 -0.0676758 -0.344982 100 131 240
-0.281771 -0.106372 -0.29916 37 170 89
0.114715 0.226716 0.158146 108 64 19
0.344483 -0.0451695 -0.264308 70 42 187
0.200458 -0.330273 -0.146836 61 109 146
0.096557 0.160887 -0.336372 121 157 74
-0.174493 -0.193106 0.11854 107 223 136
0.330371 -0.0154521 -0.313119 47 82 198
0.0386211 -0.119598 0.257742 215 146 82
-0.105222 -0.259571 -0.279908 34 159 59
0.0404852 -0.105128 0.432518 96 173 133
-0.117561 -0.266825 -0.24512 71 163 82
0.152454 0.00408207 0.162589 212 67 145
0.0729438 0.148371 -0.00350068 214 94 41
0.209587 -0.327506 0.0146979 58 100 192
-0.00721216 0.121137 0.533327 53 135 123
0.0866366 0.0209434 0.521891 88 156 141
0.0565602 -0.299952 0.0898412 90 44 102
-0.159721 -0.0118427 -0.339675 150 244 159
-0.14719 -0.209764 0.134305 87 203 134
-0.220127 -0.219412 -0.23522 71 170 108
0.0322758 -0.324785 -0.0505182 162 162 184
0.0564669 -0.108475 0.180834 228 74 38
0.100879 0.263593 -0.00279633 205 123 182
-0.169778 0.0963691 0.351745 126 203 90
-0.298185 0.0148584 0.0820197 99 224 121
-0.271962 0.161721 -0.137734 153 199 131
0.0751303 -0.0900887 0.180295 233 66 52
-0.233282 0.170661 0.0756886 157 203 114
-0.157573 0.0583447 0.429681 82 181 154
-0.306962 0.0833133 0.0260947 84 199 73
0.112764 0.027504 0.0859912 216 97 19
0.186596 0.0618816 -0.171772 242 113 124
0.215288 0.0237163 0.301009 78 128 125
0.155203 0.000949148 0.470428 70 143 94
-0.331622 -0.053041 -0.243982 64 181 123
-0.324229 -0.0948764 -0.0185115 76 208 116
0.0933766 0.134731 -0.344376 131 157 87
0.0465772 -0.31577 0.0720212 77 49 96
0.171262 -0.0118206 0.45001 70 141 91
-0.118681 0.189817 0.258709 163 184 55
0.185826 0.0936182 0.405229 84 149 117
-0.194596 0.173169 -0.317585 44 190 77
0.160976 0.168274 -0.203053 201 92 97
0.239156 -0.207881 -0.31443 66 98 88
-0.0232427 -0.187004 -0.331876 100 205 141
-0.188388 -0.0641789 0.275144 131 244 107
0.0771562 0.180899 0.0148237 235 111 87
-0.243623 -0.0014017 0.193809 124 243 123
0.251584 -0.255967 0.0809506 47 54 133
-0.195682 -0.195901 -0.300384 39 177 87
-0.336679 -0.0614621 -0.222797 74 191 133
0.158233 0.168649 0.285965 89 126 80
-0.329143 0.0735984 -0.0271068 72 197 76
0.190814 -0.134297 -0.102132 226 85 85
-0.284767 -0.103148 0.0599403 92 214 116
-0.206672 0.125143 0.237563 103 211 70
0.119411 0.163631 -0.329556 98 141 53
-0.348508 -0.0429169 -0.0583152 89 217 125
0.335309 -0.179285 -0.29732 49 56 105
0.174559 0.170825 -0.262429 124 90 55
0.0438084 -0.0795885 -0.339873 150 217 95
0.0656519 0.186517 -0.00450056 220 100 72
0.0552417 0.0165019 0.53629 90 154 150
-0.235199 0.0350771 0.218165 116 244 123
0.174274 0.108671 0.382248 104 162 136
0.137185 0.215059 0.257539 73 83 25
0.148133 0.163201 0.307368 113 164 119
-0.134951 -0.230009 0.085835 131 200 130
0.220871 -0.196424 0.076684 147 19 207
0.152533 -0.175882 0.0509399 233 87 192
0.193385 -0.225746 0.0993506 143 20 200
-0.230289 -0.133058 -0.321982 45 183 107
0.186755 -0.0104465 0.344464 97 161 138
0.215096 0.136608 -0.262169 121 75 88
0.136835 0.163578 0.140378 188 97 92
-0.000944108 0.231194 -0.299001 134 231 161
0.0733723 -0.228485 -0.284123 156 207 153
-0.113218 -0.240295 -0.06491 214 168 84
-0.26546 0.0154599 0.14755 117 238 126
-0.232476 -0.231032 -0.108269 113 153 118
0.105377 0.326852 -0.210506 23 82 122
-0.0496607 0.209542 0.222274 225 166 88
-0.187936 0.221642 0.136891 74 138 45
0.289056 -0.176519 -0.126062 189 72 154
-0.154915 -0.21738 0.0803742 130 206 127
-0.224932 -0.176866 0.0727404 101 210 90
0.126024 0.21148 0.131096 135 58 36
-0.161213 -0.0716806 0.317919 136 235 99
-0.131169 -0.00238441 0.470964 57 160 154
0.157575 -0.360224 -0.0774326 48 120 165
-0.280966 -0.126603 -0.288593 37 168 90
-0.316021 -0.0836847 -0.26253 50 171 107
0.325017 0.0142003 -0.251712 76 52 170
0.112659 0.232725 0.0394072 193 98 141
0.247005 -0.0480626 -0.343771 131 151 255
0.0944462 0.193426 -0.321247 99 154 61
-0.0454175 -0.295341 0.036974 151 145 133
-0.0954641 -0.241478 0.143644 58 140 76
0.110435 -0.0997269 0.23461 208 112 131
-0.145859 0.219477 -0.0485538 205 122 46
-0.172649 0.147179 0.266616 117 199 36
0.00760783 -0.289056 0.0930079 86 57 73
-0.0706005 0.353567 0.0689565 65 72 126
0.0207934 -0.322343 -0.0171072 152 153 171
0.260474 -0.312168 -0.0549917 64 105 195
-0.0613694 -0.295156 -0.246382 38 140 60
0.311927 -0.141804 -0.239572 136 64 144
0.000567006 -0.288179 -0.273775 30 144 71
0.145058 0.209134 0.246762 75 78 17
0.137365 0.103997 -0.164293 236 110 53
0.312454 0.0483497 -0.266902 58 58 134
-0.306552 -0.162505 -0.13939 57 181 102
0.105586 0.318876 -0.0642672 130 80 160
-0.116161 0.0968101 0.491825 43 136 130
-0.113645 0.0381124 0.511079 39 137 125
-0.164314 -0.225117 0.0089889 181 190 114
0.261032 -0.303294 0.0171831 54 106 171
0.138689 0.149754 0.429923 84 149 115
0.0669295 0.123233 0.512753 71 147 130
0.169931 0.102407 0.352294 134 180 156
-0.318432 -0.141822 -0.15655 67 192 115
0.111017 0.0473898 0.0815673 216 95 21
-0.123019 0.292256 0.112708 91 106 93
0.204742 -0.339031 -0.122526 49 104 154
0.264693 -0.148617 -0.0846587 222 93 189
0.053711 -0.3219 0.0665914 73 51 98
-0.32342 -0.134823 -0.102774 70 197 112
0.170129 -0.0320949 0.432822 75 146 97
0.251192 -0.313969 -0.107087 70 92 167
0.0360004 0.163111 -0.339039 139 194 111
0.0227963 -0.246979 -0.298371 98 177 135
0.330955 -0.0761815 -0.247572 112 45 184
0.0197588 -0.012444 -0.340997 155 218 99
0.315007 -0.195301 -0.0799753 124 40 143
0.105839 0.090126 -0.00189594 228 143 81
0.0230021 -0.30806 -0.244556 35 140 69
0.128888 0.172243 0.118601 200 105 82
0.0598867 0.370954 -0.0687108 65 120 113
0.107076 0.0889748 0.0248688 224 132 63
-0.177734 -0.0564906 0.30379 135 241 106
-0.104632 -0.177075 -0.333844 67 202 137
-0.157045 -0.0906256 -0.337913 137 242 164
0.336295 -0.00643528 -0.282564 58 76 197
0.145538 0.160012 -0.180938 228 111 100
-0.116074 0.272704 -0.0203782 225 185 135
0.0945476 -0.207796 0.0925303 195 65 162
0.158209 -0.24993 0.109242 137 39 178
-0.354808 0.0238063 -0.134127 80 213 124
-0.155172 -0.213161 -0.306672 37 182 85
-0.150969 0.283777 -0.170911 141 159 116
-0.10662 -0.222109 -0.318977 19 176 88
0.000432919 -0.131623 0.342671 153 188 79
0.205551 0.0876926 0.258881 94 111 141
0.0884905 -0.299353 -0.220498 117 181 151
0.183907 0.0105493 0.362663 105 170 139
-0.0603735 0.182719 0.418509 103 145 155
0.135732 -0.0966347 0.243961 194 93 137
0.147617 0.200256 -0.278521 102 114 42
-0.149963 0.249603 0.0221112 216 184 141
-0.24577 -0.124441 0.10784 104 224 108
-0.260219 -0.110202 0.0969378 102 221 109
-0.350685 -0.0414644 -0.173458 87 207 139
-0.0878609 -0.0651381 0.459287 61 165 146
0.028891 0.287138 0.126319 166 137 167
0.212637 0.0858759 -0.332098 90 118 142
0.116087 0.279939 -0.0734524 177 93 185
0.202615 -0.0378829 -0.34396 161 165 238
0.333788 -0.170784 -0.332939 18 62 108
0.0987286 -0.109001 0.0251627 221 69 41
-0.0833803 0.310694 0.117756 95 94 159
0.105489 0.303999 0.0495279 114 42 124
-0.00879969 0.0490754 -0.34388 156 233 120
-0.135183 -0.0398443 0.41347 121 215 158
-0.278698 -0.187033 -0.0445266 65 165 79
-0.206949 -0.187733 0.0774231 113 214 97
-0.00834065 -0.247427 -0.308628 72 171 119
-0.111417 0.261883 0.16303 110 138 84
-0.17339 0.164299 -0.33166 56 196 90
-0.125347 0.285666 -0.111971 207 190 142
0.378716 -0.130333 -0.323814 12 59 102
-0.213666 0.192765 0.124742 88 172 81
-0.0697116 0.0595757 0.541298 46 133 115
0.169072 -0.0528976 -0.342776 162 175 206
-0.29876 0.110065 -0.249532 46 182 112
0.210418 -0.00933867 0.204616 95 0 104
0.101055 -0.303473 0.0947876 95 37 134
0.0256092 -0.241848 0.134401 131 73 91
-0.239335 -0.166407 0.0677907 100 208 90
-0.131302 -0.115216 0.303607 122 222 70
-0.224652 -0.0218221 -0.338158 92 205 138
0.127427 0.175965 0.323575 114 144 97
-0.215566 0.0484326 -0.339791 91 205 137
0.228277 -0.146242 -0.0301395 233 99 244
0.294866 -0.0274229 -0.335265 75 110 230
0.171246 -0.291054 -0.206235 130 142 148
0.018573 -0.17768 -0.328749 136 216 123
0.225232 0.1298 -0.25289 131 62 97
0.11739 0.346104 -0.164234 17 62 90
0.157853 0.216637 -0.224165 162 91 110
-0.336456 -0.055325 -0.0200534 80 212 123
0.378525 -0.108165 -0.293911 21 44 109
0.103141 -0.0567119 0.126027 229 59 36
0.156298 0.201519 -0.257385 127 97 64
-0.284156 0.0963485 0.0723175 91 211 84
-0.249262 -0.0968415 0.127635 111 230 112
0.207473 -0.343762 -0.100744 49 104 168
0.00339055 0.285586 -0.263759 114 203 197
0.0932504 -0.156268 0.0414634 226 59 99
0.22778 -0.3331 -0.0938569 56 101 176
-0.334067 0.0801837 -0.182373 63 199 119
0.217218 -0.318615 -0.15441 74 101 140
-0.125672 0.254861 -0.277752 55 196 81
0.187755 0.026218 0.35339 112 174 143
0.138506 0.124342 -0.173336 233 106 56
-0.0395191 -0.0998804 0.440564 75 169 125
-0.0361177 -0.216876 0.201264 92 128 73
-0.107574 -0.0590831 0.438048 85 186 162
-0.126971 -0.26356 -0.236091 76 167 84
-0.0573909 -0.124476 0.360548 120 197 63
-0.0446229 0.352617 0.0886194 52 62 136
0.122189 -0.0493365 -0.342061 159 191 146
0.00950558 -0.132515 0.312087 182 162 72
-0.141883 0.259824 0.017094 218 183 147
0.0104527 -0.249465 0.137019 117 74 73
0.154579 0.10221 -0.342903 115 134 122
0.0228719 0.351086 0.0925446 65 56 146
-0.257149 0.159189 -0.0105323 166 187 96
0.110002 0.114419 -0.116873 211 106 18
0.191363 -0.298624 -0.195145 118 130 145
-0.0881468 -0.225799 0.179631 48 153 72
0.0561797 -0.347107 -0.153206 55 141 80
-0.143956 0.270273 0.0352458 195 173 164
0.0331413 0.238451 0.16458 197 140 109
-0.251871 -0.190308 0.00950669 87 169 91
-0.316892 -0.128926 -0.212949 61 183 119
0.150224 -0.0719925 -0.0838639 196 97 23
-0.0710057 0.364099 0.0426476 68 68 124
-0.0878263 -0.244554 -0.0600962 213 155 73
0.000848662 0.205226 0.24774 233 176 108
-0.354179 -0.0399056 -0.107358 94 217 132
-0.0211333 0.362618 -0.181741 40 135 124
0.0657077 0.18847 -0.0698321 221 112 88
0.0529587 0.294901 0.119828 133 107 155
0.190625 0.0202538 0.41543 82 149 109
0.13425 -0.00752125 0.155269 231 71 126
0.238248 -0.298431 -0.165912 94 99 130
-0.0983085 -0.241868 -0.022904 219 169 95
0.0140284 -0.314918 -0.0583656 177 177 187
0.0959039 0.123808 -0.0840054 204 113 31
0.320139 -0.219487 -0.0732582 93 47 132
0.12951 -0.0404484 -0.01418 227 144 83
-0.215088 0.0226694 0.267606 121 236 105
0.265495 -0.225851 -0.202439 143 94 104
0.303629 -0.190727 -0.322954 34 75 104
0.122549 -0.146288 -0.00671871 213 76 110
0.119749 0.186215 -0.137969 247 144 126
-0.327342 0.0805706 -0.0326722 72 195 74
-0.333396 -0.0964389 -0.196 70 189 128
0.120045 0.188747 0.320676 111 138 93
0.132405 0.124109 0.158267 208 119 127
0.101439 0.236461 0.0138818 208 111 156
-0.0943314 0.146013 -0.345446 121 234 137
-0.213644 -0.0328768 0.25062 124 244 109
-0.3256 0.0461512 0.0102757 76 208 95
-0.214387 0.00854839 -0.339491 109 217 150
0.270876 -0.30293 -0.00623453 63 107 182
-0.283943 0.068708 0.0969191 96 224 104
-0.0999702 0.336765 0.0315728 137 113 169
-0.0717659 -0.270602 0.0955422 96 136 83
-0.0241642 0.201582 0.364706 170 174 162
-0.0387015 0.168571 -0.338983 129 237 137
-0.163394 0.230446 -0.281097 47 186 65
-0.00648979 -0.140474 0.30027 166 166 63
0.037713 0.0946207 0.535709 82 152 147
-0.0436501 0.197254 0.343502 191 189 153
0.0623975 -0.114677 0.326471 189 182 135
0.110744 0.0738211 0.0410982 221 130 55
-0.284278 0.118505 -0.267716 42 179 105
-0.0929804 -0.262667 0.0655679 145 170 131
-0.0474975 -0.12415 0.369771 119 191 76
-0.0679995 -0.25706 0.134192 54 127 58
0.118098 0.164569 0.359549 132 173 137
0.270007 -0.296489 -0.108765 77 90 166
-0.29487 0.110556 0.0172023 103 186 68
0.0478136 -0.100923 0.439037 89 167 133
0.204911 -0.0341865 -0.18244 238 107 174
-0.103859 -0.130599 0.309527 111 207 46
0.167538 -0.0934942 -0.137497 194 68 36
0.106101 -0.0970135 0.0143436 218 73 35
-0.235514 0.160095 -0.295056 35 181 80
0.12143 -0.0555345 0.467955 68 146 96
0.376214 -0.12433 -0.295383 24 46 106
-0.178835 -0.0358255 0.321563 132 239 107
-0.26083 0.0141204 0.157135 118 240 127
-0.0548314 0.354881 -0.155788 84 144 125
0.108663 0.289812 0.0638059 113 47 109
0.183512 -0.352073 -0.0510255 53 118 190
0.148927 -0.0329505 -0.0618086 220 144 71
0.12286 0.106385 0.153061 238 119 117
0.260344 -0.149379 -0.0304362 183 57 216
0.019051 -0.177237 0.195125 188 117 80
-0.123037 0.279486 -0.00247068 218 193 155
-0.0820053 0.332701 0.0905913 69 76 133
0.253658 -0.156177 0.00595316 174 46 222
0.299608 -0.208106 -0.130921 159 71 140
-0.203813 -0.226133 -0.0196013 144 175 125
-0.348547 -0.0133538 -0.045388 85 217 120
0.104837 0.258842 -0.273294 84 143 96
-0.316192 0.0679871 -0.257103 41 178 109
-0.212733 -0.232858 -0.200423 92 175 118
-0.0432082 0.340158 -0.209553 53 166 121
-0.0914569 0.242754 0.186757 172 170 110
-0.230091 0.171903 0.115664 102 196 102
-0.180642 -0.244193 -0.21109 114 180 118
0.149981 0.274792 -0.185322 128 61 153
0.119219 -0.136156 -0.336036 137 181 106
-0.0845402 0.038414 -0.341414 166 241 122
0.209373 -0.168716 0.0393239 217 70 239
-0.0499416 0.19561 0.335659 191 189 153
0.106831 -0.0909699 0.0409425 221 83 35
-0.237312 -0.093127 0.152769 113 239 120
-0.18016 0.126343 0.280177 115 201 41
-0.190692 0.157734 0.230555 98 194 50
-0.148269 0.129124 0.358095 129 194 109
0.129292 0.0940496 -0.141165 224 112 22
0.141719 0.0661016 -0.34761 140 154 155
0.0389112 -0.120388 0.291974 203 168 105
0.0920411 -0.351708 -0.0536637 66 121 164
0.116354 0.0104134 0.131712 232 73 70
0.235567 0.0393304 -0.174362 223 78 181
0.188278 0.0907091 0.308789 122 173 155
0.132145 0.220249 0.248229 76 77 19
0.148347 -0.265296 -0.233274 162 171 145
-0.135339 0.127069 0.410503 104 175 143
0.24946 -0.297144 -0.152109 94 95 133
-0.283132 0.0320522 0.110694 107 228 118
-0.0513469 0.287033 -0.265787 96 210 159
-0.138312 -0.232971 -0.0250962 206 185 106
-0.0141315 -0.132843 0.350191 136 187 79
0.0054661 -0.256014 -0.299408 80 166 124
-0.114534 -0.254865 -0.116508 211 198 124
-0.053436 -0.289408 0.0459721 142 142 122
0.18389 0.116748 0.282679 111 156 142
-0.118973 0.309922 0.0281124 187 163 175
-0.1869 -0.102638 0.236249 124 252 124
-0.237391 -0.204388 0.00261249 99 170 97
0.111374 0.263712 0.0905204 135 68 83
-0.156077 0.272362 -0.144438 188 183 141
-0.0898049 0.204199 -0.325492 99 226 125
0.199707 0.134117 -0.21936 180 74 100
-0.091271 0.329205 -0.141385 147 165 139
0.210468 -0.183001 -0.332131 80 113 99
-0.343019 0.0197333 -0.0284534 75 212 103
-0.281025 -0.185146 -0.198566 54 173 108
0.180451 0.164682 -0.247349 141 80 65
0.0805539 0.366172 -0.176421 2 98 95
0.243984 -0.229893 -0.251745 120 105 83
-0.0584875 -0.30113 -0.169247 146 169 133
-0.14841 0.263279 0.131733 80 121 47
0.143366 -0.149083 -0.335238 130 164 112
-0.262246 -0.0463443 -0.327146 53 183 107
0.178066 -0.0758239 0.248864 102 33 111
0.28655 -0.153175 -0.213189 170 82 141
0.324289 -0.188094 -0.306535 38 66 106
0.151051 -0.357624 -0.0508611 53 119 179
0.100452 0.30013 -0.0136564 149 88 172
-0.312342 0.107399 -0.216757 55 191 123
-0.341508 0.0660202 -0.169429 62 199 118
-0.120412 -0.111436 -0.336513 146 250 169
-0.20568 0.176849 -0.3073 39 185 71
-0.212238 0.151027 -0.321094 39 186 81
-0.120923 0.261851 -0.0196502 228 168 107
0.138977 -0.188286 0.0708866 212 72 200
-0.0748336 -0.264832 0.108919 79 130 70
0.0642077 0.320632 -0.23594 56 144 176
-0.229401 0.0394644 -0.338029 85 202 132
-0.0447728 0.159098 -0.34238 131 238 137
-0.00386703 -0.065361 -0.338884 154 241 109
-0.035515 -0.314697 -0.207375 69 141 80
0.24975 0.0915771 -0.308283 61 97 121
-0.267411 0.163456 -0.119031 161 197 129
0.0124914 -0.186762 -0.327219 126 212 136
-0.209783 0.191372 -0.288257 41 183 72
0.00321296 -0.11202 0.428858 96 171 124
0.122616 -0.192677 -0.306985 147 180 106
0.254155 -0.305095 0.0242377 52 104 171
0.268958 -0.0349707 -0.194766 213 97 222
-0.0739203 0.130341 0.504615 36 131 113
-0.235866 0.164382 0.112265 99 195 104
0.140451 0.198813 -0.156533 225 138 158
0.00677505 0.201125 0.290664 213 184 141
0.0641249 0.250872 0.150452 155 117 103
-0.130421 0.109583 0.456226 66 151 144
0.0975126 0.0539298 -0.346271 164 196 155
0.0713984 0.0780865 0.525763 85 157 141
-0.274723 -0.196993 -0.167662 60 169 103
-0.0474715 -0.268921 -0.0578199 219 189 116
-0.135515 -0.256489 -0.247675 66 167 80
0.0119399 -0.304027 -0.252678 35 140 74
-0.157319 -0.152637 0.220668 96 236 136
-0.0347743 0.370223 -0.0447659 93 117 149
0.177757 0.0767673 -0.176231 240 107 106
0.149826 0.153336 0.314041 126 174 133
0.148726 0.174236 -0.182636 224 109 101
0.156019 0.0106292 -0.101604 226 136 35
-0.0240599 -0.288492 -0.0523669 213 197 146
-0.0145879 0.104672 -0.347471 150 233 133
-0.216699 0.182489 -0.0218068 205 174 82
0.0768304 -0.117073 0.124526 208 62 25
0.20374 0.0258374 -0.16829 241 109 155
-0.191463 0.220372 0.0845493 164 190 132
0.122227 0.224038 0.092528 165 71 82
0.264815 -0.112245 -0.200116 203 93 161
0.0828283 -0.111799 0.116532 209 61 23
0.339817 -0.070139 -0.255102 94 40 185
-0.277143 0.123358 0.0451875 117 198 72
-0.228134 0.194206 -0.126155 197 199 129
-0.0191588 0.373783 -0.136711 56 127 120
-0.0708889 0.348499 0.0774357 65 72 126
-0.043805 0.0791685 0.545114 54 134 123
0.0959673 -0.0914044 0.404624 113 171 147
-0.0449665 0.278423 -0.272744 99 212 160
-0.125356 0.166174 -0.339814 83 215 113
-0.2719 0.154684 -0.0528176 162 181 104
0.148651 -0.0487531 -0.0658105 209 124 53
0.127219 -0.0587853 0.181397 220 74 114
-0.291986 0.13463 -0.0405782 130 172 94
0.216493 -0.287429 -0.199827 115 114 122
-0.322128 -0.137976 -0.119895 67 194 105
-0.182422 0.00707338 0.343906 132 233 111
0.115524 -0.0933341 0.355438 132 158 162
0.154075 0.199349 -0.185193 207 114 139
0.376443 -0.0683575 -0.324822 10 60 132
0.00527048 0.0118951 0.548801 78 142 142
-0.292609 -0.0819582 -0.298258 40 169 91
0.311555 -0.183584 -0.075992 125 39 144
-0.171153 0.166257 0.24484 111 193 36
-0.12942 -0.0202923 0.455654 80 181 170
-0.0782764 0.326913 -0.044218 179 173 174
-0.131349 0.245619 -0.0763947 223 158 83
-0.0650999 0.22963 0.196862 220 174 112
0.114132 0.216075 0.052987 208 113 133
-0.301511 -0.136132 -0.0081797 74 201 105
-0.00049253 0.300733 0.123465 146 138 209
0.145907 -0.0160488 -0.0537887 230 154 85
-0.244613 0.154797 0.0946117 133 209 110
0.232916 -0.108792 -0.182051 217 88 137
0.0963189 -0.00453975 0.511741 82 152 124
0.160241 -0.0759465 0.220295 149 42 129
0.111234 0.207786 0.0514127 216 118 125
-0.00867349 -0.0611776 0.510168 51 142 116
0.0854525 -0.352091 -0.0669631 76 124 167
0.0323808 -0.0968826 -0.339055 151 225 98
-0.296485 0.140155 -0.162096 109 195 127
-0.21302 -0.235606 -0.185146 100 171 122
0.320502 -0.243413 -0.0474492 61 62 130
-0.129055 0.228978 0.196612 135 165 78
0.0680831 -0.297191 -0.234172 95 173 129
-0.236971 0.166578 0.0680028 157 204 112
0.0458168 0.117771 -0.347767 155 194 120
0.171356 -0.127927 -0.0976129 219 90 76
-0.143814 -0.0135764 0.430625 97 197 169
-0.0433707 -0.296234 -0.259346 17 143 53
0.121473 0.225669 0.0770157 180 83 104
-0.0504391 0.193303 0.385833 148 161 162
0.11493 -0.178817 0.0556256 222 63 153
0.0690944 0.226598 0.275851 149 115 99
0.101079 0.136094 -0.123767 211 102 24
-0.119916 0.142936 0.414729 94 162 152
-0.156468 -0.0267415 0.382209 126 223 144
0.103976 0.231599 0.262257 109 88 49
-0.164899 0.247563 0.0579438 185 173 142
0.244364 -0.21313 -0.304041 66 97 88
-0.068344 0.162231 0.464508 51 130 133
0.132743 0.0683355 -0.0844489 224 147 53
0.130663 -0.0876921 0.218684 197 82 134
-0.175008 -0.223407 0.00947282 175 190 116
-0.183613 -0.0802806 0.266965 127 245 107
0.129046 0.105654 -0.345961 130 150 119
-0.208855 0.137911 -0.328795 47 190 91
-0.0116963 0.20825 0.224518 236 162 87
0.109976 0.0381421 0.102911 219 82 27
-0.0718238 0.339055 -0.184703 67 154 107
-0.181319 0.090556 -0.342968 97 209 135
0.192089 0.0393719 0.417114 80 149 110
0.323068 -0.166549 -0.338634 19 65 109
0.121488 0.213149 -0.116835 235 151 171
-0.140391 0.27948 -0.126088 194 184 144
-0.352435 0.028648 -0.157599 77 209 132
0.250324 -0.0711626 -0.344933 103 132 237
0.263064 -0.14228 -0.183063 194 88 142
0.15258 0.237822 -0.224422 144 86 120
0.173384 -0.0732174 0.310368 89 80 131
-0.0314214 -0.317868 -0.183094 86 144 90
-0.330538 0.090081 -0.0817625 76 189 88
-0.146046 0.102867 0.425744 89 173 146
-0.0754767 -0.0930825 -0.337031 156 253 159
-0.0213892 0.220475 0.19089 231 152 91
0.140597 0.310878 -0.164491 54 48 113
0.205555 -0.242341 -0.261407 127 125 99
0.157718 -0.0710776 -0.111504 189 88 15
0.307234 -0.175428 -0.0714179 138 36 151
0.274367 -0.146837 -0.196805 180 83 145
0.0358056 -0.293936 -0.255182 83 166 119
-0.342621 -0.0608368 -0.0446202 83 212 122
-0.121581 -0.210322 0.174667 63 177 105
-0.347374 -0.0444198 -0.189604 86 205 140
0.15983 0.0327213 -0.140342 234 125 57
0.252264 -0.148142 -0.121253 222 98 173
2.55575e-05 -0.326139 -0.129445 145 165 146
-0.351385 -0.0302765 -0.0677194 88 217 125
-0.186383 -0.107757 -0.336766 99 220 148
0.0644557 0.191797 0.395119 112 155 136
0.0672845 0.212993 -0.0290665 222 120 123
0.175345 -0.200687 -0.314911 110 130 109
-0.118572 0.155444 0.372823 142 186 137
0.0597119 -0.1106 0.372843 146 185 152
-0.235098 0.177428 -0.0580482 193 185 104
0.128061 -0.140972 -0.0194698 220 86 122
0.018699 -0.166119 0.202811 185 122 78
0.196831 -0.234866 0.102169 127 21 191
-0.0429009 -0.0119668 -0.340081 157 225 98
0.146624 0.020957 -0.0713532 240 156 61
-0.260777 -0.183006 -0.254773 42 165 95
-0.285886 0.104216 -0.279592 36 175 98
0.0970946 0.176199 0.392993 104 165 130
-0.216733 -0.166297 0.101767 109 227 113
-0.201722 0.0599951 0.292598 121 225 76
-0.17404 0.246238 -0.13148 203 189 136
-0.0603249 0.192665 0.325731 192 193 141
0.203757 -0.225082 -0.288597 106 117 96
-0.0292174 0.191284 0.431123 86 133 137
-0.254011 -0.212838 -0.0578514 94 145 92
0.139419 0.182771 0.147373 146 65 53
0.0128274 0.190302 -0.325257 139 220 131
-0.230984 0.157594 0.154884 77 190 93
-0.278354 0.153626 -0.100853 154 181 116
0.143484 0.113655 0.462948 68 143 102
-0.117472 0.00203632 -0.339457 169 247 138
-0.0989644 0.146765 0.453859 60 138 141
-0.264368 -0.0280577 0.140416 117 234 117
-0.0377878 -0.259726 0.138767 57 106 45
0.144635 0.209419 0.219755 77 64 1
-0.208292 0.0727038 -0.340161 87 202 132
0.165509 -0.0416842 0.407547 80 155 113
-0.0288102 -0.0198912 0.538805 57 135 123
0.0930919 -0.118625 0.0595816 216 55 36
-0.162561 0.209701 -0.0166244 211 141 54
-0.274842 0.115973 0.0705999 103 206 77
-0.323254 0.0405851 0.0194521 79 211 101
0.0453855 0.336714 0.0967615 78 64 141
-0.177388 0.0321456 0.369047 119 212 136
-0.191758 0.0888417 -0.341777 86 203 127
0.132154 -0.0972157 0.322899 147 118 157
-0.00519345 -0.0945978 0.465639 63 156 121
0.0974495 0.260346 -0.0125308 205 124 188
0.102353 0.0979374 -0.347624 144 168 118
0.244408 -0.0845297 -0.34474 110 135 235
0.0304205 0.329635 0.105339 100 80 161
0.126824 -0.0147386 0.488138 71 146 100
-0.0426377 0.093492 0.541465 57 134 127
0.322742 0.00553537 -0.238947 90 54 187
-0.0385249 0.361054 -0.167392 59 133 120
-0.338062 -0.101144 -0.146929 79 202 129
-0.136739 0.127565 -0.345793 109 219 136
0.284495 -0.156224 -0.0389845 148 39 178
-0.104553 -0.0550003 0.451179 82 180 162
-0.171534 -0.0439502 0.329433 136 238 112
0.0530617 0.183129 -0.330079 129 188 105
0.1399 -0.159949 0.0127304 233 82 158
0.127679 0.198744 0.107703 175 78 71
-0.120778 0.0616222 -0.342838 164 249 147
0.124743 0.226313 0.22782 95 74 18
-0.245176 0.104971 0.172817 90 227 130
-0.295977 -0.161101 -0.0350547 61 184 84
0.206959 -0.219772 -0.296656 100 115 95
0.171385 0.0586432 0.176366 193 84 171
-0.220046 0.102868 0.229023 105 224 97
-0.235634 -0.151822 -0.310481 37 175 93
0.00930329 -0.228922 -0.313089 94 181 135
0.17003 -0.214502 -0.298049 132 138 113
0.0696876 0.366491 -0.0694765 61 115 110
0.0954849 0.285775 0.0986603 119 66 93
-0.292437 0.140633 -0.202205 80 195 128
-0.290821 -0.112525 0.0404003 86 209 115
-0.109011 0.314778 0.0906819 95 99 121
-0.10508 0.307426 -0.0112035 201 186 177
0.12092 0.224363 0.186015 94 68 4
-0.0193746 -0.31511 -0.131359 157 175 152
-0.128809 -0.233838 0.0253552 184 194 125
0.382527 -0.0801257 -0.321723 10 59 113
-0.29521 0.0875916 0.0519567 93 199 73
0.208021 0.126016 -0.215346 180 72 107
0.128649 0.134804 -0.339231 110 136 77
0.126786 -0.226687 0.101509 189 64 190
0.116435 0.0364087 0.0211588 224 149 77
-0.17321 0.115111 0.310153 124 199 51
0.112986 0.0597159 0.0397572 215 131 52
-0.0191331 0.221247 -0.307885 129 235 158
-0.139158 0.0330325 -0.340756 164 248 154
0.297332 -0.145339 -0.342965 14 66 127
-0.242265 0.0388992 0.20034 115 245 130
-0.313615 -0.101625 0.00261251 79 208 117
-0.30488 0.130488 -0.124876 102 185 111
-0.154699 0.0835069 0.422692 97 184 153
-0.0573501 -0.270046 0.112273 62 120 53
0.0477554 -0.342832 -0.170497 48 146 72
0.0907847 0.144997 -0.108171 208 98 25
0.181909 -0.0467625 -0.343353 164 169 231
0.256967 -0.27809 -0.167702 108 96 125
-0.0181916 -0.309503 0.0338694 125 117 111
-0.0466618 0.286728 0.139038 171 164 184
0.128802 -0.0266481 -0.00986246 227 151 90
-0.280713 0.0192385 0.116674 111 233 122
0.0585906 0.182727 -0.0527969 211 103 74
0.0409467 -0.117359 0.239989 225 127 76
-0.106523 0.281938 -0.0336898 221 191 148
0.250944 -0.141037 -0.164157 204 88 142
-0.12947 -0.253971 -0.264454 52 167 72
-0.126458 0.150253 0.365156 144 187 129
0.0273124 0.201459 0.39503 110 149 136
-0.0861393 -0.190569 0.233066 64 162 58
0.130083 -0.0474828 0.468701 66 144 92
-0.243481 0.0762929 -0.329999 55 187 108
-0.0430138 0.104337 0.536905 55 134 124
-0.0259177 -0.110001 -0.337393 152 246 145
-0.317851 -0.0980073 -0.248013 52 172 109
-0.178122 -0.162429 -0.328189 45 192 109
-0.180774 0.254722 -0.204957 100 156 90
-0.282032 0.113285 -0.276921 36 176 98
-0.155294 0.131097 -0.34391 75 202 108
0.157544 0.0156501 -0.115992 226 131 35
-0.0802655 -0.182047 0.247264 75 176 45
-0.250577 0.148808 0.0789135 123 208 97
0.213411 -0.335325 -0.0267792 61 118 202
0.152985 0.102314 0.461182 69 142 100
-0.267006 0.1527 -0.016188 163 184 94
0.130074 -0.0758875 0.393747 97 162 134
0.206608 -0.101662 -0.173124 218 80 109
0.0811547 0.14114 0.0109428 230 106 47
-0.140636 0.0149546 0.463811 68 168 161
-0.258078 0.14896 -0.276373 39 180 96
0.255731 -0.223324 -0.240764 117 101 83
-0.26935 -0.144568 -0.289406 35 167 88
-0.0446863 0.013094 -0.341146 160 227 102
-0.104354 -0.253428 0.0556533 157 181 134
0.301404 -0.186793 -0.267308 95 66 101
0.0256029 -0.294782 -0.259268 66 156 108
0.118032 -0.0639435 0.0160325 229 110 53
-0.234091 0.176239 -0.0395832 192 186 98
0.345232 -0.158602 -0.281197 46 48 110
-0.033193 -0.2252 0.189385 89 125 68
0.245517 -0.147502 -0.0278442 221 87 239
-0.191646 0.221557 -0.119921 207 193 126
-0.184203 0.148325 -0.334554 54 194 93
0.0425419 -0.150881 0.17092 207 99 58
-0.0128319 -0.326518 -0.171369 89 146 94
-0.156424 -0.154635 -0.333473 71 208 131
0.116973 0.00414441 0.0591835 218 112 33
0.0379767 0.228094 0.202033 190 140 92
-0.226653 0.145463 0.182647 77 199 97
-0.325623 -0.118464 -0.193856 66 187 124
-0.259185 0.176687 -0.174195 138 194 133
-0.0214021 0.376422 -0.0456563 94 124 145
0.141533 0.101574 -0.34504 126 140 125
-0.224518 0.177119 0.129085 88 180 93
0.144713 -0.348981 -0.0123445 54 105 177
-0.12301 0.30933 0.0657678 141 128 142
0.0125658 0.388058 -0.0291448 60 117 119
0.167016 0.0775427 -0.345187 118 133 141
0.182819 -0.0743084 0.264764 79 38 103
0.337938 -0.103051 -0.345763 2 48 124
0.0407186 0.0666585 -0.345745 162 205 128
0.136682 0.204611 0.283581 79 94 45
0.168131 0.0901601 -0.179138 237 110 88
0.145002 0.184855 0.167132 138 63 54
-0.13522 0.0302335 0.479945 52 153 149
-0.0814847 0.33447 -0.130979 139 160 142
0.0634743 -0.100492 0.177021 225 65 35
0.0288205 0.0294289 0.545818 90 151 155
-0.268506 0.0742621 0.130779 100 238 126
-0.088237 0.159476 0.443047 77 142 151
0.113223 0.277363 0.0578631 134 54 112
-0.104431 -0.0315934 0.485714 47 147 145
0.0821376 -0.341369 5.77663e-05 67 90 143
-0.244826 0.0109686 0.193381 119 244 123
0.0811873 0.352156 0.0326661 49 48 99
0.155014 0.130183 0.366518 132 177 150
-0.215859 0.214092 -0.235779 90 172 93
-0.00703413 -0.182084 0.222264 161 134 78
-0.284558 -0.184633 -0.182729 57 175 107
0.174735 0.144881 0.259671 98 127 96
-0.236663 0.138154 0.166658 79 207 112
0.200877 -0.29785 0.0869308 57 46 157
0.0500026 -0.136616 0.164447 218 75 36
0.255294 -0.216789 -0.277737 89 88 81
0.137115 0.00674682 -0.0370844 240 157 88
0.292677 -0.287258 -0.0619218 66 85 177
-0.00127756 -0.162617 -0.333941 127 223 139
-0.16618 -0.000842412 -0.340093 152 243 160
0.0109341 0.389261 0.0517266 6 57 72
0.0275519 -0.000658457 0.542282 85 149 146
-0.35172 -0.00530317 -0.181705 85 207 141
0.00811174 -0.128005 0.358846 149 180 96
-0.116535 0.0863442 0.497611 41 136 127
0.354114 -0.0808889 -0.266884 63 31 165
0.108681 -0.038627 0.138789 233 64 61
-0.0369324 -0.312068 -0.219319 46 140 64
0.159103 0.109347 -0.18233 231 105 93
-0.279484 0.0138258 -0.322062 41 176 93
-0.32065 -0.1154 -0.221246 65 181 121
0.254848 -0.191879 0.0632232 100 17 174
-0.140399 -0.231209 -0.0136066 202 188 110
0.0925812 0.0210124 -0.344314 171 202 156
-0.00314233 -0.315225 0.0389058 112 103 103
-0.295372 0.12325 -0.23731 52 186 120
-0.0687319 -0.16548 0.273932 96 177 30
-0.136795 -0.230877 -0.00144158 197 190 114
0.0741091 0.28902 0.115345 122 89 129
0.13996 -0.343428 0.021355 49 79 160
0.169752 -0.0518449 -0.155139 202 68 51
0.0883954 0.061707 -0.346422 164 196 143
-0.138269 -0.0206206 -0.338913 163 247 152
-0.0455784 -0.293976 0.0214129 166 161 144
0.042607 0.0567666 0.540857 91 155 156
0.311608 -0.192962 -0.0932329 144 44 148
-0.115233 -0.272387 -0.219824 108 166 102
0.175893 0.126882 -0.324911 86 116 78
0.0599814 0.1077 -0.347794 155 188 125
0.0361202 -0.220064 -0.307188 137 212 146
0.0621875 0.177592 -0.0119041 217 94 72
-0.00778036 0.0399665 -0.343377 157 228 113
0.121387 0.0247808 0.000788432 225 153 86
0.185225 -0.0240421 0.185206 150 13 136
-0.245473 -0.223814 -0.102089 88 143 101
-0.187225 -0.18282 0.118842 108 223 128
0.0205159 -0.0850956 -0.33904 154 231 103
0.0424749 0.387594 -0.123399 34 121 95
-0.195053 0.242087 -0.197586 122 164 103
0.099634 0.318711 0.045742 98 39 115
-0.173565 0.0942313 0.341436 126 203 84
0.178593 -0.145351 -0.0341742 247 119 198
0.0479374 0.385827 -0.148172 6 115 91
-0.0258307 0.384435 -0.0287088 71 102 133
0.210069 -0.316697 0.0528554 48 77 170
-0.259293 -0.212525 -0.151259 70 161 103
0.300079 -0.125955 -0.344278 27 72 156
-0.144646 -0.119383 0.280911 117 233 85
0.0816732 -0.00537875 -0.342723 159 204 126
0.28465 -0.0295593 -0.200434 192 80 224
0.317492 -0.216755 -0.0877175 106 47 135
-0.154174 -0.0716087 -0.338279 147 248 164
0.119092 0.0324206 0.501613 81 150 120
-0.029615 -0.303103 0.0411941 136 129 117
-0.128156 -0.0676239 0.381952 131 219 134
0.159177 0.173682 0.204051 109 62 52
-0.109223 0.311524 -0.131547 167 173 147
0.236369 -0.254713 0.0896587 64 36 153
0.194055 0.0257235 -0.345415 139 148 205
0.0108208 -0.213239 0.175563 153 104 88
0.283515 0.0583642 -0.309081 54 104 153
0.201773 0.123334 -0.31193 81 107 87
-0.147555 0.27095 -0.124956 199 185 139
0.166247 -0.334078 -0.1555 57 122 144
-0.0212967 0.200973 0.393871 122 142 149
-0.0648576 -0.0826067 0.45379 65 164 139
-0.0642919 -0.0693093 -0.337941 162 249 131
-0.00624945 0.2745 0.137221 192 170 175
-0.0834811 0.352121 0.0467075 85 83 136
-0.345433 -0.00189855 -0.211 76 199 140
0.0332683 -0.326776 -0.0209284 136 137 168
-0.173398 -0.00768419 0.358233 131 230 131
0.175827 0.0141903 -0.156572 242 114 88
-0.0837013 -0.271551 -0.131913 206 199 133
0.0955451 -0.321866 0.0790613 67 43 118
0.307891 -0.0726199 -0.229354 164 74 198
-0.00397935 -0.30342 -0.0706407 200 201 164
-0.109076 -0.0919013 0.370269 126 211 109
-0.0153635 -0.0684453 0.501104 52 143 118
0.0695957 -0.109408 0.355826 168 181 153
0.0366277 0.18409 0.462161 58 142 111
0.131142 -0.20478 -0.296999 161 170 113
-0.143178 -0.219268 0.11383 99 195 129
-0.264391 0.0795755 0.138164 99 238 128
-0.0836082 -0.14792 0.296606 106 194 30
-0.142496 0.169425 0.273402 145 188 40
0.261452 -0.168924 0.0317897 145 32 200
-0.234558 0.181984 -0.267931 50 182 92
0.256455 -0.166785 -0.339808 49 86 117
0.273375 -0.28373 0.041479 44 98 147
-0.317351 0.115175 -0.123775 91 184 101
0.123323 0.283117 -0.237134 60 107 117
-0.173287 -0.122085 0.235701 113 247 127
-0.20987 -0.207453 0.03015 130 191 103
0.1178 -0.146108 -0.333045 133 179 105
-0.222203 -0.169141 0.0890353 108 222 104
0.066548 -0.142811 0.121482 208 57 41
0.0703218 0.360165 -0.0244478 67 105 118
0.174197 -0.0975802 -0.341307 147 154 193
0.233798 -0.0436959 -0.191252 223 109 200
0.20575 -0.0252272 -0.344118 154 159 242
-0.125943 0.156691 -0.342279 95 219 123
0.316849 0.0307423 -0.286258 50 90 162
-0.18183 0.243961 -0.236935 59 168 67
0.110942 0.230472 -0.0904393 236 149 178
-0.329872 0.0862219 -0.190826 64 198 118
-0.202151 0.202958 0.143115 76 157 68
-0.308306 -0.091493 0.0236628 83 209 119
-0.3383 -0.011424 -0.23613 64 187 127
-0.130917 0.285429 -0.229657 59 171 65
0.0542195 -0.116599 0.30796 200 176 121
0.284568 -0.291863 0.00208732 49 101 162
-0.119905 -0.256201 -0.270878 41 163 65
0.327681 -0.160731 -0.265849 78 54 113
0.087906 -0.100568 0.371388 141 181 159
0.0382608 -0.317579 0.0662874 77 53 92
0.285432 -0.161015 -0.0126573 125 34 171
-0.196885 -0.209897 0.0371933 131 198 103
0.181391 -0.154625 0.00346015 245 106 237
0.0255742 -0.0835261 0.482475 63 152 119
0.248789 -0.205123 0.0755488 81 17 158
0.3184 -0.118471 -0.239797 126 56 156
0.146509 -0.251488 0.11008 143 42 178
0.0592918 -0.0844558 0.467798 74 157 125
-0.0668867 0.170496 0.447469 62 135 141
0.066609 -0.337923 -0.183154 50 152 82
-0.0497609 0.226385 -0.309952 121 237 153
-0.154839 0.273766 -0.216461 68 166 69
0.206316 0.0837843 0.271649 97 121 144
-0.115861 -0.0436753 -0.33838 164 249 146
0.222536 0.129056 -0.239606 144 62 103
0.213776 -0.145084 -0.0372221 252 126 231
-0.0125024 -0.3065 -0.249508 23 142 59
-0.0392519 0.0406417 0.551241 63 134 126
-0.184986 0.0436194 0.343718 126 220 94
0.0536591 0.103664 0.527104 78 150 141
-0.258675 0.0585477 -0.32658 40 179 95
0.220183 -0.140185 -0.0986213 238 116 174
0.306587 -0.264134 0.00812285 38 90 132
0.128496 0.105619 -0.153887 227 109 35
0.11947 0.349423 -0.144537 22 68 84
0.176784 0.133922 0.235183 107 100 114
0.265367 -0.216941 -0.217953 137 94 96
0.0877265 0.196635 0.335302 143 155 112
0.241623 -0.188108 0.0643756 133 17 197
0.147705 0.0317014 -0.0861366 231 155 49
-0.132627 -0.197335 -0.325378 37 190 106
-0.15763 0.262449 0.0689785 166 159 132
-0.152051 -0.178436 0.190546 81 219 131
0.15603 0.21536 -0.23721 134 98 75
0.125562 0.183853 -0.31464 83 137 37
-0.0816452 0.113028 0.513429 36 131 114
0.139582 0.309882 -0.123951 110 53 147
0.0852536 -0.230699 0.104051 177 67 157
0.148899 0.234031 -0.240787 115 111 78
-0.145094 -0.204084 0.152224 83 210 133
-0.0267095 0.283191 0.1371 177 167 202
0.0851661 0.330283 0.0693623 79 47 111
-0.108823 -0.272031 -0.168055 183 197 137
-0.219249 0.18809 -0.0787494 206 173 86
0.110972 0.0671003 0.0571363 213 111 29
0.130486 0.0684086 0.158061 244 114 139
0.316016 -0.234094 0.0056996 38 73 109
-0.191084 0.189433 -0.306705 42 188 69
0.0883 0.320886 0.075082 88 47 109
-0.211743 -0.201577 -0.281145 40 172 89
0.202083 0.121661 -0.207296 198 83 108
0.138694 0.299291 -0.112842 112 54 147
0.0446899 0.184829 0.456295 63 141 114
0.111594 -0.0291592 -0.342524 161 200 133
0.130838 -0.0922421 0.228437 195 84 133
0.0158528 -0.291198 -0.266352 57 150 98
-0.248065 -0.165247 0.0558101 95 205 90
-0.322354 -0.115607 -0.0403074 72 203 105
-0.0544422 0.140012 0.507648 36 130 112
0.307232 -0.0934951 -0.345824 32 74 175
0.150862 -0.0861031 0.324632 112 128 149
-0.166757 0.214117 -0.0726146 211 138 52
0.195272 0.0291512 0.185146 135 21 140
0.205985 -0.0465982 0.246386 44 29 75
0.282097 -0.237139 -0.15929 148 86 121
-0.12503 -0.112533 0.315009 122 221 71
-0.267336 0.0494005 -0.3243 39 177 93
0.0433365 0.371166 0.063805 27 48 94
0.181755 -0.206636 -0.310229 111 128 107
0.120632 0.232428 0.0969495 158 67 85
-0.196085 -0.23778 -0.211392 107 177 116
0.0741609 0.359581 -0.0599167 72 113 116
-0.356728 -0.014959 -0.111972 92 217 132
0.133572 -0.121003 -0.0483925 201 86 59
0.319303 -0.20948 -0.0752617 99 44 132
0.141563 -0.0165244 -0.0420691 231 157 93
-0.0216011 -0.198288 -0.329563 91 198 136
-0.170181 -0.251625 -0.165417 165 192 139
-0.0528744 0.0943811 -0.345715 154 245 135
0.194257 0.00509961 0.183643 133 12 134
-0.334621 -0.111409 -0.101216 77 204 118
0.0862058 -0.209932 0.0966574 191 65 155
0.132922 0.220607 0.222704 80 67 4
0.11107 0.23726 0.126956 131 71 46
-0.150022 0.104299 -0.345481 124 227 147
0.21636 -0.00203704 0.211955 89 4 101
-0.0961471 0.0198535 0.525452 39 133 115
0.20518 0.0234113 0.194018 115 14 124
0.0743375 -0.343384 -0.0443038 86 119 167
-0.141641 0.283522 0.0919487 112 118 99
0.0317353 -0.318126 -0.228251 40 146 73
-0.261489 0.0714798 0.147871 105 241 134
0.108441 0.0603621 0.085888 216 94 19
0.249366 -0.284013 -0.171791 106 96 122
0.179525 -0.113238 -0.341138 143 148 176
-0.3309 0.0580733 -0.228813 54 189 122
-0.0652993 0.120684 0.518202 39 132 112
0.119193 -0.353712 -0.133879 43 131 123
-0.145561 -0.137132 0.256388 107 238 103
-0.258279 -0.137944 0.0724149 96 212 99
0.208327 -0.159526 -0.339782 92 110 141
0.0593686 0.245454 0.15802 156 113 87
0.0817443 0.231572 -0.0181319 226 135 163
0.157569 0.0209518 -0.124284 229 129 46
-0.009578 -0.114439 -0.337583 153 245 136
-0.0464788 0.38466 0.029227 35 62 100
0.184861 -0.187488 -0.326986 101 129 108
-0.0327099 -0.31155 -0.145837 158 179 150
-0.0460771 -0.310786 -0.18997 113 150 110
0.029979 -0.122598 0.356462 160 183 119
0.000250816 0.387106 0.0567367 12 51 84
0.374245 -0.103126 -0.28587 23 39 121
0.125292 0.0955784 -0.130533 222 114 19
0.0515823 -0.333774 -0.0427372 118 138 176
0.149536 -0.191316 -0.315096 132 155 111
-0.29261 0.14375 -0.14059 120 189 123
0.298437 -0.0463008 -0.216567 175 80 221
0.105596 0.134568 -0.132384 221 105 31
0.224319 -0.142411 -0.0757583 244 125 200
0.0794175 0.204232 0.326128 142 155 121
0.100963 0.143616 0.073129 243 130 74
0.00133605 -0.216667 -0.320377 90 189 133
0.0792823 -0.354817 -0.112563 64 124 131
0.09234 -0.322803 -0.195167 93 169 139
-0.309903 -0.155528 -0.161065 65 190 113
-0.243839 0.157473 0.0805766 142 206 107
-0.207394 0.229481 -0.196383 137 172 116
-0.198497 -0.243937 -0.121646 157 181 140
-0.325388 -0.0506277 0.0113113 81 213 123
0.248256 -0.0712611 -0.199403 221 108 186
-0.0174139 0.125496 -0.347144 146 231 131
0.10682 -0.0718902 0.184044 226 75 89
-0.162703 0.028239 0.413766 102 200 156
-0.1988 0.208103 -0.277963 49 183 70
0.141116 -0.330685 0.0685155 57 46 138
0.104062 -0.10595 0.323674 170 141 159
-0.147525 -0.258817 -0.177982 162 192 127
0.0952575 -0.0766236 0.180018 232 70 72
0.195146 -0.323878 -0.159869 71 110 145
0.0862958 0.228785 0.278773 136 105 84
0.0945731 0.24872 -0.0557614 220 133 199
0.0409686 -0.129595 -0.336697 139 219 93
-0.0779083 -0.273787 0.0552689 155 164 137
-0.0155452 0.366832 -0.175882 36 133 122
-0.0822207 -0.132798 0.324122 116 195 36
0.198195 0.118268 -0.318963 80 109 92
-0.0165602 -0.171566 -0.333629 117 216 144
0.0588896 -0.16005 0.129333 206 64 51
0.203309 0.143849 -0.270376 113 79 76
0.107181 0.105128 0.495384 76 150 122
-0.336497 0.0209967 -0.235676 61 191 127
-0.0383662 -0.0406251 -0.33911 160 236 107
0.261627 -0.0139939 -0.338066 115 140 238
-0.0972752 -0.25536 0.0317187 184 184 138
0.0950855 -0.338241 0.0462954 55 57 123
0.34212 -0.143793 -0.268494 64 38 123
0.109358 0.086461 -0.0264924 219 148 84
0.156849 0.169166 0.193379 113 67 65
0.0789251 -0.278177 -0.243399 137 192 157
-0.298544 0.137822 -0.137067 117 189 122
0.0878219 -0.0936696 0.41003 115 171 150
-0.0836767 -0.0884648 0.416443 108 198 137
-0.0766009 0.0991743 -0.345566 153 248 142
-0.300434 0.12049 -0.228741 61 191 124
-0.288363 0.148345 -0.173789 115 200 134
0.18511 0.157797 -0.242434 155 74 78
-0.313897 0.0252708 0.047323 87 216 112
-0.0524027 -0.0922591 0.446729 72 170 133
0.308474 -0.226341 -0.114432 146 66 140
-0.0333789 0.284507 -0.267431 103 212 171
0.113024 0.232234 0.236698 105 81 39
-0.00610796 0.214389 0.204771 237 153 96
-0.102504 0.00209908 -0.339598 167 243 127
-0.138502 -0.191024 0.187515 69 206 120
-0.249681 -0.112922 0.112921 107 226 110
-0.257451 0.0893685 0.150013 95 237 134
0.139526 -0.0732001 0.202239 195 71 134
0.162079 -0.283818 -0.214318 137 154 153
0.300956 -0.191698 -0.119648 173 61 151
0.191045 9.36898e-05 -0.166656 241 106 101
-0.0720401 0.219721 -0.316039 112 234 138
0.00330371 -0.318577 0.005689 137 129 154
0.156433 -0.0610768 -0.0996713 195 100 24
-0.161713 -0.18933 0.154622 90 220 143
0.238033 0.0303701 -0.17346 217 74 182
-0.123592 -0.183867 0.216386 62 185 96
0.106002 -0.0531609 0.153402 230 60 56
0.220523 -0.175524 0.0521376 197 51 230
-0.207682 0.215236 -0.136745 196 197 135
0.169793 -0.332631 0.0489791 48 70 165
0.133876 0.282155 -0.0995119 168 82 182
-0.210133 0.186063 0.00223859 207 177 89
-0.267082 0.150098 -0.258355 47 181 103
0.109594 0.080331 0.0341693 223 128 55
0.172715 0.103282 0.370442 119 170 145
-0.135515 0.29379 0.0760945 139 128 135
0.0841669 0.142868 -0.343471 134 165 88
-0.0148006 0.0822303 0.547456 73 139 139
0.0718126 0.207002 -0.0659537 223 121 106
-0.260616 -0.0622316 -0.325634 52 183 107
0.0769147 -0.149235 0.0846018 215 48 69
0.32896 -0.00326301 -0.300627 53 88 188
0.19892 0.00362175 -0.344793 149 159 226
0.118992 -0.104189 -0.340219 146 179 126
0.0663284 -0.0992485 0.204386 230 92 49
-0.0247162 0.200528 0.250427 232 174 87
0.086147 -0.106039 0.244849 223 125 111
0.00900377 0.212345 0.227204 235 162 101
-0.160151 -0.250954 -0.12677 186 198 141
-0.13149 -0.245355 -0.0870659 215 185 109
-0.290338 -0.126134 0.027871 81 205 110
0.183157 0.0162943 -0.162711 242 113 98
-0.230485 0.168246 0.129721 91 191 100
-0.303116 0.0109791 -0.300998 38 171 90
0.192007 -0.051793 0.304858 64 99 115
-0.29748 -0.0413353 0.0744499 96 222 123
-0.041015 0.265063 0.152881 200 177 176
0.0868524 -0.163881 0.0591782 218 51 96
0.1188 0.234738 0.0594848 178 84 112
-0.337154 0.0670227 -0.050615 71 200 78
0.213456 0.12611 -0.297747 87 96 84
0.065205 -0.112723 0.339962 175 183 143
0.144589 0.200509 0.27652 76 91 38
0.126575 0.338065 -0.118609 67 51 116
0.0479402 -0.118109 0.294283 207 168 115
0.0475019 -0.346112 -0.11742 84 131 129
0.175587 -0.0298468 -0.160063 212 75 71
0.290702 -0.284902 -0.0822219 83 80 167
0.0616268 0.20146 -0.0490006 221 119 109
0.162566 -0.0551431 0.194885 165 37 140
0.293156 -0.136225 -0.219124 158 73 161
0.131965 -0.0409855 0.17048 222 71 112
