ply
format ascii 1.0
comment Created by Open3D
element vertex 8730
property double x
property double y
property double z
property uchar red
property uchar green
property uchar blue
end_header
0.265265 0.297598 0.17557 255 0 0
0.201088 0.269641 0.344381 255 0 0
0.356862 0.226212 0.160299 255 0 0
0.245532 0.243823 0.0706848 255 0 0
0.243339 -0.0562208 0.424813 255 0 0
-0.00415002 0.379673 0.150684 255 0 0
0.186415 0.303653 0.269457 255 0 0
-0.0863681 -0.0185209 0.0809187 255 0 0
0.261099 0.250499 0.318554 255 0 0
0.165376 0.0306061 0.0205859 255 0 0
-0.252727 0.12277 -0.0166271 255 0 0
-0.231688 0.412037 0.0832911 255 0 0
-0.0755369 -0.139674 0.0457773 255 0 0
0.0118958 -0.448458 -0.0574559 255 0 0
0.00336208 0.132466 0.533967 255 0 0
0.171087 0.327527 0.23489 255 0 0
0.225336 -0.299917 0.177253 255 0 0
0.16282 0.332028 0.230452 255 0 0
-0.145914 -0.103828 0.450003 255 0 0
-0.12426 0.121525 0.509063 255 0 0
-0.180245 -0.187506 0.268552 255 0 0
-0.168748 -0.181307 0.0984745 255 0 0
-0.36005 -0.00541308 0.0983767 255 0 0
-0.229687 -0.186039 0.203006 255 0 0
0.136332 -0.0871109 0.53036 255 0 0
-0.11148 0.280266 0.301844 255 0 0
-0.0315065 0.119665 0.0923121 255 0 0
-0.181023 0.288611 0.0740942 255 0 0
0.216769 -0.311347 -0.188486 255 0 0
0.374913 0.00514391 0.0437288 255 0 0
0.318403 0.0708736 0.252936 255 0 0
0.169402 0.331847 0.187725 255 0 0
0.0339216 0.149443 0.105591 255 0 0
0.0591062 -0.201821 -0.190006 255 0 0
0.400575 0.0519603 0.134674 255 0 0
-0.0543022 -0.110977 -0.0809145 255 0 0
0.19317 0.321851 0.165323 255 0 0
0.189069 -0.472796 -0.0286326 255 0 0
0.167256 -0.418282 0.074287 255 0 0
-0.365113 0.0359022 0.206149 255 0 0
0.0863638 -0.231081 -0.223411 255 0 0
-0.065615 -0.168848 -0.123829 255 0 0
0.328572 0.0304842 0.210318 255 0 0
-0.170958 -0.0776569 0.0854722 255 0 0
-0.177717 0.189619 0.107799 255 0 0
0.236283 -0.420599 -0.118834 255 0 0
0.0431654 -0.249781 -0.223053 255 0 0
0.119597 -0.304074 0.260956 255 0 0
0.24215 -0.380559 -0.147947 255 0 0
-0.0193184 -0.0804458 -0.070521 255 0 0
-0.102618 0.160911 0.131113 255 0 0
0.0777617 0.0435936 0.584823 255 0 0
0.269402 -0.260022 0.0833541 255 0 0
0.0290593 -0.37307 -0.201573 255 0 0
-0.341312 0.118994 0.041976 255 0 0
0.0811932 -0.0865247 -0.137477 255 0 0
-0.196614 -0.0316804 0.0219143 255 0 0
0.264207 -0.0848651 0.0169567 255 0 0
0.218998 -0.447287 -0.110514 255 0 0
0.326778 0.00757206 0.211264 255 0 0
0.238032 0.0294154 0.473334 255 0 0
0.354236 0.13062 0.0634461 255 0 0
-0.0398539 0.35747 0.215857 255 0 0
-0.227473 -0.0813795 0.0175845 255 0 0
-0.313386 0.209035 0.164367 255 0 0
0.34611 0.171336 0.268353 255 0 0
0.121898 0.193703 0.128417 255 0 0
-0.0998355 0.269521 0.318985 255 0 0
0.0826299 -0.269057 0.336381 255 0 0
-0.195949 0.364173 0.17033 255 0 0
0.00202589 -0.393297 0.0718063 255 0 0
0.257824 -0.322251 0.0309378 255 0 0
0.0781227 -0.333693 0.226335 255 0 0
0.248335 -0.173572 0.310643 255 0 0
0.116057 0.0243243 0.0433617 255 0 0
-0.14305 -0.147769 0.371179 255 0 0
0.128409 0.319219 0.290127 255 0 0
0.163567 0.0541721 0.0743326 255 0 0
-0.18778 -0.181241 0.266948 255 0 0
0.0789376 -0.108356 0.536573 255 0 0
0.368313 0.164874 0.168874 255 0 0
0.284736 0.0464182 0.355378 255 0 0
-0.0844455 0.240385 0.361292 255 0 0
-0.208263 -0.179722 0.250414 255 0 0
0.231246 -0.437993 -0.0377659 255 0 0
0.0582046 0.203016 0.447499 255 0 0
0.211731 0.153012 0.0796738 255 0 0
-0.265783 -0.150229 0.200858 255 0 0
-0.016298 0.220789 0.102019 255 0 0
0.317049 0.20106 0.0687686 255 0 0
-0.17717 -0.0166781 0.0579859 255 0 0
0.00794461 -0.420067 0.0206564 255 0 0
-0.0453158 0.115352 0.542233 255 0 0
0.103405 0.22376 0.434733 255 0 0
0.0348584 -0.458415 -0.0231138 255 0 0
0.0156809 -0.450117 -0.0941822 255 0 0
-0.165542 -0.0923598 0.410242 255 0 0
-0.0687413 0.0226976 0.083287 255 0 0
-0.0190973 -0.00653156 0.0498809 255 0 0
0.310556 0.115596 0.028036 255 0 0
0.139473 -0.27005 0.30712 255 0 0
0.0162813 0.0212177 0.0550575 255 0 0
-0.0682872 0.22442 0.0978091 255 0 0
-0.0439784 -0.320815 -0.118951 255 0 0
-0.201486 0.187496 0.386644 255 0 0
-0.0737864 -0.210746 -0.109698 255 0 0
-0.0900271 0.180133 0.129923 255 0 0
0.00394959 -0.384415 0.096908 255 0 0
0.305105 -0.0707186 0.0459373 255 0 0
0.0457012 -0.0680803 -0.109537 255 0 0
0.238364 0.200685 0.426328 255 0 0
-0.0232994 -0.0321851 0.573731 255 0 0
0.0247953 -0.42884 0.0266382 255 0 0
0.0118133 -0.437619 -0.0128856 255 0 0
0.239045 0.106399 0.477028 255 0 0
0.070735 -0.00632072 0.580991 255 0 0
0.258231 -0.312145 0.0398933 255 0 0
0.00670433 0.167183 0.111097 255 0 0
0.257552 -0.301725 0.0583812 255 0 0
0.185603 -0.125515 0.469971 255 0 0
-0.293586 -0.0251109 0.285592 255 0 0
0.200569 -0.269197 0.257608 255 0 0
0.0538626 -0.259325 0.36048 255 0 0
0.262011 -0.0259222 0.367236 255 0 0
-0.0487335 -0.354542 0.0672729 255 0 0
-0.0193405 0.315173 0.0555711 255 0 0
-0.122062 -0.291972 0.149323 255 0 0
-0.0338555 -0.354591 0.128429 255 0 0
-0.241142 -0.11749 0.258715 255 0 0
-0.207844 0.0538511 -0.0166404 255 0 0
0.051405 -0.328934 -0.227485 255 0 0
-0.181455 -0.127295 0.0909986 255 0 0
0.407878 0.0437498 0.0940768 255 0 0
0.167625 -0.0433491 -0.0890412 255 0 0
0.0416118 -0.417736 0.0648763 255 0 0
-0.0684328 -0.179582 0.0353241 255 0 0
0.300357 0.226635 0.306367 255 0 0
0.213608 -0.442784 -0.00321499 255 0 0
-0.107344 0.241774 0.0889788 255 0 0
0.148752 -0.264035 -0.233103 255 0 0
-0.0157545 -0.420256 -0.0507096 255 0 0
0.0557435 -0.117215 0.534134 255 0 0
0.122145 0.232194 0.428946 255 0 0
0.0767251 0.110525 0.0976707 255 0 0
0.262643 -0.259965 -0.0558294 255 0 0
-0.300433 -0.0199985 -0.0269347 255 0 0
-0.180629 -0.0516717 0.060359 255 0 0
0.219705 -0.23583 -0.146485 255 0 0
0.185156 -0.260261 0.286465 255 0 0
0.286921 -0.202239 0.219871 255 0 0
-0.0291293 -0.238468 0.384319 255 0 0
0.0702052 0.102487 0.570043 255 0 0
0.355899 0.122508 0.204727 255 0 0
0.288754 -0.011696 0.239613 255 0 0
0.063012 0.304229 0.109282 255 0 0
0.383564 -0.0320644 0.121774 255 0 0
0.0212793 -0.437738 0.00394939 255 0 0
-0.028536 -0.369647 -0.132413 255 0 0
0.221988 -0.162294 0.378086 255 0 0
-0.134592 -0.188497 0.0802895 255 0 0
-0.0398135 -0.287194 0.280431 255 0 0
-0.0204569 -0.18092 0.474359 255 0 0
0.0850702 -0.422713 0.0790562 255 0 0
-0.30189 0.228715 0.156919 255 0 0
0.195711 -0.474725 -0.0693819 255 0 0
0.224387 -0.0737606 -0.098917 255 0 0
0.018884 -0.068885 -0.0641926 255 0 0
0.266061 -0.337076 -0.0253002 255 0 0
-0.326397 -0.0272795 0.231567 255 0 0
0.247366 -0.163104 -0.0948634 255 0 0
0.0271339 0.163786 0.112367 255 0 0
0.193629 -0.380337 0.0976601 255 0 0
-0.100027 0.222914 0.381243 255 0 0
-0.0806341 0.121504 0.524826 255 0 0
0.0283656 0.0661494 0.0722921 255 0 0
0.00594427 0.176867 0.114471 255 0 0
-0.231009 0.104318 -0.0196417 255 0 0
-0.199118 0.074253 0.00404934 255 0 0
0.222804 0.170794 0.0689815 255 0 0
-0.276386 0.32228 0.189348 255 0 0
0.218072 -0.220278 0.309958 255 0 0
0.264508 -0.160075 0.0362631 255 0 0
-0.220504 -0.164774 0.121352 255 0 0
-0.180991 0.045163 0.0426432 255 0 0
0.0933477 -0.0424021 -0.000922172 255 0 0
-0.00164256 -0.402205 -0.153387 255 0 0
-0.322178 -0.102094 0.123623 255 0 0
0.0786995 0.0970025 0.573172 255 0 0
-0.296166 0.168967 0.0420752 255 0 0
0.0726594 0.286996 0.341564 255 0 0
-0.0136037 -0.0439733 0.0284989 255 0 0
0.291591 0.22679 0.321693 255 0 0
-0.038199 -0.385033 -0.0239818 255 0 0
0.331506 0.212364 0.268496 255 0 0
0.31283 -0.010107 0.220855 255 0 0
-0.229998 0.0953075 -0.0236114 255 0 0
0.0314176 0.265899 0.0919623 255 0 0
0.135259 0.015478 0.02999 255 0 0
-0.176657 0.227883 0.10151 255 0 0
-0.281565 0.155644 0.274122 255 0 0
0.269701 -0.328156 -0.054437 255 0 0
-0.0494287 -0.326585 -0.086452 255 0 0
0.0342386 0.000961036 0.0382444 255 0 0
0.171322 -0.429135 0.0584755 255 0 0
-0.369078 0.0969017 0.149124 255 0 0
0.0981964 0.0616738 0.074186 255 0 0
-0.27146 0.0680196 0.40493 255 0 0
-0.185181 0.195762 0.102474 255 0 0
-0.0787795 0.388481 0.124 255 0 0
-0.257706 0.396561 0.100379 255 0 0
0.341318 0.138607 0.0617934 255 0 0
0.368999 0.142547 0.134587 255 0 0
-0.312166 0.184255 0.0967244 255 0 0
-0.0513514 0.317245 0.266914 255 0 0
0.253129 0.266314 0.281713 255 0 0
0.0701365 0.359355 0.197286 255 0 0
0.0376747 0.00027566 0.58563 255 0 0
-0.245892 0.190124 0.297152 255 0 0
0.270684 0.269216 0.25134 255 0 0
-0.311948 -0.048164 0.224593 255 0 0
-0.078898 -0.168164 0.461964 255 0 0
-0.166557 0.0283198 0.501139 255 0 0
-0.217951 -0.133878 0.0856684 255 0 0
0.245773 -0.13523 -0.107557 255 0 0
0.290766 0.222012 0.330731 255 0 0
0.0717235 0.119559 0.557476 255 0 0
0.354666 0.20248 0.221153 255 0 0
0.255253 -0.222192 -0.0203377 255 0 0
-0.160632 -0.179949 0.0931923 255 0 0
-0.269376 -0.140577 0.0986167 255 0 0
0.275587 -0.22653 0.214554 255 0 0
0.171185 -0.223164 -0.189666 255 0 0
-0.0892262 -0.251556 0.294595 255 0 0
-0.321147 -0.0637747 0.0247339 255 0 0
-0.235501 -0.181118 0.195463 255 0 0
0.308537 0.0599141 0.262199 255 0 0
-0.270207 -0.0328337 0.301323 255 0 0
0.399792 0.0118167 0.119129 255 0 0
0.246684 -0.18536 -0.0524334 255 0 0
0.00935147 -0.129308 0.525705 255 0 0
-0.0200262 0.163603 0.482757 255 0 0
0.122709 0.210892 0.125505 255 0 0
-0.149934 0.0935296 0.118077 255 0 0
0.342767 -0.00619557 0.200354 255 0 0
0.225649 -0.120349 -0.130056 255 0 0
-0.240552 0.27585 0.254807 255 0 0
0.142831 -0.360218 0.165193 255 0 0
0.343097 0.0232684 0.00806162 255 0 0
0.0452704 -0.270023 0.340183 255 0 0
0.132503 -0.100098 0.524833 255 0 0
-0.0779804 -0.238646 0.338493 255 0 0
0.28947 0.126809 0.396089 255 0 0
-0.204477 0.340178 0.200449 255 0 0
0.263578 -0.327172 -4.53589e-05 255 0 0
0.241479 -0.196185 -0.097307 255 0 0
-0.225585 -0.0460435 -0.00725762 255 0 0
-0.170988 0.39453 0.129543 255 0 0
-0.00476895 -0.0299661 0.0322166 255 0 0
0.262973 0.176746 0.416343 255 0 0
-0.0338332 0.186357 0.116262 255 0 0
-0.265648 0.0361253 -0.0495889 255 0 0
0.188696 -0.363111 0.124113 255 0 0
-0.128469 0.279841 0.298367 255 0 0
0.142992 0.120437 0.122612 255 0 0
-0.144656 0.150206 0.469485 255 0 0
-0.156772 0.0286427 0.0983856 255 0 0
-0.320901 0.0625257 -0.0240262 255 0 0
0.277763 0.128008 0.415476 255 0 0
0.0713702 -0.0901849 0.548139 255 0 0
-0.0683205 -0.230893 -0.00708857 255 0 0
0.0328 0.151761 0.514138 255 0 0
0.352253 0.11998 0.0502222 255 0 0
-0.222829 0.294108 0.250631 255 0 0
-0.230646 0.0595531 0.447337 255 0 0
0.364402 0.0372794 0.181412 255 0 0
-0.188748 0.00863469 0.469096 255 0 0
-0.00889866 0.0874593 0.0803136 255 0 0
-0.1164 0.221206 0.379827 255 0 0
-0.0322869 -0.0404553 0.569057 255 0 0
0.209309 -0.454423 -0.113758 255 0 0
0.367243 0.174401 0.133667 255 0 0
-0.113945 -0.197355 0.358478 255 0 0
0.120894 -0.487082 -0.117335 255 0 0
-0.316361 0.0764419 0.327431 255 0 0
-0.248746 -0.0622098 -0.0093778 255 0 0
-0.258003 0.2911 0.23108 255 0 0
0.16708 -0.31834 -0.219995 255 0 0
0.164922 -0.105144 0.502204 255 0 0
0.233351 -0.257781 0.239494 255 0 0
0.0508382 0.358251 0.151505 255 0 0
-0.354778 0.0588248 0.0442684 255 0 0
0.108729 -0.23312 0.393058 255 0 0
-0.0258727 -0.361839 -0.15048 255 0 0
0.341663 -0.0695232 0.0724931 255 0 0
-0.0340047 -0.145583 -0.156157 255 0 0
0.136404 -0.0283584 -0.0376426 255 0 0
0.216621 0.163738 0.0737311 255 0 0
-0.00934537 -0.0743543 -0.101173 255 0 0
-0.33717 -0.0154314 0.0180277 255 0 0
0.247953 -0.376898 -0.138428 255 0 0
0.318598 -0.100902 0.0713623 255 0 0
-0.194401 0.206108 0.0973826 255 0 0
0.14561 -0.432132 0.0657191 255 0 0
0.102129 -0.219643 0.417924 255 0 0
-0.155503 -0.132043 0.335006 255 0 0
-0.158633 0.322534 0.0579283 255 0 0
-0.167175 0.263094 0.306114 255 0 0
0.109014 -0.0120062 0.570057 255 0 0
0.156232 0.311275 0.284843 255 0 0
0.147836 0.069105 0.0968723 255 0 0
-0.175738 -0.084701 0.358773 255 0 0
0.182673 -0.38193 0.106731 255 0 0
-0.068468 -0.257595 -0.0364816 255 0 0
0.261373 -0.362235 -0.0251396 255 0 0
-0.256121 0.273054 0.243778 255 0 0
0.188366 0.21781 0.447074 255 0 0
0.225334 -0.338715 -0.181689 255 0 0
0.246583 -0.023286 -0.0348741 255 0 0
-0.192436 0.122054 0.0606043 255 0 0
0.132822 -0.141417 0.495274 255 0 0
0.254281 -0.126612 0.0101655 255 0 0
-0.143424 0.12602 0.496714 255 0 0
0.0533374 -0.466104 -0.127386 255 0 0
-0.207451 0.0682601 -0.0128588 255 0 0
-0.0721426 -0.0334292 0.0619641 255 0 0
0.0314943 -0.0851883 -0.146668 255 0 0
-0.147691 -0.117061 0.430436 255 0 0
0.381912 -0.0341388 0.130523 255 0 0
0.0580511 -0.415494 -0.186927 255 0 0
0.296566 -0.211306 0.117181 255 0 0
0.270845 -0.259819 0.113827 255 0 0
0.262568 -0.20523 0.0287755 255 0 0
-0.212297 -0.0335397 -0.000393407 255 0 0
-0.0974856 -0.0940616 0.510899 255 0 0
0.0648408 -0.281209 0.316623 255 0 0
0.113719 0.199546 0.470264 255 0 0
0.25073 -0.136394 -0.0114924 255 0 0
0.376072 -0.000837163 0.167859 255 0 0
0.0753998 -0.146702 0.510392 255 0 0
-0.197694 0.178478 0.405495 255 0 0
-0.0478304 -0.154762 -0.144553 255 0 0
-0.0267584 0.129156 0.53072 255 0 0
0.191777 -0.234106 -0.176033 255 0 0
0.336252 0.203667 0.268316 255 0 0
0.144009 -0.495525 -0.0680509 255 0 0
0.297785 0.0577144 0.322006 255 0 0
0.00995685 0.371245 0.192681 255 0 0
0.259739 0.290093 0.120137 255 0 0
0.0657221 -0.0714986 0.558351 255 0 0
-0.0837211 0.374689 0.169265 255 0 0
-0.141066 -0.0235421 0.511344 255 0 0
-0.14227 -0.160672 0.0844076 255 0 0
-0.138988 0.313163 0.0556115 255 0 0
-0.1845 0.299996 0.256407 255 0 0
-0.160343 0.303535 0.0640022 255 0 0
0.399479 0.0879742 0.0859609 255 0 0
-0.370653 0.0432232 0.101825 255 0 0
0.281689 -0.222538 0.205938 255 0 0
0.097746 0.0203824 0.579636 255 0 0
0.229439 0.268568 0.307101 255 0 0
0.1866 -0.299601 0.224365 255 0 0
-0.101234 -0.202239 0.381906 255 0 0
0.3175 0.237434 0.25562 255 0 0
0.223034 -0.333285 0.116751 255 0 0
-0.0184279 -0.145164 0.508665 255 0 0
0.275592 0.264011 0.259276 255 0 0
0.236385 0.182496 0.446675 255 0 0
-0.00402034 0.291328 0.0624321 255 0 0
0.341114 0.248075 0.15445 255 0 0
0.263108 -0.105101 0.323272 255 0 0
0.157357 0.0472649 0.0659656 255 0 0
0.0928527 -0.418305 0.0881242 255 0 0
0.32736 -0.0991697 0.204977 255 0 0
0.256024 0.19732 0.0575398 255 0 0
0.0232519 -0.360191 0.168356 255 0 0
-0.228061 0.271354 0.26541 255 0 0
0.0740952 -0.22698 -0.214705 255 0 0
0.352572 0.150447 0.24877 255 0 0
0.0972629 -0.302213 0.272268 255 0 0
-0.0420372 -0.376332 -0.0171911 255 0 0
0.244412 -0.300249 0.125715 255 0 0
0.0883354 0.045852 0.582687 255 0 0
-0.270694 0.211536 0.249402 255 0 0
0.105162 -0.399409 0.116989 255 0 0
0.24411 -0.412959 -0.105708 255 0 0
-0.0290374 -0.378799 -0.118416 255 0 0
-0.190078 0.0215516 0.0190177 255 0 0
0.241707 0.271206 0.281937 255 0 0
-0.0716529 -0.223226 0.0340861 255 0 0
0.0066715 0.215488 0.417359 255 0 0
0.316734 -0.0686387 0.220299 255 0 0
0.203902 -0.237912 0.302088 255 0 0
-0.346095 0.156059 0.139879 255 0 0
-0.13515 0.241888 0.100506 255 0 0
-0.110188 -0.229156 0.301206 255 0 0
0.333894 0.227363 0.0917443 255 0 0
-0.143634 -0.252018 0.236061 255 0 0
0.204227 0.0151649 -0.0333098 255 0 0
-0.186105 -0.149874 0.283757 255 0 0
0.0528455 0.259203 0.372176 255 0 0
0.288588 0.109466 0.397112 255 0 0
-0.335596 -0.0750558 0.0902971 255 0 0
0.136959 -0.35333 -0.220671 255 0 0
0.270443 -0.117784 0.292762 255 0 0
0.320369 -0.125962 0.206846 255 0 0
-0.0579986 -0.134727 -0.0332686 255 0 0
-0.17555 -0.0982527 0.324982 255 0 0
-0.137275 0.188457 0.418685 255 0 0
-0.272446 0.03831 0.391161 255 0 0
-0.0454373 -0.33724 -0.0964643 255 0 0
0.27629 -0.214594 0.0638084 255 0 0
0.257015 0.17261 0.0578708 255 0 0
0.229471 -0.224564 -0.126525 255 0 0
-0.184783 -0.131936 0.291806 255 0 0
-0.131238 0.323977 0.237312 255 0 0
-0.0855703 0.288311 0.296847 255 0 0
-0.332259 0.177164 0.167156 255 0 0
-0.338979 0.0634479 0.273847 255 0 0
0.236446 -0.0262156 -0.0439444 255 0 0
-0.255272 -0.114754 0.0438721 255 0 0
0.143655 -0.455694 -0.158982 255 0 0
-0.239444 0.177916 0.340298 255 0 0
-0.0502565 -0.329342 0.183883 255 0 0
0.349021 0.231937 0.123023 255 0 0
0.266407 -0.255768 0.180146 255 0 0
-0.226294 0.010148 -0.0337928 255 0 0
0.273912 0.0474728 -0.0176965 255 0 0
-0.119594 0.295451 0.0529301 255 0 0
0.238471 0.0580257 -0.0118184 255 0 0
0.188534 -0.411649 -0.179823 255 0 0
0.0364796 -0.231612 -0.200507 255 0 0
0.277017 0.141306 0.413414 255 0 0
0.250417 -0.210528 -0.0324555 255 0 0
-0.14923 0.155392 0.128046 255 0 0
0.201278 0.0929771 0.518212 255 0 0
-0.184022 -0.0327605 0.0461013 255 0 0
0.343617 0.112216 0.238581 255 0 0
-0.270766 0.0586032 -0.0471045 255 0 0
0.0486408 0.341671 0.257996 255 0 0
-0.320024 0.109893 0.263294 255 0 0
0.215405 -0.243528 -0.157631 255 0 0
-0.0996705 -0.0710645 0.523737 255 0 0
0.176638 -0.225306 0.35249 255 0 0
0.0766038 0.326487 0.28598 255 0 0
0.107064 0.0805966 0.091174 255 0 0
0.0197659 -0.401195 0.0768497 255 0 0
0.207086 -0.227371 -0.155246 255 0 0
0.313009 0.263876 0.115385 255 0 0
-0.043238 0.00164893 0.577897 255 0 0
0.229729 -0.0279076 0.468205 255 0 0
-0.277579 0.33627 0.172428 255 0 0
-0.0035629 0.362909 0.0916669 255 0 0
0.116278 0.0437391 0.574821 255 0 0
0.341153 0.044296 0.00408733 255 0 0
-0.249774 0.351842 0.0670635 255 0 0
0.276836 -0.245066 0.0972102 255 0 0
-0.328576 0.125567 0.0218216 255 0 0
0.317128 0.178347 0.329018 255 0 0
-0.0724246 -0.0741825 0.0472531 255 0 0
-0.137002 -0.135584 0.42942 255 0 0
-0.0850617 0.218512 0.110776 255 0 0
0.247105 -0.0163498 0.433655 255 0 0
0.252673 -0.113091 -0.0137922 255 0 0
-0.0455986 -0.311757 -0.118713 255 0 0
-0.239924 0.407769 0.0786362 255 0 0
0.28517 -0.234232 0.16192 255 0 0
0.204079 -0.115089 0.456035 255 0 0
-0.0242881 0.142303 0.513164 255 0 0
0.177465 -0.476982 -0.108827 255 0 0
-0.0120625 -0.365627 0.127722 255 0 0
0.278359 0.021858 0.27937 255 0 0
0.0167664 -0.0212504 0.0307642 255 0 0
0.170892 0.283899 0.33379 255 0 0
0.0500733 -0.160603 0.502395 255 0 0
0.293748 -0.0446626 0.240006 255 0 0
0.219261 0.195922 0.452452 255 0 0
0.190011 -0.268487 0.268827 255 0 0
0.274363 0.0442943 0.392949 255 0 0
-0.350623 0.12967 0.177691 255 0 0
0.0740713 -0.415966 0.0870462 255 0 0
-0.311377 0.118954 0.269025 255 0 0
-0.0505038 0.199878 0.11515 255 0 0
-0.261826 0.267655 0.105505 255 0 0
-0.0768766 -0.200177 -0.103372 255 0 0
-0.0172409 -0.272803 0.321199 255 0 0
0.00115044 -0.293299 -0.213843 255 0 0
0.137647 -0.377689 0.141124 255 0 0
0.329804 -0.0168168 0.210284 255 0 0
-0.237115 -0.102478 0.0334913 255 0 0
-0.34334 -0.049799 0.0814647 255 0 0
-0.367456 0.0470207 0.0904437 255 0 0
0.0178197 -0.246616 0.38321 255 0 0
-0.0587473 -0.342007 0.0533419 255 0 0
0.0958253 -0.493165 -0.0908189 255 0 0
0.101447 -0.383599 0.141356 255 0 0
-0.284939 0.357732 0.101865 255 0 0
-0.327443 -0.0899952 0.0780385 255 0 0
0.150883 -0.409798 -0.193547 255 0 0
0.109303 -0.0597655 -0.0608402 255 0 0
-0.322944 0.191639 0.138492 255 0 0
0.0795446 0.300232 0.325145 255 0 0
-0.0560397 0.348917 0.223989 255 0 0
-0.0934378 0.377086 0.0688455 255 0 0
-0.271105 0.378912 0.0855714 255 0 0
-0.333782 0.0989917 0.243488 255 0 0
0.198976 -0.253411 -0.184065 255 0 0
0.346481 0.0514408 0.196612 255 0 0
0.250763 -0.228468 -0.066079 255 0 0
-0.29752 -0.128996 0.101655 255 0 0
0.0639607 0.00135492 0.583496 255 0 0
0.241611 0.0201703 0.463539 255 0 0
-0.277141 0.152119 0.292841 255 0 0
0.25651 -0.144105 0.0212889 255 0 0
-0.237838 -0.173617 0.156239 255 0 0
0.021548 0.372506 0.172111 255 0 0
0.0610615 -0.481146 -0.0521449 255 0 0
0.35006 0.203502 0.231953 255 0 0
0.0321369 0.103746 0.566318 255 0 0
0.118254 0.277234 0.121457 255 0 0
0.245415 0.272422 0.273576 255 0 0
0.0615735 0.242144 0.396643 255 0 0
0.390432 0.0115019 0.148269 255 0 0
-0.206642 0.0250831 -0.0152091 255 0 0
0.24934 0.139659 0.455143 255 0 0
0.300123 0.155128 0.370819 255 0 0
-0.183739 0.386855 0.1414 255 0 0
0.299658 0.251576 0.255874 255 0 0
0.262022 -0.124654 0.315017 255 0 0
-0.113619 -0.249679 0.0780604 255 0 0
0.113213 -0.268481 -0.242632 255 0 0
0.0915366 0.0756498 0.578632 255 0 0
-0.0955615 -0.174711 0.439336 255 0 0
0.362013 -0.0275829 0.0570466 255 0 0
-0.251714 -0.165579 0.199271 255 0 0
0.238269 -0.428576 -0.091553 255 0 0
0.0991009 -0.14612 0.504533 255 0 0
0.144806 -0.228681 0.377471 255 0 0
0.0300381 -0.377096 0.137894 255 0 0
0.242462 -0.362347 0.0404944 255 0 0
-0.0434691 -0.236938 0.37941 255 0 0
0.0503599 -0.344855 0.205688 255 0 0
-0.0481875 -0.35689 0.0484341 255 0 0
0.278106 -0.215348 0.223654 255 0 0
-0.188099 0.138795 0.0842715 255 0 0
0.116187 -0.140163 -0.165537 255 0 0
0.116491 0.0664984 0.0839635 255 0 0
0.0301757 -0.422024 0.0459969 255 0 0
-0.0810413 -0.199943 -0.0700993 255 0 0
0.134259 -0.184443 0.450321 255 0 0
-0.171992 0.0708471 0.0824102 255 0 0
-0.200023 0.234371 0.0934839 255 0 0
-0.0646077 -0.305378 0.226542 255 0 0
-0.351131 0.0633814 0.238093 255 0 0
-0.0513205 -0.132893 -0.0150959 255 0 0
-0.339966 0.0894958 0.0127095 255 0 0
0.0305926 -0.438238 0.0157253 255 0 0
-0.238168 -0.122603 0.0617089 255 0 0
-0.136326 0.273111 0.0712883 255 0 0
-0.150511 0.211978 0.38226 255 0 0
0.272569 -0.0428736 -0.00297482 255 0 0
0.0695174 0.201796 0.452684 255 0 0
-0.375609 0.0495372 0.153575 255 0 0
-0.204584 0.411841 0.0973458 255 0 0
0.350511 0.0964211 0.199824 255 0 0
-0.0718813 -0.318809 0.0575529 255 0 0
-0.112008 -0.0930301 0.0787877 255 0 0
-0.105989 0.27554 0.309545 255 0 0
-0.352614 0.0899198 0.049041 255 0 0
0.348485 0.236138 0.175701 255 0 0
0.159121 0.197731 0.104383 255 0 0
0.21185 -0.0426434 0.489322 255 0 0
-0.0272664 0.384689 0.11838 255 0 0
0.175318 -0.11055 0.490531 255 0 0
0.0564056 -0.0425978 0.0102599 255 0 0
0.0270435 -0.0740337 -0.0300001 255 0 0
0.102724 0.0357143 0.0533504 255 0 0
0.259196 -0.0152238 0.390433 255 0 0
0.405553 0.0713442 0.0871373 255 0 0
-0.2841 -0.137584 0.106933 255 0 0
-0.0139841 -0.416973 -0.0216506 255 0 0
-0.311782 -0.0910104 0.178607 255 0 0
0.169309 -0.0971402 -0.142262 255 0 0
-0.0731453 0.252632 0.0638026 255 0 0
0.212756 0.292548 0.113218 255 0 0
0.292156 -0.139682 0.0635777 255 0 0
0.326771 0.0706483 0.228 255 0 0
-0.139392 0.0918037 0.120629 255 0 0
0.336018 0.0527519 0.206436 255 0 0
0.138211 -0.155565 -0.165393 255 0 0
-0.114034 -0.0212672 0.106456 255 0 0
0.190109 -0.419168 -0.173919 255 0 0
-0.316991 0.168572 0.0703698 255 0 0
0.208784 0.186634 0.0728398 255 0 0
0.260638 -0.232462 0.00145869 255 0 0
-0.116368 -0.109249 0.0786986 255 0 0
-0.0624494 -0.333496 0.15123 255 0 0
0.129393 -0.346673 0.192771 255 0 0
0.340675 0.15669 0.285923 255 0 0
-0.0154632 -0.244754 -0.171153 255 0 0
-0.124095 -0.0406811 0.105357 255 0 0
0.131232 -0.496482 -0.053418 255 0 0
0.160992 -0.462896 -0.144928 255 0 0
0.249663 -0.115513 0.365158 255 0 0
0.294478 0.0541987 -0.0122255 255 0 0
0.25244 -0.311199 0.0673775 255 0 0
-0.0399798 -0.378451 -0.0665901 255 0 0
0.0959729 0.238768 0.411425 255 0 0
-0.285006 0.17545 0.24805 255 0 0
-0.267054 -0.06583 -0.00987549 255 0 0
-0.0454775 -0.00677567 0.0597958 255 0 0
-0.00749455 0.0557424 0.0726883 255 0 0
0.0710768 -0.189494 0.469343 255 0 0
-0.24653 0.250018 0.262637 255 0 0
0.0417456 0.302944 0.311078 255 0 0
-0.291054 -0.0684983 0.233182 255 0 0
0.149649 0.014635 0.0157077 255 0 0
0.00158174 -0.0368876 0.0269612 255 0 0
0.126423 -0.0228998 -0.0108097 255 0 0
-0.232241 0.00857992 0.415039 255 0 0
0.0797291 -0.299088 0.281672 255 0 0
0.14008 -0.0471122 0.54633 255 0 0
-0.280936 0.277909 0.209985 255 0 0
-0.207613 -0.183223 0.131801 255 0 0
0.297975 0.106578 0.0191227 255 0 0
-0.0144144 0.155281 0.496359 255 0 0
0.351101 0.193626 0.240835 255 0 0
-0.0574532 0.144665 0.108954 255 0 0
-0.278547 0.0271257 0.375698 255 0 0
0.219601 0.0434984 0.502025 255 0 0
-0.143814 0.348831 0.202015 255 0 0
0.121948 0.291515 0.341437 255 0 0
-0.10634 -0.281014 0.0858936 255 0 0
-0.165311 0.158558 0.451238 255 0 0
-0.154509 -0.211665 0.0969615 255 0 0
0.0955744 -0.398025 -0.204552 255 0 0
0.0557612 -0.202853 0.454382 255 0 0
0.189677 0.150681 0.0976637 255 0 0
-0.145904 -0.133996 0.405607 255 0 0
0.204064 -0.302625 -0.197785 255 0 0
-0.205427 0.236269 0.306646 255 0 0
-0.00126628 0.298187 0.305253 255 0 0
-0.00713859 0.339338 0.0697177 255 0 0
0.155131 -0.366412 0.148197 255 0 0
0.108379 0.0579271 0.074224 255 0 0
-0.305077 0.0960274 0.340594 255 0 0
0.283973 -0.0777805 0.258568 255 0 0
0.233512 0.155034 0.468147 255 0 0
0.185276 0.0605032 0.0581189 255 0 0
0.267474 0.0652335 0.425408 255 0 0
-0.163675 -0.232571 0.117882 255 0 0
0.309658 -0.183008 0.185455 255 0 0
0.251184 -0.16422 0.31293 255 0 0
0.328273 -0.125376 0.192701 255 0 0
0.279539 0.0937487 0.410993 255 0 0
0.278757 0.238394 0.320667 255 0 0
0.250004 -0.266518 -0.119589 255 0 0
-0.133086 -0.153555 0.40731 255 0 0
-0.314768 -0.105415 0.0719194 255 0 0
-0.271726 0.14924 0.324537 255 0 0
-0.274794 0.270317 0.223409 255 0 0
-0.17741 -0.124131 0.300925 255 0 0
0.180304 -0.124595 -0.151564 255 0 0
-0.0558887 0.0126291 0.073766 255 0 0
0.328435 -0.148499 0.171711 255 0 0
0.00835068 0.260407 0.0803458 255 0 0
-0.0885389 -0.235794 0.326 255 0 0
0.250814 -0.396381 -0.108539 255 0 0
-0.304942 0.0588028 0.352242 255 0 0
-0.0613074 0.253794 0.0621798 255 0 0
0.00268474 -0.126959 -0.171695 255 0 0
0.271459 -0.230268 0.0577928 255 0 0
-0.238936 -0.16521 0.135216 255 0 0
0.314391 0.0583811 0.237024 255 0 0
0.110302 -0.165745 -0.17436 255 0 0
0.340443 -0.0434519 0.0509009 255 0 0
0.0986398 -0.0460261 -0.00819017 255 0 0
-0.0674719 0.195334 0.426223 255 0 0
-0.29084 0.302167 0.173339 255 0 0
-0.0733385 -0.24528 -0.0830609 255 0 0
0.0156641 -0.408915 -0.166579 255 0 0
0.326139 0.0996841 0.298569 255 0 0
-0.342522 0.162848 0.144937 255 0 0
0.210267 -0.0614124 0.482222 255 0 0
0.130176 -0.496533 -0.0831843 255 0 0
0.159788 -0.347079 -0.216996 255 0 0
-0.050641 -0.126906 0.512803 255 0 0
-0.0963334 -0.129013 0.486175 255 0 0
-0.103862 0.14706 0.12742 255 0 0
-0.0434663 -0.270428 -0.140909 255 0 0
-0.182721 0.176412 0.102877 255 0 0
0.115474 0.258519 0.390409 255 0 0
0.0422979 0.293929 0.32329 255 0 0
-0.0122703 -0.079818 -0.0571275 255 0 0
-0.0446753 0.258002 0.0608227 255 0 0
0.200413 -0.471341 -0.0607687 255 0 0
-0.0383819 0.286178 0.311057 255 0 0
0.0876261 0.346885 0.245675 255 0 0
0.298841 -0.154437 0.0753495 255 0 0
0.102677 0.206076 0.458516 255 0 0
0.178591 0.0111128 -0.026285 255 0 0
-0.155061 -0.247655 0.228899 255 0 0
0.112435 -0.42422 0.0806026 255 0 0
0.215949 -0.273693 -0.177632 255 0 0
0.137441 -0.259694 0.327218 255 0 0
0.125856 0.152786 0.526031 255 0 0
0.241088 -0.221656 -0.0991849 255 0 0
0.271052 -0.258338 0.0963613 255 0 0
-0.0550975 -0.144473 0.0143745 255 0 0
0.0513521 0.324133 0.284603 255 0 0
-0.0132141 0.254332 0.0734233 255 0 0
0.164729 0.0126717 -0.0116924 255 0 0
-0.100398 0.0473531 0.555318 255 0 0
0.0241019 -0.45626 -0.0425021 255 0 0
0.0820549 0.132014 0.109541 255 0 0
0.0986727 -0.186953 -0.184159 255 0 0
0.0145096 -0.377316 0.125868 255 0 0
0.214534 -0.373397 -0.183711 255 0 0
0.188089 -0.427656 0.0479467 255 0 0
0.304159 0.243712 0.267119 255 0 0
0.255789 -0.351976 0.0111911 255 0 0
0.0550251 0.0497372 0.0631239 255 0 0
0.0367834 -0.28999 0.301671 255 0 0
-0.11491 0.189127 0.42336 255 0 0
0.107735 0.232126 0.424553 255 0 0
0.0432489 -0.404364 -0.188739 255 0 0
0.0314912 -0.126331 -0.176476 255 0 0
0.043317 -0.377887 0.142735 255 0 0
-0.0610699 -0.15928 -0.128188 255 0 0
0.276951 0.27696 0.224591 255 0 0
-0.060421 -0.149378 0.491076 255 0 0
0.182245 0.129234 0.110881 255 0 0
0.266876 -0.347874 -0.0799415 255 0 0
0.211714 0.225994 0.42047 255 0 0
0.150021 -0.23033 0.370211 255 0 0
-0.0535436 -0.119036 -0.114831 255 0 0
0.182265 0.0551761 0.0461682 255 0 0
0.0791166 0.191679 0.133473 255 0 0
0.194215 0.0758318 0.0792366 255 0 0
0.144094 -0.338554 0.197903 255 0 0
-0.0531787 -0.350164 0.0345512 255 0 0
-0.152221 0.0783042 0.113198 255 0 0
-0.213565 0.219412 0.313996 255 0 0
0.0468653 -0.287925 -0.236611 255 0 0
-0.150736 -0.0103415 0.505975 255 0 0
0.257057 -0.380267 -0.104742 255 0 0
-0.160318 -0.0823543 0.443488 255 0 0
-0.0648693 -0.0435797 0.557411 255 0 0
-0.072088 -0.0602078 0.545942 255 0 0
-0.134078 -0.281343 0.145099 255 0 0
-0.104108 -0.247566 0.282839 255 0 0
0.0969119 -0.0139291 0.0181107 255 0 0
-0.171662 0.127741 0.481326 255 0 0
-0.0560711 0.384291 0.0885033 255 0 0
0.341967 0.00554759 0.0144505 255 0 0
-0.231288 0.150266 0.415159 255 0 0
-0.022315 0.185508 0.451299 255 0 0
0.110475 -0.164519 0.484142 255 0 0
0.381039 -0.0262447 0.146198 255 0 0
-0.17257 0.100094 0.0968605 255 0 0
-0.193777 0.167175 0.425341 255 0 0
-0.298702 0.200896 0.217755 255 0 0
-0.328818 0.137146 0.036742 255 0 0
0.00507989 -0.253827 0.366751 255 0 0
0.0422782 -0.167527 -0.183188 255 0 0
-0.0440167 0.353255 0.0584342 255 0 0
-0.135245 -0.115154 0.0881126 255 0 0
0.260358 -0.262849 -0.0783298 255 0 0
0.0980303 0.188909 0.479451 255 0 0
0.184104 0.227374 0.0839089 255 0 0
-0.193974 0.394509 0.129042 255 0 0
-0.0890212 0.257342 0.337779 255 0 0
0.0291073 0.224774 0.410596 255 0 0
0.235565 -0.211793 0.296047 255 0 0
0.237778 0.0438078 0.476272 255 0 0
-0.057753 0.375344 0.17532 255 0 0
-0.059329 -0.28352 -0.0915012 255 0 0
0.165576 0.0345314 0.0286551 255 0 0
0.268449 6.87975e-05 -0.0239163 255 0 0
0.274773 -0.080496 0.27771 255 0 0
0.0737779 0.111347 0.56464 255 0 0
0.25452 -0.104048 -0.000579842 255 0 0
-0.261074 -0.0065473 -0.0426 255 0 0
0.0475655 0.0401448 0.0584372 255 0 0
-0.0522588 -0.352462 -0.00595303 255 0 0
-0.116125 0.0869496 0.536222 255 0 0
-0.326841 -0.084114 0.0629038 255 0 0
-0.246057 0.00494828 0.393676 255 0 0
0.0225461 0.370918 0.182337 255 0 0
0.293908 0.164818 0.376641 255 0 0
-0.35021 0.113604 0.0629455 255 0 0
0.097747 -0.0887449 -0.136102 255 0 0
0.377852 0.121071 0.0986807 255 0 0
-0.1118 -0.272959 0.0869857 255 0 0
-0.170976 -0.0883061 0.387477 255 0 0
-0.214793 0.35276 0.180595 255 0 0
-0.113017 0.198294 0.411367 255 0 0
0.00864913 -0.263408 -0.204854 255 0 0
0.0415423 -0.100252 -0.161803 255 0 0
0.276093 0.111141 0.419587 255 0 0
0.0551684 -0.113818 -0.169471 255 0 0
-0.20168 -0.170082 0.11511 255 0 0
0.215835 -0.393099 0.057453 255 0 0
0.287689 0.0551407 0.361586 255 0 0
-0.0624159 -0.300677 -0.0110455 255 0 0
-0.201986 0.127819 0.0400011 255 0 0
0.235014 -0.2822 -0.159375 255 0 0
0.186493 -0.328397 0.180035 255 0 0
-0.353777 0.0818264 0.215266 255 0 0
-0.188636 0.221051 0.0989527 255 0 0
-0.297466 -0.0411709 -0.0168784 255 0 0
0.00343014 -0.0489339 0.0204946 255 0 0
0.124625 -0.0513953 -0.064037 255 0 0
0.0951592 -0.0540431 0.560246 255 0 0
0.0777164 -0.488996 -0.0557522 255 0 0
-0.0739601 -0.239054 -0.0492401 255 0 0
-0.288077 0.206181 0.229857 255 0 0
0.0997029 -0.114485 -0.158694 255 0 0
-0.246109 0.292247 0.239153 255 0 0
-0.0788861 -0.0303824 0.0685769 255 0 0
-0.0549959 -0.344654 0.112992 255 0 0
0.123189 -0.221864 -0.216562 255 0 0
-0.257613 0.345337 0.176177 255 0 0
0.159352 -0.264257 0.302708 255 0 0
0.0962262 0.193369 0.13408 255 0 0
0.186646 0.314245 0.249374 255 0 0
-0.239009 0.0903627 0.443375 255 0 0
0.171686 -0.282185 -0.221171 255 0 0
0.181905 0.0817102 0.102258 255 0 0
0.270128 -0.259547 0.145236 255 0 0
-0.164857 0.187936 0.117664 255 0 0
0.158154 -0.41976 0.0767181 255 0 0
0.165552 -0.189725 -0.165149 255 0 0
-0.237951 -0.0897475 0.271469 255 0 0
0.0630159 -0.151023 -0.179744 255 0 0
0.158485 0.287211 0.116879 255 0 0
0.258798 -0.354549 -0.00310353 255 0 0
-0.139133 0.293103 0.277113 255 0 0
0.23723 -0.133459 -0.122123 255 0 0
-0.190211 -0.0161533 0.0282048 255 0 0
-0.222377 -0.194501 0.188246 255 0 0
-0.0744649 -0.283193 0.258339 255 0 0
-0.0795999 0.323137 0.0433767 255 0 0
0.186133 0.293792 0.289589 255 0 0
0.275401 0.157704 0.409236 255 0 0
0.0995469 -0.0259668 0.569097 255 0 0
0.20756 0.0986181 0.511848 255 0 0
0.39802 0.0149606 0.130993 255 0 0
0.288245 0.0704096 0.379342 255 0 0
0.041679 -0.152153 0.50998 255 0 0
0.223728 0.126011 0.0728515 255 0 0
-0.243323 0.260632 0.0942542 255 0 0
-0.205804 0.287955 0.263324 255 0 0
-0.179167 -0.22389 0.233143 255 0 0
0.283605 0.125499 0.0373687 255 0 0
-0.19124 0.129744 0.468635 255 0 0
0.200053 0.183132 0.477988 255 0 0
0.00871413 0.366052 0.108791 255 0 0
-0.210465 -0.0239131 -0.00325691 255 0 0
0.0453618 -0.154874 -0.181889 255 0 0
-0.251302 -0.167191 0.16843 255 0 0
0.0538848 -0.0501228 0.56905 255 0 0
0.25657 -0.234303 -0.0398296 255 0 0
0.254581 -0.385381 -0.0240089 255 0 0
0.19919 -0.153661 -0.150087 255 0 0
-0.148916 0.392601 0.128856 255 0 0
-0.326617 -0.0493706 0.0211625 255 0 0
-0.134626 0.394989 0.105373 255 0 0
0.242724 0.0026443 0.4541 255 0 0
-0.193897 0.306486 0.245655 255 0 0
-0.0454332 0.321287 0.0472056 255 0 0
-0.135707 0.324769 0.0524229 255 0 0
-0.287828 0.319654 0.120734 255 0 0
0.213146 0.283926 0.280571 255 0 0
0.0467956 -0.134111 0.523708 255 0 0
0.0105072 0.0114384 0.587098 255 0 0
-0.366209 0.000747725 0.163601 255 0 0
0.0592711 -0.0966791 -0.156435 255 0 0
0.332726 0.160297 0.305234 255 0 0
-0.0872862 -0.151842 0.472859 255 0 0
0.250635 0.12261 0.0493646 255 0 0
-0.126641 -0.156598 0.419002 255 0 0
0.192588 -0.405118 0.0706692 255 0 0
0.144025 -0.338208 -0.223557 255 0 0
0.215964 0.244678 0.0764247 255 0 0
-0.236052 -0.0397335 0.327053 255 0 0
0.0529013 -0.0134842 0.0262161 255 0 0
0.216548 0.203341 0.067788 255 0 0
0.103132 -0.407591 -0.199457 255 0 0
0.17839 -0.258454 0.295803 255 0 0
0.0194407 -0.283004 0.31315 255 0 0
0.0656894 0.298358 0.324338 255 0 0
-0.227412 -0.063596 0.297126 255 0 0
0.0714298 0.264913 0.115441 255 0 0
-0.287676 0.190162 0.237032 255 0 0
0.290716 0.149951 0.388301 255 0 0
0.140293 -0.0345637 -0.0545909 255 0 0
-0.00356277 -0.388894 -0.164169 255 0 0
0.0199446 -0.132075 -0.176789 255 0 0
0.191215 0.0666995 0.0650263 255 0 0
-0.105294 -0.274238 0.242934 255 0 0
0.402889 0.0498721 0.0684463 255 0 0
0.189455 0.153142 0.505888 255 0 0
0.301724 0.176986 0.35721 255 0 0
0.186861 0.165464 0.0933004 255 0 0
-0.155116 0.0414546 0.103216 255 0 0
0.206435 -0.205306 0.345574 255 0 0
0.287809 -0.0583465 0.249005 255 0 0
0.139351 -0.310322 0.241952 255 0 0
0.153136 -0.28871 -0.229923 255 0 0
0.000325966 -0.323307 0.231856 255 0 0
0.10566 -0.188909 0.459386 255 0 0
-0.0175609 -0.394222 0.0318096 255 0 0
-0.132881 -0.270058 0.114909 255 0 0
0.238834 0.274879 0.0938226 255 0 0
0.194536 -0.345166 0.143794 255 0 0
-0.358898 -0.00198033 0.194465 255 0 0
0.0253337 -0.324162 0.238134 255 0 0
-0.261303 0.152468 0.354309 255 0 0
0.187246 -0.464855 -0.00695454 255 0 0
-0.255853 0.134535 0.400622 255 0 0
0.0278467 -0.238293 -0.200628 255 0 0
0.00051144 -0.0812397 -0.0320094 255 0 0
0.245172 -0.21562 -0.0806334 255 0 0
0.0413543 -0.0663833 -0.0641706 255 0 0
0.0901103 -0.489996 -0.0408119 255 0 0
0.387251 -0.0171991 0.0895025 255 0 0
-0.26286 -0.00362975 0.362882 255 0 0
0.257146 -0.228906 0.245475 255 0 0
-0.201644 -0.215694 0.194362 255 0 0
-0.108017 -0.149957 0.456252 255 0 0
0.0511712 -0.425171 -0.176694 255 0 0
0.374356 0.128724 0.116744 255 0 0
-0.273255 -0.149403 0.135991 255 0 0
0.329541 -0.0301568 0.0321023 255 0 0
-0.161958 -0.0619463 0.460816 255 0 0
0.297948 -0.199571 0.10344 255 0 0
0.354881 0.10626 0.194314 255 0 0
0.196096 0.243052 0.406588 255 0 0
-0.261378 0.156585 0.339386 255 0 0
-0.0377159 -0.35672 0.110554 255 0 0
0.0924376 0.299727 0.328309 255 0 0
-0.304649 -0.00871893 -0.0287114 255 0 0
0.0557778 -0.397809 0.11132 255 0 0
-0.127399 -0.0873292 0.490023 255 0 0
-0.240644 -0.153044 0.239758 255 0 0
0.35176 -0.100207 0.153083 255 0 0
0.254249 -0.133831 0.332118 255 0 0
0.311383 0.182398 0.336751 255 0 0
-0.223608 0.0573509 0.453575 255 0 0
0.360481 0.182563 0.111734 255 0 0
0.320235 0.0952436 0.313248 255 0 0
-0.292344 0.327821 0.133926 255 0 0
-0.0288281 0.0467046 0.0743328 255 0 0
0.363116 -0.0782697 0.141213 255 0 0
-0.270388 0.285754 0.220972 255 0 0
-0.0809675 -0.324071 0.132676 255 0 0
-0.174744 -0.205175 0.259355 255 0 0
0.176776 -0.0815479 -0.130686 255 0 0
0.0752085 0.0205458 0.584539 255 0 0
-0.200587 -0.115162 0.0768188 255 0 0
-0.188197 0.410655 0.0659098 255 0 0
-0.200483 -0.0558769 0.0275005 255 0 0
-0.27139 0.00425672 -0.0448283 255 0 0
-0.0811124 -0.0648816 0.05618 255 0 0
0.127235 -0.494925 -0.0449722 255 0 0
-0.196833 -0.0503757 0.380394 255 0 0
-0.25314 0.379493 0.064297 255 0 0
-0.191596 0.185028 0.399576 255 0 0
-0.362891 0.105356 0.168282 255 0 0
0.251905 -0.133955 -0.084512 255 0 0
-0.214169 -0.0526188 0.328137 255 0 0
-0.226458 -0.00652276 0.405343 255 0 0
-0.179205 -0.0316376 0.455069 255 0 0
0.154288 -0.0148941 0.549265 255 0 0
0.36123 -0.0672453 0.0979969 255 0 0
-0.155141 -0.19364 0.284447 255 0 0
0.331235 0.121105 0.0396686 255 0 0
-0.13703 0.0307495 0.529686 255 0 0
-0.0645381 -0.27885 -0.0417792 255 0 0
-0.229052 0.364697 0.160835 255 0 0
-0.220097 0.12523 0.450034 255 0 0
0.241651 -0.19874 0.300104 255 0 0
0.401988 0.0175993 0.0889638 255 0 0
0.123714 0.261945 0.387185 255 0 0
-0.310024 0.167757 0.0557478 255 0 0
0.0879752 0.0331688 0.582784 255 0 0
0.270293 -0.320187 -0.0668915 255 0 0
0.323491 0.0731035 0.238863 255 0 0
0.0464912 0.342999 0.117961 255 0 0
0.35817 -0.0911001 0.13419 255 0 0
0.345692 0.0982602 0.0255432 255 0 0
0.0316184 -0.464545 -0.0728705 255 0 0
-0.079023 -0.222222 -0.0721966 255 0 0
0.263205 -0.228514 0.0230301 255 0 0
0.116574 0.243199 0.411629 255 0 0
0.251416 -0.218728 -0.0423551 255 0 0
-0.258868 -0.0787552 0.00134594 255 0 0
0.23823 -0.0606844 -0.0639665 255 0 0
-0.293337 -0.0524559 0.245301 255 0 0
-0.259483 -0.0569192 -0.0153681 255 0 0
-0.0422799 -0.307252 0.241308 255 0 0
-0.215184 0.334167 0.0617601 255 0 0
0.207517 -0.43943 0.0116081 255 0 0
0.263624 -0.0525535 0.337638 255 0 0
-0.0649868 0.0535209 0.57123 255 0 0
0.32344 -0.0582209 0.0494928 255 0 0
0.150941 -0.0398292 0.543561 255 0 0
-0.287749 0.246225 0.13675 255 0 0
-0.259342 0.169764 0.302128 255 0 0
-0.317957 0.182569 0.197165 255 0 0
-0.0698349 -0.0319833 0.560129 255 0 0
0.0892178 -0.0435186 0.565766 255 0 0
-0.269688 0.2793 0.111635 255 0 0
0.0870455 -0.273734 0.326096 255 0 0
-0.160349 0.201158 0.11791 255 0 0
-0.373724 0.0641892 0.162975 255 0 0
0.091777 -0.452888 0.0347555 255 0 0
0.0778132 0.0325903 0.584856 255 0 0
0.0282991 0.316118 0.289719 255 0 0
-0.29752 0.186644 0.0810152 255 0 0
0.0133901 -0.31742 -0.219228 255 0 0
-0.137912 -0.149705 0.399895 255 0 0
-0.139502 0.100915 0.1218 255 0 0
0.0103032 0.233603 0.103136 255 0 0
0.327895 0.0884655 0.2621 255 0 0
0.149797 0.176793 0.50066 255 0 0
-0.0779594 0.254238 0.344275 255 0 0
0.00189265 -0.438056 -0.0437686 255 0 0
0.177069 0.139534 0.111488 255 0 0
0.0912828 -0.254514 0.361622 255 0 0
-0.365611 0.00718027 0.108573 255 0 0
0.112439 0.113412 0.112241 255 0 0
0.260249 0.146364 0.0548764 255 0 0
-0.0129143 0.379455 0.166791 255 0 0
0.247478 0.0230445 0.451931 255 0 0
0.146646 0.331556 0.170972 255 0 0
0.373495 -0.0378393 0.0847649 255 0 0
-0.287771 0.281628 0.140747 255 0 0
-0.0424103 -0.0961156 -0.0833215 255 0 0
-0.33406 -0.0136075 0.238908 255 0 0
0.106986 -0.391101 -0.208375 255 0 0
-0.248224 0.0354846 0.41804 255 0 0
-0.160855 0.38343 0.14875 255 0 0
0.101781 -0.319355 0.244326 255 0 0
0.343392 0.230729 0.208811 255 0 0
-0.0612875 0.142957 0.502018 255 0 0
-0.213686 0.00375606 0.434415 255 0 0
0.278566 0.186385 0.0570953 255 0 0
0.271195 0.255151 0.0797815 255 0 0
0.139816 -0.23835 0.364497 255 0 0
0.205423 -0.350493 -0.19615 255 0 0
0.243606 -0.232478 -0.0995799 255 0 0
-0.0575374 -0.308239 -0.0588155 255 0 0
0.260817 -0.0987528 0.0181354 255 0 0
-0.229807 0.254762 0.274169 255 0 0
0.253555 -0.11437 -0.0535638 255 0 0
0.0369609 0.308753 0.301988 255 0 0
0.0862817 -0.102884 -0.154244 255 0 0
0.135144 -0.164656 0.472783 255 0 0
-0.289954 0.0265939 0.359948 255 0 0
-0.340563 0.0769655 0.00774095 255 0 0
0.142149 0.338968 0.19337 255 0 0
0.151847 0.0338025 0.0447257 255 0 0
-0.0525545 -0.212569 -0.141666 255 0 0
0.0370118 -0.101459 0.544733 255 0 0
-0.00685071 -0.272998 -0.195151 255 0 0
0.162686 -0.19906 0.409274 255 0 0
0.325201 0.108925 0.312627 255 0 0
-0.0327714 -0.396177 -0.0511484 255 0 0
0.023563 0.331182 0.268428 255 0 0
0.231129 -0.309836 0.143441 255 0 0
0.00915403 -0.333628 0.214788 255 0 0
-0.362202 0.093929 0.0850359 255 0 0
0.221233 -0.00540992 0.49076 255 0 0
-0.180533 0.393855 0.0537999 255 0 0
-0.274521 0.21204 0.0974342 255 0 0
0.0245451 -0.445175 -0.00761112 255 0 0
-0.310239 -0.0104654 0.286564 255 0 0
-0.3151 0.109577 0.280061 255 0 0
0.145658 -0.448675 0.0443678 255 0 0
-0.0954946 -0.309512 0.168406 255 0 0
-0.215631 0.150443 0.430652 255 0 0
-0.174958 0.290866 0.270329 255 0 0
0.332779 0.0951673 0.252865 255 0 0
-0.317934 0.0370598 -0.0289199 255 0 0
0.178674 0.270382 0.363792 255 0 0
-0.213002 0.180118 0.0787427 255 0 0
0.270081 0.00297806 0.32836 255 0 0
-0.326818 -0.0624993 0.177191 255 0 0
0.041239 -0.405461 0.0878412 255 0 0
0.225635 -0.141392 0.396464 255 0 0
0.0418123 -0.182337 0.480736 255 0 0
-0.012154 0.372897 0.190566 255 0 0
0.0229141 0.372303 0.158854 255 0 0
-0.0391183 -0.383836 -0.0343624 255 0 0
-0.265751 -0.153181 0.19046 255 0 0
0.393402 0.0633425 0.0507291 255 0 0
0.19227 0.0812021 0.0909064 255 0 0
-0.0195736 -0.318983 0.231585 255 0 0
-0.294228 -0.135241 0.132236 255 0 0
0.116877 -0.257412 0.344644 255 0 0
-0.21965 -0.194883 0.203185 255 0 0
0.241239 -0.218863 0.280064 255 0 0
-0.239121 -0.0122922 0.379005 255 0 0
0.0880472 -0.221214 0.4206 255 0 0
0.106513 0.292535 0.340449 255 0 0
0.219733 0.191362 0.0670319 255 0 0
0.184111 -0.0347166 -0.0794543 255 0 0
-0.144978 0.312666 0.248864 255 0 0
-0.312902 0.0485876 0.334663 255 0 0
0.16869 -0.043571 0.531032 255 0 0
-0.0710785 0.216684 0.10753 255 0 0
0.0107519 0.353154 0.233756 255 0 0
-0.0299969 -0.0100831 0.0517312 255 0 0
-0.165128 0.0555739 0.0922546 255 0 0
0.0510902 -0.467874 -0.021468 255 0 0
0.143298 -0.388681 0.123119 255 0 0
-0.0672523 0.322547 0.0437844 255 0 0
0.143659 -0.059725 0.539718 255 0 0
-0.30461 -0.124253 0.107477 255 0 0
0.265037 -0.0501923 0.31744 255 0 0
-0.177939 0.0647589 0.0604795 255 0 0
0.0335215 -0.25311 0.372727 255 0 0
0.280771 0.176684 0.389966 255 0 0
0.260621 -0.223526 0.0114991 255 0 0
-0.112658 -0.29932 0.138117 255 0 0
0.176832 -0.464815 -0.133973 255 0 0
0.147813 -0.00805592 -0.0206476 255 0 0
0.186396 -0.479955 -0.0761712 255 0 0
-0.0474804 0.169055 0.46786 255 0 0
-0.218833 0.11111 0.45739 255 0 0
0.331095 0.0834153 0.233564 255 0 0
0.309083 0.0420458 0.231732 255 0 0
0.0567322 -0.480276 -0.0620708 255 0 0
0.267226 -0.27371 -0.0434218 255 0 0
0.0496278 0.15422 0.514469 255 0 0
0.183248 0.00632328 0.533833 255 0 0
0.079509 0.295509 0.118283 255 0 0
0.272053 -0.0146804 0.268532 255 0 0
0.308594 0.260117 0.219869 255 0 0
0.275774 0.0179512 0.298318 255 0 0
-0.148091 0.113426 0.12158 255 0 0
-0.128266 0.161814 0.135362 255 0 0
-0.355327 0.137562 0.134851 255 0 0
0.31024 -0.00908219 0.00217365 255 0 0
-0.341085 -0.0255068 0.0386667 255 0 0
0.201131 -0.1256 0.451813 255 0 0
-0.309924 -0.0301259 0.254031 255 0 0
0.265151 0.18089 0.0569435 255 0 0
-0.281407 0.00985461 0.356334 255 0 0
-0.186282 0.0945044 0.0539124 255 0 0
-0.182704 0.240696 0.32222 255 0 0
0.261297 -0.145634 0.302908 255 0 0
-0.0118908 -0.259461 0.350381 255 0 0
0.0307089 0.011873 0.587595 255 0 0
0.188624 -0.0826555 -0.129622 255 0 0
-0.126308 0.392924 0.110641 255 0 0
0.248653 0.0439444 0.456863 255 0 0
0.246054 0.0214985 -0.0278151 255 0 0
0.163653 0.261146 0.101393 255 0 0
0.0912846 0.28775 0.345238 255 0 0
0.138148 -0.492728 -0.0971001 255 0 0
-0.159631 0.00922805 0.502962 255 0 0
0.360678 -0.0374095 0.0647157 255 0 0
-0.312809 -0.103387 0.0623491 255 0 0
0.302586 0.0532947 0.26385 255 0 0
-0.071503 -0.326446 0.0733662 255 0 0
0.266721 -0.0167262 -0.0215027 255 0 0
0.00669272 0.186394 0.456922 255 0 0
-0.132517 0.0803238 0.118604 255 0 0
-0.0459734 -0.350989 0.110984 255 0 0
0.0103691 0.36767 0.203342 255 0 0
0.115483 -0.420775 -0.191134 255 0 0
0.255832 0.301374 0.156172 255 0 0
0.266544 -0.02776 0.29348 255 0 0
0.234992 -0.0763793 0.432926 255 0 0
-0.0360895 0.272905 0.329148 255 0 0
0.146275 0.184894 0.492606 255 0 0
0.269521 0.273808 0.241317 255 0 0
0.29168 0.130085 0.0398481 255 0 0
0.279267 -0.160142 0.261513 255 0 0
0.136995 -0.116162 -0.153344 255 0 0
-0.197948 0.322499 0.225008 255 0 0
0.301129 -0.0222473 0.00523539 255 0 0
-0.117781 -0.190123 0.365674 255 0 0
0.224839 -0.0661338 -0.0908109 255 0 0
-0.324583 -0.0713823 0.038985 255 0 0
0.0750256 -0.2429 0.387741 255 0 0
-0.0318967 -0.234459 -0.157971 255 0 0
0.321979 0.265129 0.154568 255 0 0
-0.278379 0.374964 0.119654 255 0 0
-0.276974 -0.125625 0.0663278 255 0 0
-0.174868 -0.0730216 0.409986 255 0 0
0.0235433 -0.458561 -0.0702954 255 0 0
0.159099 0.243465 0.0993979 255 0 0
0.259009 -0.367036 -0.110547 255 0 0
0.278362 0.224464 0.0627221 255 0 0
0.272298 0.0211775 0.365926 255 0 0
0.389071 0.091531 0.0618291 255 0 0
0.314505 0.24366 0.0867595 255 0 0
-0.0574087 0.322904 0.258049 255 0 0
0.254674 -0.175052 0.0141772 255 0 0
-0.0477084 -0.335256 0.170322 255 0 0
0.309116 0.106395 0.020027 255 0 0
0.244574 -0.246249 -0.110398 255 0 0
0.380487 0.0755744 0.0385046 255 0 0
0.216903 0.278404 0.291278 255 0 0
0.266717 -0.224066 0.0384272 255 0 0
0.102362 -0.310293 0.257713 255 0 0
-0.194827 -0.0706257 0.0455988 255 0 0
0.0647148 -0.452914 -0.155939 255 0 0
0.383353 0.113147 0.108873 255 0 0
-0.133209 0.150461 0.472321 255 0 0
-0.273614 0.138961 -0.00450575 255 0 0
0.270769 -0.059489 0.282074 255 0 0
0.159076 -0.430795 0.0625987 255 0 0
-0.349135 0.0896171 0.218376 255 0 0
0.284191 -0.0869791 0.260217 255 0 0
-0.0189899 -0.360388 0.133524 255 0 0
-0.00862535 0.244761 0.374073 255 0 0
0.193207 -0.210419 -0.158509 255 0 0
0.082426 0.175466 0.130123 255 0 0
-0.0680381 -0.295607 0.0236338 255 0 0
-0.0742185 0.383012 0.147772 255 0 0
-0.308673 -0.116628 0.148758 255 0 0
0.247153 -0.0839409 -0.0661524 255 0 0
-0.0212396 -0.0956697 -0.0139897 255 0 0
0.146784 -0.0278122 0.549791 255 0 0
0.247607 -0.335666 0.0544379 255 0 0
-0.214066 0.169812 0.405055 255 0 0
0.184386 0.260803 0.381261 255 0 0
0.00429846 -0.289889 0.296803 255 0 0
0.00667578 -0.373341 0.128426 255 0 0
0.234826 -0.333947 0.0903795 255 0 0
0.0998759 -0.444301 0.0505145 255 0 0
0.336177 -0.12818 0.11576 255 0 0
0.265285 -0.0371308 0.312008 255 0 0
0.0389645 0.315185 0.293877 255 0 0
-0.0180481 -0.391092 -0.134571 255 0 0
-0.257575 -0.120888 0.0532109 255 0 0
0.303985 0.0129114 -0.0106811 255 0 0
-0.00292041 -0.2618 -0.192597 255 0 0
0.0482383 -0.369966 0.159625 255 0 0
-0.189084 0.409128 0.104121 255 0 0
-0.0615896 -0.137591 0.0311197 255 0 0
-0.195264 -0.125333 0.286621 255 0 0
-0.11256 -0.29249 0.19193 255 0 0
-0.24665 0.088072 -0.0345585 255 0 0
0.331745 0.0962419 0.265127 255 0 0
-0.281987 0.130699 0.347235 255 0 0
-0.115149 -0.0629541 0.51676 255 0 0
-0.222056 -0.176702 0.139437 255 0 0
-0.194849 -0.125966 0.0868426 255 0 0
0.34427 0.0750707 0.200559 255 0 0
0.252108 -0.12078 -0.0217059 255 0 0
0.0106135 0.211942 0.1166 255 0 0
0.138609 0.290487 0.339273 255 0 0
-0.0969642 0.383445 0.1435 255 0 0
-0.0279415 -0.133134 -0.157285 255 0 0
-0.366691 0.0989935 0.108564 255 0 0
-0.0163491 0.220552 0.40464 255 0 0
0.282254 0.214428 0.0601152 255 0 0
-0.238678 -0.0186015 0.369168 255 0 0
0.241761 -0.16934 -0.112244 255 0 0
-0.140298 -0.0585753 0.494792 255 0 0
-0.265409 0.155345 0.327229 255 0 0
-0.00840636 -0.422171 -0.105771 255 0 0
0.200586 -0.0436794 -0.0860857 255 0 0
0.202331 -0.380851 0.0880431 255 0 0
-0.0581694 -0.340816 0.126483 255 0 0
-0.155337 -0.0988697 0.434587 255 0 0
-0.304604 0.168078 0.226445 255 0 0
0.258599 0.119503 0.0413962 255 0 0
-0.189383 0.147509 0.0866693 255 0 0
0.219835 0.153227 0.482864 255 0 0
0.208901 -0.388364 0.0717582 255 0 0
0.0130202 -0.329503 -0.215252 255 0 0
0.024494 0.268078 0.0865623 255 0 0
0.179737 -0.306053 0.220631 255 0 0
-0.266948 -0.133529 0.222063 255 0 0
0.14984 0.275023 0.112924 255 0 0
-0.129162 0.20438 0.399229 255 0 0
0.312048 -0.187226 0.13631 255 0 0
-0.125433 -0.0164865 0.528849 255 0 0
-0.281544 0.142748 0.305717 255 0 0
-0.0240235 -0.106335 -0.144287 255 0 0
0.0165185 -0.0716598 -0.055891 255 0 0
-0.0605606 -0.33298 0.0221559 255 0 0
-0.0481991 -0.104841 0.022861 255 0 0
-0.000754463 -0.139755 0.516476 255 0 0
-0.176111 -0.0826535 0.36869 255 0 0
0.189146 0.20743 0.459835 255 0 0
0.262108 -0.289202 -0.10677 255 0 0
0.317522 0.0851131 0.305115 255 0 0
-0.0309789 0.128156 0.0953456 255 0 0
0.141523 0.132065 0.539241 255 0 0
0.284757 0.288193 0.164855 255 0 0
-0.0801327 0.260132 0.0585242 255 0 0
0.0890517 -0.0828728 0.548877 255 0 0
-0.200371 -0.0997468 0.0628172 255 0 0
-0.0861999 0.0098445 0.0917349 255 0 0
0.205497 -0.339527 -0.197633 255 0 0
0.211691 -0.258816 -0.173133 255 0 0
-0.0182481 -0.253321 -0.171534 255 0 0
0.125562 0.27724 0.364871 255 0 0
0.284293 -0.237658 0.139949 255 0 0
0.157396 -0.238699 -0.219127 255 0 0
0.192506 -0.325007 -0.20646 255 0 0
-0.272304 0.383909 0.103076 255 0 0
-0.0220764 0.0695296 0.577568 255 0 0
0.291028 -0.207009 0.0946989 255 0 0
0.311594 0.22664 0.0739087 255 0 0
0.171334 -0.375552 -0.20513 255 0 0
-0.0755419 -0.232715 -0.0927331 255 0 0
0.227327 -0.165304 -0.133933 255 0 0
-0.121385 -0.291673 0.136675 255 0 0
-0.152326 0.321783 0.235169 255 0 0
-0.0654759 -0.0682348 0.0443904 255 0 0
0.0193861 0.133013 0.536487 255 0 0
0.246196 0.258913 0.316407 255 0 0
-0.0385546 -0.290701 -0.148046 255 0 0
-0.268514 -0.032053 -0.0312831 255 0 0
-0.319241 0.165041 0.207897 255 0 0
0.212343 -0.180835 0.371157 255 0 0
0.253576 0.116858 0.455326 255 0 0
-0.205255 -0.0799787 0.0382909 255 0 0
0.25316 0.185616 0.0580413 255 0 0
0.0522987 -0.360751 -0.215456 255 0 0
0.407658 0.039348 0.102741 255 0 0
0.207997 -0.0549572 -0.0935448 255 0 0
0.11284 0.09824 0.566999 255 0 0
0.123209 -0.0356642 -0.0253532 255 0 0
0.112453 0.00548679 0.0288284 255 0 0
-0.117531 -0.169598 0.414923 255 0 0
0.030814 -0.191314 -0.183752 255 0 0
0.0743041 -0.455619 0.0228855 255 0 0
0.346888 0.239455 0.135545 255 0 0
-0.124854 -0.102297 0.481137 255 0 0
0.00863436 -0.167042 0.494184 255 0 0
0.36388 0.211796 0.156862 255 0 0
-0.185075 0.341939 0.202672 255 0 0
0.329257 0.108685 0.299754 255 0 0
0.252495 -0.198559 0.282603 255 0 0
-0.313912 -0.0633217 0.203335 255 0 0
0.0628287 -0.229802 -0.212774 255 0 0
-0.0506205 0.339552 0.238347 255 0 0
-0.235729 0.171014 0.37043 255 0 0
0.209072 0.317613 0.163148 255 0 0
-0.0685689 -0.131669 0.501423 255 0 0
0.213767 -0.329892 -0.192167 255 0 0
-0.27609 -0.113596 0.0434804 255 0 0
0.269242 0.0102457 0.364811 255 0 0
0.00873656 -0.444679 -0.0465049 255 0 0
-0.27174 0.300162 0.210635 255 0 0
-0.259892 -0.130816 0.0718069 255 0 0
0.246241 -0.186776 -0.0635158 255 0 0
-0.0760269 0.378768 0.160649 255 0 0
0.195486 0.250233 0.0850981 255 0 0
-0.203385 0.250526 0.0897108 255 0 0
0.342581 0.124075 0.266024 255 0 0
-0.143217 -0.153205 0.344989 255 0 0
0.0899539 -0.208014 -0.198594 255 0 0
0.229723 -0.443081 -0.0804528 255 0 0
0.190815 -0.277098 0.254628 255 0 0
0.000763751 0.251708 0.082281 255 0 0
0.154136 -0.414565 0.0851619 255 0 0
0.131998 0.0656298 0.0895135 255 0 0
0.0524783 -0.194551 -0.186384 255 0 0
-0.240851 -0.167291 0.143925 255 0 0
-0.119431 0.132507 0.49972 255 0 0
-0.245986 -0.0336137 0.328324 255 0 0
0.226118 -0.312622 -0.179712 255 0 0
-0.0790021 -0.199146 0.0458414 255 0 0
-0.203287 -0.134013 0.278637 255 0 0
-0.304842 -0.0946797 0.0364209 255 0 0
0.0425464 -0.398229 0.103246 255 0 0
-0.0407262 -0.137203 -0.147752 255 0 0
-0.237908 -0.159555 0.123662 255 0 0
-0.11326 0.211156 0.127128 255 0 0
-0.0825644 -0.124097 0.0510326 255 0 0
0.0777579 -0.12383 -0.168742 255 0 0
-0.172414 0.383725 0.147441 255 0 0
0.314366 0.115785 0.34511 255 0 0
0.225599 -0.326461 -0.181734 255 0 0
-0.0563408 -0.245801 -0.1289 255 0 0
0.0857276 -0.281145 -0.242492 255 0 0
0.254821 -0.376833 -0.117552 255 0 0
0.0562011 -0.272655 0.334504 255 0 0
0.221606 -0.254226 -0.158179 255 0 0
-0.203361 0.415728 0.0822663 255 0 0
-0.327955 -0.00477257 -0.00674136 255 0 0
-0.218806 -0.0295121 0.378512 255 0 0
-0.0238827 -0.399546 -0.103206 255 0 0
-0.214254 0.338288 0.200447 255 0 0
0.252732 -0.287436 -0.131666 255 0 0
-0.252373 0.180972 0.0523426 255 0 0
-0.336815 -0.0513401 0.166428 255 0 0
-0.0716646 -0.225865 -0.0225852 255 0 0
0.0607614 -0.436279 0.0459994 255 0 0
-0.0759295 0.145399 0.114739 255 0 0
0.139011 -0.238399 -0.228452 255 0 0
0.160729 -0.32227 0.211222 255 0 0
0.0947745 0.201215 0.462279 255 0 0
0.281493 -0.234754 0.1812 255 0 0
0.179964 0.0426015 0.0184245 255 0 0
0.276232 -0.111692 0.0425496 255 0 0
-0.0154107 0.106077 0.0857575 255 0 0
-0.0504133 -0.0187336 0.0562845 255 0 0
-0.142704 -0.151236 0.355895 255 0 0
0.00345513 0.230652 0.396162 255 0 0
0.267739 -0.289869 -0.0101477 255 0 0
-0.34601 0.0632315 0.0160623 255 0 0
-0.221937 -0.144292 0.0979156 255 0 0
-0.0660152 -0.223216 0.388449 255 0 0
-0.202043 0.00310661 0.448883 255 0 0
-0.218739 -0.120239 0.273378 255 0 0
0.29048 0.2426 0.291973 255 0 0
-0.139617 0.119687 0.126021 255 0 0
0.1596 -0.207356 -0.179409 255 0 0
0.0297747 0.343024 0.252959 255 0 0
-0.0209098 -0.400931 0.00323746 255 0 0
0.321332 -0.16809 0.133449 255 0 0
-0.134593 -0.0803302 0.487044 255 0 0
0.124309 -0.497511 -0.0733719 255 0 0
0.287336 0.0105651 -0.0174131 255 0 0
0.0246328 -0.272956 0.333253 255 0 0
0.305517 0.0516332 0.249183 255 0 0
0.162421 0.292002 0.320689 255 0 0
-0.296533 0.238557 0.195425 255 0 0
0.306481 0.0976388 0.0126231 255 0 0
0.342757 -0.0265423 0.0386878 255 0 0
-0.208258 0.0983015 -0.000279546 255 0 0
0.137043 0.327733 0.160866 255 0 0
0.393509 0.0923622 0.0725438 255 0 0
0.00814973 0.244648 0.378846 255 0 0
0.183148 0.323935 0.166046 255 0 0
0.00233599 -0.343045 -0.203378 255 0 0
0.296577 0.132366 0.382937 255 0 0
-0.0834907 -0.234307 0.0508554 255 0 0
-0.0824705 0.100262 0.102202 255 0 0
-0.0541176 0.136199 0.104066 255 0 0
-0.189608 -0.159452 0.102667 255 0 0
0.346702 0.150531 0.268105 255 0 0
-0.0513194 -0.117487 0.0210547 255 0 0
0.228408 0.00687467 0.48363 255 0 0
-0.239145 0.141997 0.415636 255 0 0
0.273023 -0.256756 0.126158 255 0 0
-0.371216 0.0217415 0.118622 255 0 0
0.183779 -0.33387 -0.210229 255 0 0
0.109411 0.217496 0.128249 255 0 0
0.0403347 -0.359144 -0.212732 255 0 0
0.288108 -0.223625 0.107709 255 0 0
-0.232217 -0.128114 0.0730176 255 0 0
-0.0437535 -0.0239592 0.0499636 255 0 0
-0.17386 0.223825 0.352075 255 0 0
0.173032 0.287503 0.113549 255 0 0
0.269149 -0.32436 -0.0380377 255 0 0
-0.321775 -0.0900422 0.15155 255 0 0
-0.170725 -0.109906 0.3219 255 0 0
-0.0147327 -0.409172 -0.115176 255 0 0
-0.0708031 -0.0965011 0.042856 255 0 0
-0.318072 -0.0674815 0.189944 255 0 0
0.106461 0.00600458 0.574875 255 0 0
0.0871102 0.108419 0.566349 255 0 0
0.31375 -0.117165 0.0755339 255 0 0
0.11894 0.234059 0.120849 255 0 0
0.00610712 -0.304285 0.270495 255 0 0
-0.203948 -0.019712 0.00417974 255 0 0
-0.00146517 0.236575 0.0935941 255 0 0
0.35931 0.117982 0.189726 255 0 0
-0.282006 -0.0239253 0.303194 255 0 0
0.257517 0.213786 0.387572 255 0 0
-0.20207 0.368814 0.162551 255 0 0
0.306742 0.0670848 0.306705 255 0 0
0.219635 -0.148786 0.399657 255 0 0
-0.262549 0.302894 0.218072 255 0 0
-0.263071 -0.0858695 0.00784203 255 0 0
0.11252 -0.0358392 -0.00998874 255 0 0
-0.318455 0.201384 0.15745 255 0 0
-0.000910324 -0.0872381 -0.139888 255 0 0
0.114567 -0.0499932 -0.0370523 255 0 0
-0.0642195 0.250289 0.352605 255 0 0
-0.36799 0.0672419 0.187368 255 0 0
0.248748 -0.392093 -0.0107563 255 0 0
-0.134005 0.227645 0.113739 255 0 0
0.268867 -0.031141 0.279653 255 0 0
-0.197686 0.113496 0.0352185 255 0 0
-0.356869 -0.016638 0.101327 255 0 0
-0.140321 -0.0960974 0.0936219 255 0 0
-0.0338112 0.248663 0.362081 255 0 0
-0.0136915 -0.176436 0.480706 255 0 0
0.119793 -0.0144782 0.565538 255 0 0
0.215724 -0.316547 0.161671 255 0 0
0.120795 -0.494278 -0.095119 255 0 0
-0.0660307 -0.142266 -0.106985 255 0 0
-0.132155 -0.216339 0.288183 255 0 0
0.193856 0.26287 0.370766 255 0 0
0.263813 -0.204282 0.259659 255 0 0
-0.125791 0.342419 0.214356 255 0 0
0.272973 0.272563 0.0976066 255 0 0
0.266434 0.0466393 0.417417 255 0 0
-0.253893 0.0557639 -0.0466561 255 0 0
-0.110503 0.061211 0.547215 255 0 0
0.265967 0.260458 0.282033 255 0 0
0.1178 -0.00894488 0.0136823 255 0 0
-0.212535 0.395188 0.125021 255 0 0
-0.289851 -0.000709689 -0.0392307 255 0 0
-0.0465647 0.0847781 0.565043 255 0 0
0.258054 -0.0930687 0.35462 255 0 0
0.130436 -0.497109 -0.0667502 255 0 0
-0.204102 0.0183853 0.456208 255 0 0
0.265238 0.0869661 0.00538067 255 0 0
-0.358303 0.0272238 0.0641682 255 0 0
0.0337801 0.168362 0.116086 255 0 0
0.131709 -0.456777 -0.159947 255 0 0
0.219982 0.314024 0.159007 255 0 0
-0.218146 0.242234 0.09028 255 0 0
0.277564 -0.0759044 0.269957 255 0 0
0.181564 -0.375045 0.115671 255 0 0
0.247706 -0.17733 -0.0256621 255 0 0
0.244341 -0.390263 0.00496171 255 0 0
-0.330735 0.00852887 -0.00805019 255 0 0
-0.364582 0.0271615 0.0858935 255 0 0
0.298533 0.157901 0.0557685 255 0 0
-0.172898 0.33792 0.210335 255 0 0
-0.0202697 0.372223 0.0896448 255 0 0
-0.0478118 -0.129929 0.00637564 255 0 0
-0.129199 0.379284 0.15517 255 0 0
-0.0168154 0.194281 0.440571 255 0 0
-0.291235 -0.135399 0.119055 255 0 0
0.276631 -0.00203225 0.25852 255 0 0
-0.0132045 -0.0879173 -0.0318182 255 0 0
-0.00547934 -0.319211 -0.206671 255 0 0
0.250631 0.288656 0.229611 255 0 0
0.249984 0.135606 0.0565671 255 0 0
-0.0769515 0.0711602 0.0944889 255 0 0
0.360405 0.0847121 0.025346 255 0 0
-0.0186129 0.194556 0.114392 255 0 0
-0.095253 -0.23731 0.31098 255 0 0
0.000246397 -0.07067 -0.0924518 255 0 0
-0.176586 -0.141064 0.29428 255 0 0
0.251719 -0.140904 -0.0465362 255 0 0
0.0104484 -0.401236 0.0652361 255 0 0
-0.00955571 0.11995 0.546004 255 0 0
-0.26315 -0.135946 0.0844782 255 0 0
-0.0209001 -0.354808 -0.169376 255 0 0
-0.204678 -0.092319 0.0500904 255 0 0
0.214097 -0.0626391 -0.0969996 255 0 0
-0.0617338 -0.25619 0.32059 255 0 0
0.0521846 -0.233651 -0.211579 255 0 0
0.35897 -0.00120879 0.186818 255 0 0
0.150455 0.284505 0.346412 255 0 0
-0.0627119 0.102804 0.548067 255 0 0
0.105096 -0.0941989 -0.141214 255 0 0
0.151543 -0.183898 -0.168676 255 0 0
0.279862 0.0274687 0.319949 255 0 0
-0.0590019 0.0631305 0.086187 255 0 0
-0.0242762 0.302404 0.0527538 255 0 0
-0.104304 -0.144053 0.0668833 255 0 0
-0.0144016 0.38238 0.138343 255 0 0
0.0293732 0.0446186 0.588592 255 0 0
0.122398 -0.312809 0.246716 255 0 0
0.147017 0.302749 0.309799 255 0 0
-0.322265 0.19372 0.167654 255 0 0
0.26841 0.29618 0.159826 255 0 0
-0.0339674 0.0188977 0.58197 255 0 0
-0.316257 -0.102922 0.149877 255 0 0
0.145227 0.039893 0.0589054 255 0 0
-0.0468734 -0.354415 0.0828796 255 0 0
-0.182523 -0.236247 0.166552 255 0 0
-0.361517 -0.0110264 0.158669 255 0 0
-0.270925 0.0901153 -0.0363873 255 0 0
-0.0922159 0.26342 0.0585192 255 0 0
0.33451 -0.0374518 0.0414482 255 0 0
0.23921 -0.430146 -0.0532241 255 0 0
0.0172645 -0.231035 0.411798 255 0 0
-0.0309099 -0.339729 0.177022 255 0 0
-0.262354 -0.0768826 0.258514 255 0 0
0.229618 -0.0995462 0.428215 255 0 0
0.207186 -0.296631 0.208165 255 0 0
0.196464 -0.357652 -0.199472 255 0 0
0.207946 0.219172 0.0722391 255 0 0
-0.0267602 0.364706 0.20707 255 0 0
0.189755 -0.296047 -0.208447 255 0 0
0.348301 -0.0921305 0.10129 255 0 0
0.0387 -0.167136 0.4965 255 0 0
-0.0366714 -0.323186 0.21159 255 0 0
-0.191174 -0.0816492 0.316235 255 0 0
0.0335651 -0.343437 0.204367 255 0 0
0.0352312 -0.0425704 0.573337 255 0 0
-0.0149915 -0.0184128 0.0417896 255 0 0
0.0319345 -0.0792894 0.556919 255 0 0
0.27055 0.236908 0.336104 255 0 0
0.0981892 0.194974 0.471603 255 0 0
-0.056888 0.123665 0.0997099 255 0 0
-0.351421 0.0738473 0.0357157 255 0 0
0.0383797 0.119852 0.0924175 255 0 0
0.0369272 -0.238288 -0.206494 255 0 0
-0.176534 0.401977 0.116907 255 0 0
0.164178 0.160781 0.512007 255 0 0
-0.103623 -0.293658 0.0946019 255 0 0
-0.288764 -0.112702 0.0477868 255 0 0
-0.0474353 -0.28257 0.282873 255 0 0
0.0207206 -0.391355 0.0996253 255 0 0
-0.253559 0.152943 0.374932 255 0 0
-0.199341 0.0393381 -0.00335974 255 0 0
0.265808 -0.266039 0.0476395 255 0 0
0.094629 -0.00384317 0.0250739 255 0 0
0.30788 0.166164 0.0598771 255 0 0
-0.160775 -0.00335979 0.0935733 255 0 0
-0.185651 -0.0597571 0.399547 255 0 0
0.156091 -0.445439 0.0447147 255 0 0
0.17132 -0.0112786 0.539319 255 0 0
0.200561 0.225303 0.430278 255 0 0
0.268865 0.195986 0.056586 255 0 0
0.0483744 -0.174741 0.488929 255 0 0
-0.231217 -0.00948353 0.394332 255 0 0
0.252968 -0.108951 -0.0418339 255 0 0
0.202492 0.122601 0.510041 255 0 0
-0.0742574 -0.243488 -0.0708797 255 0 0
0.0896668 -0.0926184 0.543563 255 0 0
-0.244559 -0.17294 0.176765 255 0 0
-0.341118 -0.00800142 0.0243472 255 0 0
-0.25375 -0.144674 0.10169 255 0 0
-0.0508131 0.359456 0.0603377 255 0 0
0.210751 -0.463318 -0.0581471 255 0 0
0.247558 -0.211719 -0.0587734 255 0 0
0.235773 -0.251316 0.246189 255 0 0
0.20318 -0.348563 0.126895 255 0 0
0.0667787 -0.393389 0.123094 255 0 0
0.271203 0.00841564 0.339058 255 0 0
-0.178522 -0.190517 0.107959 255 0 0
0.11139 0.178182 0.496789 255 0 0
-0.0537172 -0.312799 -0.0783618 255 0 0
0.0334612 -0.0682728 -0.110911 255 0 0
0.235296 -0.0835495 -0.0939264 255 0 0
0.252108 -0.121828 -0.0113759 255 0 0
0.35508 0.0726466 0.0167535 255 0 0
0.0877247 -0.351828 0.19537 255 0 0
-0.115527 0.096679 0.532122 255 0 0
0.209214 -0.271166 -0.183836 255 0 0
0.277848 0.0270227 0.343517 255 0 0
-0.0594289 -0.256538 -0.117783 255 0 0
0.311553 0.265782 0.196512 255 0 0
0.00115934 -0.367499 0.137395 255 0 0
-0.275646 0.121222 -0.018056 255 0 0
-0.0268958 -0.26401 0.333666 255 0 0
0.198072 0.0255329 -0.0228128 255 0 0
-0.0713319 0.316996 0.262157 255 0 0
-0.215907 0.0722208 -0.0225149 255 0 0
-0.0171933 -0.318087 -0.194393 255 0 0
-0.166762 -0.21861 0.111346 255 0 0
0.257299 -0.0496496 0.381375 255 0 0
0.244135 -0.403156 -0.122149 255 0 0
-0.11954 -0.27869 0.217264 255 0 0
-0.0228318 -0.233071 -0.164973 255 0 0
0.0618387 0.116779 0.0960964 255 0 0
0.182728 0.274611 0.101953 255 0 0
0.346164 0.214644 0.229487 255 0 0
0.182832 -0.246735 0.310886 255 0 0
0.177632 -0.0290227 0.529454 255 0 0
0.226048 -0.448401 -0.0612613 255 0 0
-0.177305 0.0569279 0.496573 255 0 0
0.0544632 -0.30381 0.276899 255 0 0
0.172645 0.074535 0.543665 255 0 0
-0.219158 0.410968 0.0948545 255 0 0
-0.0650571 -0.146332 -0.0365406 255 0 0
0.0997952 -0.436745 -0.17936 255 0 0
-0.121831 -0.0338078 0.525468 255 0 0
0.0323285 -0.417714 -0.172471 255 0 0
0.288394 0.184392 0.373381 255 0 0
-0.00498686 -0.431639 -0.0479985 255 0 0
0.0386166 -0.424437 -0.170509 255 0 0
0.213873 -0.331926 0.136891 255 0 0
0.0209971 0.236695 0.392787 255 0 0
-0.20979 0.0036788 -0.0145239 255 0 0
-0.0756 0.280286 0.309996 255 0 0
0.0174638 0.20777 0.430362 255 0 0
-0.143132 0.0410725 0.525567 255 0 0
-0.367161 0.0032109 0.125639 255 0 0
0.12277 -0.194869 -0.184645 255 0 0
-0.0574063 -0.342133 0.0399353 255 0 0
-0.0269038 -0.40132 -0.0843294 255 0 0
0.245344 -0.353105 -0.154437 255 0 0
0.241598 -0.315708 0.101298 255 0 0
0.261859 -0.27294 -0.0882005 255 0 0
0.0780644 -0.190561 -0.186835 255 0 0
0.20156 -0.00824888 0.513709 255 0 0
0.360292 -0.0461508 0.177532 255 0 0
-0.195243 0.138739 0.0687426 255 0 0
-0.195285 0.0634616 0.481265 255 0 0
0.0549629 -0.377203 0.148309 255 0 0
0.266086 0.145444 0.429179 255 0 0
-0.197449 0.262327 0.0856879 255 0 0
0.23558 -0.164791 -0.124296 255 0 0
-0.0347067 0.386574 0.126836 255 0 0
0.19196 0.263836 0.0922674 255 0 0
-0.26093 -0.0401126 0.298289 255 0 0
0.269973 0.180643 0.403211 255 0 0
-0.257112 0.131369 -0.0113982 255 0 0
-0.278838 0.254724 0.223976 255 0 0
-0.150663 -0.0893922 0.456245 255 0 0
0.351333 -0.0111842 0.0332256 255 0 0
0.364694 0.0568084 0.179166 255 0 0
-0.0238778 -0.152942 -0.164723 255 0 0
0.240102 -0.242786 -0.117751 255 0 0
0.228218 -0.179082 0.344453 255 0 0
-0.329366 0.164245 0.191364 255 0 0
-0.204393 -0.0432314 0.0149754 255 0 0
-0.0989707 0.187651 0.429063 255 0 0
0.00856505 -0.322521 0.236576 255 0 0
0.177108 -0.210009 0.377022 255 0 0
-0.11524 0.391102 0.114427 255 0 0
0.102154 0.291313 0.125379 255 0 0
0.307898 0.118024 0.359728 255 0 0
0.195498 0.0176629 -0.0283582 255 0 0
-0.00571836 0.375954 0.114328 255 0 0
0.0620245 0.0283212 0.586886 255 0 0
-0.304237 0.0751165 0.353547 255 0 0
-0.240239 0.160677 0.38522 255 0 0
-0.0568228 0.158476 0.114392 255 0 0
-0.345342 0.154444 0.159717 255 0 0
0.141248 -0.224439 -0.215012 255 0 0
0.113615 0.152558 0.526699 255 0 0
-0.292666 -0.0613269 -0.00604489 255 0 0
0.374705 -0.050215 0.139961 255 0 0
-0.177975 0.405549 0.0655267 255 0 0
0.106189 -0.0658062 -0.0840969 255 0 0
0.162203 -0.097808 0.508903 255 0 0
-0.0649186 -0.120523 0.0353405 255 0 0
0.0984068 0.277143 0.361357 255 0 0
0.258773 0.144846 0.440107 255 0 0
0.117941 0.285445 0.352126 255 0 0
-0.0748105 0.172591 0.1241 255 0 0
-0.093488 0.234437 0.367177 255 0 0
0.268289 -0.137612 0.291048 255 0 0
0.0263656 -0.0702311 -0.116472 255 0 0
0.00882006 0.358443 0.0971449 255 0 0
-0.311406 -0.0828421 0.18781 255 0 0
0.0564979 0.103384 0.0890655 255 0 0
-0.346604 -0.000348986 0.230759 255 0 0
-0.236864 0.368105 0.0575803 255 0 0
-0.0515878 -0.347299 -0.0438013 255 0 0
-0.00768102 -0.0736461 -0.0808627 255 0 0
-0.149755 -0.247076 0.112809 255 0 0
-0.183871 -0.175494 0.273128 255 0 0
0.193677 0.281314 0.313895 255 0 0
0.135727 -0.486269 -0.0177812 255 0 0
0.107348 0.0802513 0.574382 255 0 0
-0.148971 -0.0792507 0.468584 255 0 0
-0.0245197 -0.248521 -0.163892 255 0 0
0.156355 -0.273235 0.28962 255 0 0
-0.165184 -0.253072 0.157565 255 0 0
-0.140553 -0.150726 0.380024 255 0 0
0.0278348 -0.303979 0.275193 255 0 0
-0.317981 -0.0859673 0.0443708 255 0 0
0.206608 -0.0225148 -0.0609751 255 0 0
0.253751 -0.249229 -0.084913 255 0 0
0.361687 0.121351 0.0593808 255 0 0
-0.262596 -0.112876 0.241509 255 0 0
-0.336659 0.115433 0.217758 255 0 0
-0.219523 -0.0601127 0.308574 255 0 0
-0.298676 0.17748 0.228953 255 0 0
0.0802219 0.0739151 0.580611 255 0 0
0.100106 0.182654 0.48838 255 0 0
-0.121465 0.11232 0.518652 255 0 0
0.34258 -0.106381 0.104042 255 0 0
0.249283 0.220302 0.388775 255 0 0
0.0109734 0.257589 0.362479 255 0 0
-0.257782 0.163857 0.326234 255 0 0
0.127619 -0.145047 -0.164774 255 0 0
0.219192 0.225191 0.415103 255 0 0
-0.0446364 -0.369677 -0.0060881 255 0 0
-0.0541399 -0.346218 0.102617 255 0 0
-0.0878001 0.0173468 0.562909 255 0 0
0.336895 -0.08085 0.0758094 255 0 0
0.1597 -0.285807 0.266776 255 0 0
0.294429 0.113624 0.386806 255 0 0
0.264768 -0.195898 0.265018 255 0 0
-0.0669615 0.12959 0.518934 255 0 0
0.26839 0.0125613 0.373863 255 0 0
0.191457 -0.472171 -0.100638 255 0 0
-0.0732153 -0.206636 0.0400125 255 0 0
-0.0268913 -0.222513 0.414949 255 0 0
-0.293215 -0.135214 0.149056 255 0 0
-0.201014 0.153212 0.0712245 255 0 0
0.0176138 0.254317 0.368688 255 0 0
-0.206119 0.280409 0.0800508 255 0 0
-0.330457 0.182386 0.144763 255 0 0
0.00681923 -0.0575748 0.56701 255 0 0
0.290942 -0.172872 0.0732748 255 0 0
-0.118876 0.18089 0.136823 255 0 0
-0.112493 0.0201318 0.110274 255 0 0
0.0691137 -0.388376 -0.20629 255 0 0
0.269753 -0.299549 -0.0364222 255 0 0
-0.128131 0.194431 0.412884 255 0 0
-0.243956 -0.107406 0.259853 255 0 0
-0.146932 -0.139357 0.378778 255 0 0
0.238735 -0.192314 -0.108586 255 0 0
0.125355 -0.448713 -0.168562 255 0 0
0.00499752 0.332581 0.26197 255 0 0
0.140533 -0.0121578 -0.0141339 255 0 0
0.181614 -0.0939623 -0.138915 255 0 0
0.257246 -0.0709782 0.372629 255 0 0
-0.266376 -0.0212329 -0.0366108 255 0 0
-0.337334 0.0398407 0.281201 255 0 0
-0.343112 0.0747949 0.250478 255 0 0
0.0881901 0.275641 0.119886 255 0 0
-0.169217 -0.0829579 0.413705 255 0 0
0.0402626 -0.47047 -0.0662195 255 0 0
-0.0260061 -0.283361 -0.172128 255 0 0
0.378739 -0.0374975 0.0993176 255 0 0
-0.19488 0.118048 0.0493143 255 0 0
-0.0804665 -0.294503 0.232312 255 0 0
-0.320615 -0.0189616 0.255067 255 0 0
0.239561 -0.00783675 0.456943 255 0 0
0.18448 0.309876 0.259617 255 0 0
0.300884 0.111806 0.373226 255 0 0
-0.134024 -0.0317418 0.51511 255 0 0
0.208448 -0.163016 0.401548 255 0 0
0.0884474 -0.368539 0.167024 255 0 0
0.349853 0.208359 0.100628 255 0 0
0.294345 0.14273 0.383968 255 0 0
0.118381 0.00997769 0.571357 255 0 0
-0.0539276 0.260219 0.058379 255 0 0
0.158246 -0.249976 -0.224603 255 0 0
-0.00777777 -0.399718 0.0391265 255 0 0
-0.261105 0.0935658 -0.0345331 255 0 0
-0.172801 0.0936971 0.498186 255 0 0
0.095083 -0.0689691 -0.0934062 255 0 0
-0.132904 0.111848 0.124554 255 0 0
0.281378 -0.163801 0.0582047 255 0 0
-0.308235 -0.119322 0.0958961 255 0 0
0.346573 0.195614 0.251201 255 0 0
-0.214593 0.380587 0.143986 255 0 0
0.298725 0.0735328 0.352891 255 0 0
0.120515 0.0755966 0.0931023 255 0 0
0.106165 0.188653 0.132714 255 0 0
0.0432925 -0.415159 -0.18119 255 0 0
0.324641 -0.162331 0.146215 255 0 0
0.223219 0.0345486 -0.0228914 255 0 0
0.198144 0.264736 0.362035 255 0 0
-0.34466 0.0625346 0.256865 255 0 0
-0.073129 -0.184532 -0.111089 255 0 0
-0.28213 0.216281 0.107603 255 0 0
0.353484 0.0303955 0.191163 255 0 0
0.030506 -0.351374 -0.213222 255 0 0
-0.262755 -0.0311813 0.31324 255 0 0
0.0142215 0.193536 0.448899 255 0 0
0.0256973 -0.0314839 0.577675 255 0 0
0.259424 0.00459438 0.405407 255 0 0
0.277806 -0.246389 0.156592 255 0 0
0.0699842 -0.35736 0.186 255 0 0
-0.280665 0.0829033 0.392954 255 0 0
0.332708 0.203745 0.0794182 255 0 0
0.176749 -0.0638409 0.516075 255 0 0
-0.1117 -0.047669 0.52756 255 0 0
0.0657093 -0.0423401 0.00829002 255 0 0
-0.013404 -0.0905264 -0.0186932 255 0 0
0.130414 -0.256203 0.338669 255 0 0
0.129911 -0.126501 -0.158361 255 0 0
-0.0333216 -0.351962 0.138967 255 0 0
0.0585939 0.0584639 0.585706 255 0 0
0.334479 0.0838439 0.224612 255 0 0
-0.228215 -0.0253663 -0.022301 255 0 0
-0.123038 -0.168897 0.403004 255 0 0
0.0435144 -0.0563263 0.00316422 255 0 0
-0.158796 0.405781 0.0937207 255 0 0
-0.171695 0.396431 0.0578162 255 0 0
0.204521 -0.0736068 0.482764 255 0 0
0.213222 -0.00349711 0.501849 255 0 0
-0.248724 0.214989 0.273907 255 0 0
-0.0226903 0.326911 0.262089 255 0 0
0.261429 0.28465 0.110455 255 0 0
0.175235 -0.2208 0.36153 255 0 0
-0.23113 0.404258 0.0619825 255 0 0
-0.014722 -0.420587 -0.039946 255 0 0
-0.300031 0.0486231 0.357547 255 0 0
-0.256437 -0.0237349 -0.0348914 255 0 0
-0.0284291 -0.333688 0.193609 255 0 0
-0.282962 -0.128463 0.0769934 255 0 0
0.28059 0.28315 0.202692 255 0 0
0.0225538 -0.180118 0.482258 255 0 0
0.0714891 -0.27858 -0.241731 255 0 0
0.236855 -0.434171 -0.0705013 255 0 0
-0.127309 -0.00240605 0.531803 255 0 0
-0.00751357 0.134071 0.529478 255 0 0
0.335564 -0.123155 0.17952 255 0 0
-0.0302778 0.329911 0.0541616 255 0 0
-0.0561252 0.232357 0.0846197 255 0 0
-0.304974 0.225152 0.175616 255 0 0
0.181931 -0.232676 0.334745 255 0 0
-0.132418 -0.125542 0.0852046 255 0 0
0.248892 0.278194 0.25432 255 0 0
-0.315868 -0.0318 0.242667 255 0 0
0.14305 0.208546 0.113192 255 0 0
-0.362689 0.00451055 0.0972685 255 0 0
0.0349323 -0.0267237 0.023305 255 0 0
0.00107225 0.159354 0.494388 255 0 0
-0.191493 0.272784 0.284637 255 0 0
0.274568 -0.253676 0.135168 255 0 0
0.122087 0.175085 0.502239 255 0 0
0.276933 -0.15617 0.0520774 255 0 0
-0.199836 -0.0240584 0.425826 255 0 0
-0.29235 0.256014 0.193851 255 0 0
0.0758212 -0.066291 -0.0323295 255 0 0
-0.130053 0.0531446 0.535636 255 0 0
0.157207 -0.0421815 -0.0832958 255 0 0
-0.209743 0.376547 0.15043 255 0 0
-0.162038 -0.105046 0.39661 255 0 0
-0.132298 -0.0436707 0.511232 255 0 0
0.298984 0.148321 0.0525824 255 0 0
-0.20061 -0.158395 0.270914 255 0 0
-0.261886 0.140953 0.38032 255 0 0
0.288112 0.160351 0.388025 255 0 0
-0.0574607 0.262565 0.337731 255 0 0
0.0325249 -0.314921 -0.227702 255 0 0
0.181544 -0.295125 0.235468 255 0 0
0.227777 -0.189086 0.333669 255 0 0
0.0196617 -0.0204946 0.580927 255 0 0
0.200913 -0.376754 -0.19166 255 0 0
0.180822 0.0389479 0.00915592 255 0 0
0.369824 0.11261 0.158095 255 0 0
0.0374536 -0.468027 -0.0869377 255 0 0
-0.198536 0.22008 0.332763 255 0 0
0.00868433 0.020649 0.587802 255 0 0
0.253413 -0.0787706 -0.0214563 255 0 0
0.367279 0.166163 0.183713 255 0 0
0.197294 0.18163 0.0805676 255 0 0
0.2291 0.278265 0.276546 255 0 0
-0.0826409 -0.195806 0.421652 255 0 0
0.106467 0.315186 0.304888 255 0 0
-0.164639 0.184352 0.415516 255 0 0
-0.132543 0.389543 0.0778799 255 0 0
0.282215 -0.111756 0.267032 255 0 0
-0.0529214 -0.345723 -0.0329846 255 0 0
0.210203 0.0835734 0.0548084 255 0 0
0.0800482 -0.489182 -0.0897747 255 0 0
0.326372 -0.0183974 0.0201448 255 0 0
-0.303434 0.143762 0.013001 255 0 0
-0.141411 0.139362 0.129404 255 0 0
-0.0845475 0.296716 0.0437517 255 0 0
0.366931 0.158725 0.130731 255 0 0
-0.0408736 -0.228141 -0.150914 255 0 0
0.233276 0.136003 0.0664031 255 0 0
0.00289206 -0.367475 -0.188728 255 0 0
0.232398 -0.148363 0.37366 255 0 0
0.0106147 -0.222404 0.42532 255 0 0
-0.017709 -0.381989 0.0668784 255 0 0
0.392257 0.0154724 0.0615084 255 0 0
0.260901 -0.246086 -0.0319881 255 0 0
0.0897341 -0.32592 0.236997 255 0 0
-0.24492 0.233783 0.269909 255 0 0
0.302922 0.0590502 0.293445 255 0 0
0.0669877 0.183915 0.476757 255 0 0
-0.228535 -0.017137 0.385888 255 0 0
0.242094 0.296452 0.124607 255 0 0
-0.26419 0.292386 0.10179 255 0 0
-0.0138251 0.204693 0.11279 255 0 0
0.109708 0.146019 0.533128 255 0 0
-0.323041 0.171391 0.0894556 255 0 0
-0.257036 0.0971499 0.423185 255 0 0
0.0667022 -0.0813306 -0.134809 255 0 0
0.258791 -0.232152 -0.0146035 255 0 0
-0.104016 0.312041 0.260346 255 0 0
-0.274438 0.083599 0.402248 255 0 0
-0.171426 0.1412 0.109853 255 0 0
-0.0934237 -0.299076 0.0826311 255 0 0
0.162907 -0.326961 -0.22031 255 0 0
-0.135759 -0.189464 0.310141 255 0 0
0.275914 0.0181371 0.314107 255 0 0
0.0426019 0.25404 0.375999 255 0 0
-0.340949 -0.0358508 0.0488722 255 0 0
0.105027 -0.111016 0.528735 255 0 0
0.381142 0.0452997 0.0337179 255 0 0
-0.151521 -0.225261 0.261557 255 0 0
0.254388 -0.114276 0.351141 255 0 0
-0.0589685 -0.177374 -0.135127 255 0 0
0.229123 -0.274337 0.218459 255 0 0
-0.213456 -0.129655 0.273574 255 0 0
-0.306865 0.211496 0.193852 255 0 0
0.180066 -0.0398634 -0.0859785 255 0 0
0.126216 -0.0435928 -0.0475394 255 0 0
0.362923 0.153628 0.108055 255 0 0
0.0454219 -0.219169 -0.195891 255 0 0
0.201599 0.281591 0.301807 255 0 0
-0.206981 0.210563 0.0924711 255 0 0
0.0128157 0.344738 0.0875856 255 0 0
-0.348325 -0.0038621 0.222265 255 0 0
0.24478 -0.00277177 -0.0332606 255 0 0
0.295872 -0.0545823 0.239496 255 0 0
0.161645 0.0235003 0.0124571 255 0 0
0.349619 0.0422099 0.00888019 255 0 0
0.317307 -0.164125 0.186625 255 0 0
-0.20243 -0.0536005 0.350308 255 0 0
0.311879 0.210139 0.309045 255 0 0
0.065882 -0.275638 0.327241 255 0 0
0.174322 0.30421 0.28071 255 0 0
-0.0899784 0.314954 0.2601 255 0 0
0.13743 0.114302 0.551009 255 0 0
0.0751254 0.1553 0.119499 255 0 0
-0.274772 0.0677744 -0.04404 255 0 0
0.294423 -0.0970071 0.245858 255 0 0
-0.327793 0.156089 0.0667544 255 0 0
0.204792 0.291424 0.273436 255 0 0
-0.180076 0.137195 0.468783 255 0 0
0.245634 0.0895787 0.0154153 255 0 0
0.134704 0.100941 0.558271 255 0 0
0.0726875 0.240486 0.401981 255 0 0
0.319777 0.248625 0.0978522 255 0 0
0.11118 0.0220467 0.575564 255 0 0
0.268903 0.0289331 0.394825 255 0 0
0.150791 0.190989 0.485493 255 0 0
0.0487473 0.136584 0.102141 255 0 0
-0.339889 -0.0648859 0.103993 255 0 0
-0.0973674 0.239005 0.0872622 255 0 0
-0.332814 -0.0506603 0.181247 255 0 0
0.382758 0.0358814 0.037819 255 0 0
-0.100577 0.0146167 0.10303 255 0 0
0.248797 -0.41203 -0.0534936 255 0 0
0.317077 0.208997 0.301507 255 0 0
0.168023 0.201504 0.0963878 255 0 0
0.211572 -0.07145 0.47481 255 0 0
0.317699 -0.0334223 0.0266978 255 0 0
-0.197034 -0.140056 0.0948445 255 0 0
0.120407 0.213391 0.454268 255 0 0
0.112934 0.249913 0.401305 255 0 0
-0.363564 0.11789 0.135211 255 0 0
-0.0888374 0.389194 0.1007 255 0 0
-0.218647 0.37626 0.0511728 255 0 0
-0.000217578 -0.313384 -0.212349 255 0 0
0.317194 0.233633 0.264061 255 0 0
-0.0594851 -0.161591 0.0123706 255 0 0
-0.263204 -0.106623 0.0310495 255 0 0
0.23518 -0.351415 0.0685686 255 0 0
-0.328324 -0.0923498 0.0944083 255 0 0
0.276112 0.174733 0.398213 255 0 0
0.220987 -0.432692 0.00051546 255 0 0
-0.107884 0.335159 0.228834 255 0 0
0.206375 -0.0491272 0.493237 255 0 0
0.217614 -0.170557 0.37562 255 0 0
0.0766775 -0.369722 0.164866 255 0 0
-0.111215 -0.168337 0.0694127 255 0 0
-0.236607 0.289613 0.247569 255 0 0
-0.274921 0.191404 0.0720987 255 0 0
0.267241 -0.241811 0.0412086 255 0 0
-0.122652 -0.130847 0.459291 255 0 0
-0.0696368 -0.158565 -0.110386 255 0 0
-0.121778 -0.28293 0.203338 255 0 0
0.360203 0.0670835 0.182727 255 0 0
0.120273 -0.216283 0.414404 255 0 0
-0.208857 0.147278 0.440159 255 0 0
0.197757 -0.370991 0.104368 255 0 0
0.15521 0.0787742 0.106327 255 0 0
-0.0839074 0.338725 0.23048 255 0 0
-0.246239 -0.165656 0.21391 255 0 0
-0.209071 -0.20866 0.186668 255 0 0
-0.317423 0.130248 0.0112249 255 0 0
-0.162992 0.16781 0.439555 255 0 0
0.193156 -0.273469 -0.202169 255 0 0
0.283729 -0.03983 0.249968 255 0 0
-0.190174 0.0482927 0.0174291 255 0 0
0.245361 -0.155075 -0.107344 255 0 0
-0.128057 -0.285859 0.174472 255 0 0
0.0885093 0.184941 0.133115 255 0 0
0.0809061 -0.0668783 -0.0502588 255 0 0
-0.15639 -0.154675 0.308297 255 0 0
0.0407068 -0.233692 0.408173 255 0 0
-0.0665553 -0.221299 0.00700367 255 0 0
0.0517835 -0.459167 -0.138132 255 0 0
-0.0135115 -0.405171 0.0136294 255 0 0
0.237025 0.306696 0.203761 255 0 0
-0.184826 0.345976 0.0545717 255 0 0
-0.180914 -0.234433 0.155126 255 0 0
-0.0689965 0.388767 0.117937 255 0 0
-0.199378 0.101997 0.0199718 255 0 0
0.139235 -0.449479 -0.166191 255 0 0
0.155827 -0.0586898 0.533213 255 0 0
0.249278 -0.119862 -0.0919582 255 0 0
-0.333704 -0.0667602 0.147879 255 0 0
-0.0850106 -0.318285 0.158178 255 0 0
-0.0432755 0.368971 0.194227 255 0 0
-0.325178 -0.0792469 0.0496704 255 0 0
-0.177943 0.0806238 0.0703202 255 0 0
-0.205802 0.398088 0.0541815 255 0 0
-0.372656 0.0180285 0.142408 255 0 0
0.00403462 -0.40364 0.0503409 255 0 0
0.0450361 -0.448711 0.0118726 255 0 0
0.283166 -0.0570764 0.0206291 255 0 0
-0.343284 -0.0394481 0.170139 255 0 0
-0.335742 0.107014 0.0168403 255 0 0
0.14798 0.0233503 0.559634 255 0 0
-0.0498688 -0.223654 -0.142572 255 0 0
-0.224656 -0.190995 0.179441 255 0 0
-0.0230544 0.238958 0.37796 255 0 0
0.180183 -0.139435 -0.153981 255 0 0
0.169461 -0.174752 -0.159511 255 0 0
0.247782 -0.0554794 -0.0402939 255 0 0
0.3736 -0.0267689 0.163358 255 0 0
0.0811252 -0.490827 -0.0706419 255 0 0
0.174148 -0.219121 -0.180064 255 0 0
-0.0407626 -0.204304 -0.153403 255 0 0
0.112933 -0.0807785 -0.122283 255 0 0
0.361384 0.170576 0.219103 255 0 0
-0.0705658 0.336525 0.236924 255 0 0
0.120469 -0.350313 0.190897 255 0 0
0.302074 -0.167964 0.086419 255 0 0
-0.205492 -0.197428 0.145741 255 0 0
-0.0782941 -0.0181201 0.560849 255 0 0
0.131264 -0.385777 0.13157 255 0 0
0.00843273 0.327498 0.269549 255 0 0
-0.00121022 -0.313405 0.250793 255 0 0
-0.142143 -0.190465 0.29959 255 0 0
-0.12964 0.220991 0.119678 255 0 0
0.33691 -0.069192 0.200239 255 0 0
-0.274211 -0.137375 0.205681 255 0 0
0.0516931 -0.42662 0.0563568 255 0 0
0.00777946 -0.389624 -0.176313 255 0 0
0.0809067 -0.114755 -0.163615 255 0 0
-0.204121 0.11837 0.0237073 255 0 0
-0.290284 0.157918 0.0210221 255 0 0
-0.297923 0.178465 0.0634482 255 0 0
0.0984353 -0.488677 -0.109435 255 0 0
-0.100256 0.177588 0.442499 255 0 0
0.182144 0.290857 0.114455 255 0 0
-0.0356353 -0.371968 0.0469083 255 0 0
0.194087 -0.10766 -0.142679 255 0 0
0.0142691 -0.272582 -0.217858 255 0 0
-0.161706 -0.0114173 0.492803 255 0 0
-0.327348 0.0858612 0.286892 255 0 0
0.0397868 -0.277803 0.325044 255 0 0
0.381791 0.0761633 0.155719 255 0 0
-0.259667 0.0179006 -0.0483151 255 0 0
0.00217226 0.179006 0.466148 255 0 0
0.0963877 0.087554 0.574928 255 0 0
0.146418 0.210412 0.462899 255 0 0
0.340613 -0.090344 0.0874564 255 0 0
0.25645 -0.220391 -0.00938332 255 0 0
-0.157555 -0.172576 0.295562 255 0 0
0.200631 -0.41883 0.0465458 255 0 0
-0.36263 -0.0102309 0.136061 255 0 0
-0.0711999 -0.152897 -0.0528006 255 0 0
0.243027 -0.0272567 0.439712 255 0 0
0.123893 -0.320901 0.234007 255 0 0
0.185148 -0.202837 0.378399 255 0 0
-0.287632 0.187985 0.0739648 255 0 0
-0.132153 -0.156045 0.0809206 255 0 0
0.150427 -0.122121 -0.154279 255 0 0
0.265989 -0.0248181 0.318212 255 0 0
0.12858 -0.239846 -0.232767 255 0 0
-0.225701 0.339808 0.195031 255 0 0
0.038648 0.225559 0.412026 255 0 0
-0.0415134 -0.253981 -0.146324 255 0 0
-0.315376 0.0291216 0.321386 255 0 0
-0.0206812 0.365345 0.0800279 255 0 0
0.157675 -0.160949 0.462362 255 0 0
0.0282558 0.083077 0.578473 255 0 0
0.0509487 -0.183442 0.479248 255 0 0
-0.0104126 -0.10308 0.54007 255 0 0
0.265775 -0.288302 -0.09096 255 0 0
0.0988478 -0.0226226 0.0123108 255 0 0
0.249736 -0.0815622 -0.0488713 255 0 0
0.0093885 0.375149 0.173661 255 0 0
0.025613 0.346538 0.100117 255 0 0
0.267922 -0.320413 -0.0950381 255 0 0
0.117838 0.0858927 0.0991709 255 0 0
-0.215537 0.138712 0.0248203 255 0 0
0.191977 -0.197141 0.378262 255 0 0
0.0730085 -0.117934 0.53143 255 0 0
0.279305 -0.244835 0.118551 255 0 0
0.142394 0.00335846 0.00760035 255 0 0
-0.231597 -0.111358 0.267782 255 0 0
0.0997999 0.21438 0.446276 255 0 0
-0.178711 -0.213149 0.247563 255 0 0
0.029497 0.182157 0.120987 255 0 0
-0.0920398 -0.280026 0.246752 255 0 0
-0.220601 0.191682 0.348916 255 0 0
0.0876454 0.22756 0.423973 255 0 0
0.104212 0.334106 0.156643 255 0 0
-0.00781241 -0.30586 0.262911 255 0 0
0.202832 0.0424378 0.520203 255 0 0
0.0631239 -0.36961 0.163728 255 0 0
-0.0568544 -0.235225 0.372675 255 0 0
-0.141338 0.180682 0.428419 255 0 0
-0.0746773 -0.117765 0.508519 255 0 0
0.344101 -0.119183 0.126949 255 0 0
-0.218818 0.0977334 -0.0136626 255 0 0
0.0812259 -0.339432 -0.227691 255 0 0
0.304891 -0.170059 0.211586 255 0 0
-0.136048 0.362526 0.05398 255 0 0
0.200252 -0.466331 -0.100834 255 0 0
0.254816 0.00340793 0.420697 255 0 0
-0.0613655 0.386939 0.0964441 255 0 0
-0.157715 -0.0352846 0.0967492 255 0 0
0.253789 -0.364446 -0.131372 255 0 0
-0.00960373 0.020762 0.0614852 255 0 0
-0.000248239 -0.236167 -0.180306 255 0 0
-0.0622698 0.168033 0.119033 255 0 0
0.0279803 -0.400611 0.0864971 255 0 0
0.126269 -0.375826 -0.214205 255 0 0
-0.292544 -0.121254 0.069941 255 0 0
-0.176354 0.372063 0.164159 255 0 0
-0.2757 0.00268707 0.355373 255 0 0
-0.0740512 -0.0845866 0.531075 255 0 0
-0.00602144 -0.331116 -0.202544 255 0 0
0.0983441 -0.493296 -0.0475011 255 0 0
-0.177784 -0.0120169 0.471516 255 0 0
-0.232235 -0.133394 0.259153 255 0 0
-0.184896 0.0338977 0.0306975 255 0 0
-0.0783368 -0.175322 -0.0867421 255 0 0
-0.0653918 -0.15374 0.0353281 255 0 0
-0.320498 -0.0427028 0.00532237 255 0 0
-0.0233834 -0.316225 -0.184858 255 0 0
-0.0482318 -0.0471261 0.562281 255 0 0
-0.0998021 0.172223 0.450034 255 0 0
0.117067 0.306681 0.134802 255 0 0
0.024042 -0.334428 0.218499 255 0 0
0.16426 -0.0043204 0.545755 255 0 0
-0.109963 0.249711 0.0793118 255 0 0
0.214725 -0.390623 -0.175989 255 0 0
0.0579511 -0.383607 -0.20609 255 0 0
0.188713 -0.0352413 0.517789 255 0 0
0.00975744 -0.137052 0.520054 255 0 0
-0.132485 -0.145398 0.424424 255 0 0
0.233823 -0.0664269 -0.0782013 255 0 0
0.241718 0.298285 0.220151 255 0 0
-0.238211 0.3283 0.206124 255 0 0
0.121556 -0.474201 -0.140183 255 0 0
0.29602 -0.18045 0.0843163 255 0 0
0.233409 -0.0340509 -0.0498197 255 0 0
0.1799 0.148275 0.106453 255 0 0
0.066857 0.18622 0.13042 255 0 0
-0.110868 0.0595961 0.109941 255 0 0
0.218409 0.315616 0.201978 255 0 0
-0.26153 0.176415 0.28586 255 0 0
0.316983 0.267827 0.140469 255 0 0
-0.163934 0.354619 0.19061 255 0 0
0.0446726 -0.0241909 0.579308 255 0 0
-0.0361 -0.0797682 0.548879 255 0 0
-0.274414 0.3126 0.103388 255 0 0
-0.205325 0.140591 0.0475314 255 0 0
-0.197748 0.218868 0.0959656 255 0 0
0.132309 -0.373611 0.149456 255 0 0
0.257743 -0.112988 0.339389 255 0 0
-0.140672 -0.270291 0.202288 255 0 0
-0.283373 0.125734 -0.012745 255 0 0
0.0538581 -0.0642662 0.562878 255 0 0
0.0349783 0.1916 0.456733 255 0 0
-0.095127 0.340501 0.225082 255 0 0
-0.200078 -0.00771174 0.443122 255 0 0
0.0423862 -0.131612 -0.177715 255 0 0
0.35599 0.143223 0.232257 255 0 0
0.0682439 0.355598 0.168729 255 0 0
-0.301882 -0.114396 0.0663941 255 0 0
-0.194954 0.363612 0.0511114 255 0 0
0.25079 -0.341973 -0.146625 255 0 0
0.0856192 -0.46486 -0.148657 255 0 0
0.238492 0.080787 0.479051 255 0 0
-0.356267 -0.0137141 0.0923703 255 0 0
0.165226 -0.131326 0.483681 255 0 0
0.314259 -0.1827 0.163716 255 0 0
0.185462 -0.480501 -0.0557419 255 0 0
-0.195946 0.0150997 0.00673232 255 0 0
-0.267082 0.322289 0.0908847 255 0 0
0.186596 0.0299683 -0.0110763 255 0 0
-0.0561122 -0.32466 -0.0442964 255 0 0
0.262939 0.0588269 0.432602 255 0 0
0.0371046 -0.338718 0.214002 255 0 0
0.362759 0.133811 0.187117 255 0 0
0.241115 -0.331667 0.0775244 255 0 0
-0.313565 -0.115379 0.118025 255 0 0
-0.0902297 -0.12858 0.0571858 255 0 0
0.260166 -0.30284 -0.121647 255 0 0
0.208697 -0.0294736 0.498866 255 0 0
0.0650191 -0.360531 -0.21812 255 0 0
-0.0282332 0.350421 0.229768 255 0 0
0.158129 -0.483115 -0.02053 255 0 0
0.137494 -0.368133 0.155062 255 0 0
0.0324437 -0.447823 -0.00152073 255 0 0
0.0180133 0.247821 0.0957176 255 0 0
0.31566 0.126241 0.344996 255 0 0
-0.166782 0.00794388 0.494784 255 0 0
0.259485 -0.109567 0.0200488 255 0 0
-0.171711 -0.110542 0.090736 255 0 0
0.267861 -0.171785 0.275416 255 0 0
0.260812 -0.271597 0.150166 255 0 0
0.140963 -0.281008 -0.235775 255 0 0
0.0833032 -0.250164 0.372379 255 0 0
-0.0128033 0.374933 0.102898 255 0 0
0.184035 0.245932 0.408632 255 0 0
0.137735 -0.419716 0.0837753 255 0 0
0.316316 -0.180359 0.148162 255 0 0
0.141913 -0.46503 0.0211874 255 0 0
-0.212741 -0.0994507 0.0490686 255 0 0
-0.0584013 -0.324693 -0.0244549 255 0 0
-0.191819 -0.0906356 0.306381 255 0 0
0.364149 0.168814 0.118609 255 0 0
0.0239768 -0.209867 -0.185082 255 0 0
-0.326727 0.125371 0.226042 255 0 0
-0.345949 0.0535786 0.257448 255 0 0
0.24716 -0.346115 0.0451652 255 0 0
0.235225 0.0632838 0.482705 255 0 0
0.340377 0.110432 0.250676 255 0 0
-0.123147 0.182909 0.429932 255 0 0
-0.0196634 -0.0824918 0.010101 255 0 0
-0.0341143 0.353916 0.223142 255 0 0
-0.196663 -0.221989 0.185667 255 0 0
0.174317 -0.33396 0.182759 255 0 0
0.361871 0.119417 0.180881 255 0 0
-0.0621027 0.0695437 0.567479 255 0 0
0.166649 -0.0554709 -0.10404 255 0 0
0.101662 -0.208846 -0.200209 255 0 0
0.108611 -0.0695445 -0.0976398 255 0 0
0.0663212 -0.172978 0.488676 255 0 0
0.314794 0.250479 0.231529 255 0 0
0.0286881 -0.368761 0.15388 255 0 0
0.197037 -0.469853 -0.0360124 255 0 0
-0.239166 0.180685 0.0574972 255 0 0
0.0112482 0.276 0.0748956 255 0 0
-0.0954111 -0.224491 0.338757 255 0 0
0.244937 -0.135709 0.357268 255 0 0
0.318536 -0.165868 0.118338 255 0 0
0.105444 -0.36662 0.168222 255 0 0
-0.348032 0.020029 0.0292275 255 0 0
-0.372582 0.0371122 0.176317 255 0 0
-0.068831 -0.190335 -0.0115319 255 0 0
0.192586 0.322203 0.221686 255 0 0
0.293513 -0.0367862 0.0122305 255 0 0
-0.168157 0.104123 0.498039 255 0 0
-0.290571 0.00154929 0.333705 255 0 0
0.0247586 0.358587 0.225408 255 0 0
-0.0229082 -0.41052 -0.0722158 255 0 0
0.0187985 -0.074691 -0.12687 255 0 0
0.105661 -0.358781 0.181205 255 0 0
-0.236408 0.00442959 -0.0394089 255 0 0
0.154573 -0.306859 -0.22676 255 0 0
0.295888 0.186391 0.360366 255 0 0
0.0952073 0.283855 0.121847 255 0 0
0.0217015 -0.413253 0.0535092 255 0 0
0.202984 0.306439 0.132464 255 0 0
-0.0249225 -0.35103 0.153483 255 0 0
-0.364821 0.0864562 0.182408 255 0 0
0.0491248 -0.0687762 -0.0223417 255 0 0
0.141749 -0.0522539 -0.0873135 255 0 0
-0.0678838 -0.267756 0.0188911 255 0 0
0.390661 0.0495165 0.151684 255 0 0
-0.163051 -0.187176 0.28209 255 0 0
0.0808068 -0.00679497 0.0251911 255 0 0
0.0498695 -0.33438 0.224146 255 0 0
-0.0928573 -0.305224 0.189861 255 0 0
0.064896 -0.0716108 -0.11252 255 0 0
0.0336161 -0.163592 -0.18266 255 0 0
0.232535 -0.440103 -0.0645918 255 0 0
0.1865 -0.288995 0.240407 255 0 0
0.198832 -0.193208 -0.150499 255 0 0
0.204812 0.0623701 0.0146543 255 0 0
0.352923 -0.00105512 0.0269904 255 0 0
0.167912 -0.141828 0.472754 255 0 0
0.265182 -0.338961 -0.104172 255 0 0
0.204185 -0.448681 -0.132303 255 0 0
0.159218 0.233172 0.0986578 255 0 0
-0.114366 0.0699733 0.112294 255 0 0
-0.0528135 0.388844 0.116345 255 0 0
-0.176816 0.13593 0.101807 255 0 0
-0.268997 -0.129148 0.0695001 255 0 0
-0.0485424 -0.0295644 0.568883 255 0 0
-0.295581 0.148972 0.255327 255 0 0
-0.0126226 0.355477 0.225742 255 0 0
-0.0806765 -0.314321 0.0780343 255 0 0
0.175713 0.0325953 0.542784 255 0 0
-0.0692883 -0.237182 0.354522 255 0 0
-0.0504501 -0.305691 -0.104016 255 0 0
0.338764 -0.133508 0.142553 255 0 0
0.0962545 -0.106512 -0.153902 255 0 0
-0.324917 0.178327 0.187089 255 0 0
-0.293232 0.123769 -0.0105529 255 0 0
-0.114238 -0.24831 0.271744 255 0 0
-0.0985139 0.357415 0.199288 255 0 0
-0.366695 0.0152403 0.187962 255 0 0
-0.0801767 -0.0904694 0.0505422 255 0 0
-0.0408532 -0.100398 -0.0591182 255 0 0
-0.110256 -0.170208 0.426535 255 0 0
-0.215412 0.0627285 0.462625 255 0 0
-0.0215086 0.0038199 0.0565268 255 0 0
0.26195 -0.368511 -0.0396434 255 0 0
0.146023 -0.326652 -0.22553 255 0 0
0.0605845 -0.445778 -0.161927 255 0 0
-0.0663129 -0.212294 0.00741155 255 0 0
-0.0398441 0.181585 0.452353 255 0 0
0.338963 -0.0140931 0.0256883 255 0 0
-0.176843 -0.00010037 0.479435 255 0 0
0.260519 -0.0855439 0.348376 255 0 0
-0.0245723 -0.0305831 0.0387323 255 0 0
0.133096 0.144014 0.12668 255 0 0
0.129978 -0.411878 -0.1957 255 0 0
-0.246531 0.102177 0.434049 255 0 0
0.0178579 0.246644 0.378879 255 0 0
0.252605 -0.254199 -0.0960682 255 0 0
-0.18544 0.0636842 0.0351316 255 0 0
-0.134049 -0.277832 0.192775 255 0 0
0.363987 0.182667 0.203187 255 0 0
-0.0929691 0.351695 0.209658 255 0 0
0.18162 -0.418673 0.064185 255 0 0
-0.222031 0.01014 0.428983 255 0 0
-0.284527 0.28508 0.132194 255 0 0
-0.374833 0.0491457 0.121358 255 0 0
-0.225982 0.306932 0.0745601 255 0 0
0.159954 -0.377997 -0.207195 255 0 0
0.0868506 -0.491893 -0.055733 255 0 0
0.222967 -0.173508 0.3621 255 0 0
0.144406 -0.149552 -0.162711 255 0 0
-0.0407248 -0.11567 -0.0238751 255 0 0
-0.086903 0.0985288 0.543388 255 0 0
-0.176527 0.346031 0.199201 255 0 0
0.0393176 0.0161652 0.0459687 255 0 0
-0.0222095 0.0896256 0.567616 255 0 0
0.254607 -0.232474 -0.0502031 255 0 0
0.346946 -0.108367 0.118027 255 0 0
0.303095 0.014491 0.227941 255 0 0
-0.0710759 0.0177292 0.571053 255 0 0
0.175683 -0.404061 -0.190395 255 0 0
0.202966 -0.467213 -0.0892175 255 0 0
-0.221435 -0.178888 0.234607 255 0 0
0.246539 0.239764 0.362306 255 0 0
-0.173528 0.405726 0.10577 255 0 0
0.0317907 -0.126947 0.529007 255 0 0
0.268274 -0.000860295 0.345686 255 0 0
-0.209792 0.36298 0.168273 255 0 0
0.269428 -0.326662 -0.0802334 255 0 0
-0.0142107 0.245975 0.0793613 255 0 0
0.172964 0.182172 0.491033 255 0 0
-0.167213 -0.0971257 0.379904 255 0 0
-0.217828 0.00781314 -0.0260014 255 0 0
0.0124527 -0.418166 -0.153192 255 0 0
-0.236653 0.101698 0.443912 255 0 0
-0.134366 -0.26054 0.104776 255 0 0
-0.331542 0.148389 0.0616175 255 0 0
0.111711 0.345189 0.238105 255 0 0
-0.146915 -0.217915 0.272539 255 0 0
0.0791729 -0.138945 -0.173832 255 0 0
-0.338905 -0.0619462 0.131519 255 0 0
0.228923 -0.264592 0.234592 255 0 0
0.170041 -0.44348 -0.162612 255 0 0
0.314246 0.0887947 0.00787997 255 0 0
0.313081 0.223932 0.28802 255 0 0
-0.0824293 -0.322251 0.142824 255 0 0
-0.146201 0.219205 0.373679 255 0 0
0.202937 0.274161 0.325511 255 0 0
0.235367 0.26996 0.293869 255 0 0
0.373566 0.0541593 0.170727 255 0 0
-0.128385 -0.287167 0.161027 255 0 0
-0.094778 0.224551 0.108448 255 0 0
0.287424 0.262456 0.246938 255 0 0
-0.0924715 0.0491862 0.100048 255 0 0
-0.373517 0.0751513 0.152208 255 0 0
-0.0975086 -0.184932 0.421748 255 0 0
-0.176397 -0.0351401 0.0651798 255 0 0
0.185365 0.0511005 0.0264539 255 0 0
0.154391 -0.376046 0.134765 255 0 0
-0.0806666 -0.294556 0.0567484 255 0 0
0.0600632 -0.165983 -0.182274 255 0 0
-0.319783 0.0434797 0.320556 255 0 0
0.136473 -0.411708 0.0948758 255 0 0
-0.292593 0.0941611 -0.029662 255 0 0
0.0158235 0.287418 0.324182 255 0 0
-0.0980663 -0.0230108 0.0911476 255 0 0
0.0202466 -0.297068 -0.22598 255 0 0
-0.1693 0.284025 0.0744952 255 0 0
0.252124 -0.359498 0.0166906 255 0 0
-0.0687667 -0.151218 0.485144 255 0 0
0.252239 -0.0963269 -0.0421242 255 0 0
-0.328886 0.0690244 0.299655 255 0 0
0.090676 0.350112 0.235502 255 0 0
0.22063 -0.383057 0.0607122 255 0 0
0.351929 -0.103719 0.130682 255 0 0
0.293618 -0.132787 0.246231 255 0 0
0.0494745 0.023305 0.587772 255 0 0
-0.361589 0.101102 0.17703 255 0 0
-0.0860982 -0.211098 0.389741 255 0 0
0.296385 0.204664 0.343941 255 0 0
-0.00596199 0.0316044 0.586705 255 0 0
0.0388963 -0.142666 -0.18018 255 0 0
-0.228614 0.344478 0.187931 255 0 0
-0.340164 0.123692 0.204402 255 0 0
0.257611 -0.163162 0.0231578 255 0 0
0.362382 0.143782 0.200159 255 0 0
-0.0720878 0.166836 0.464394 255 0 0
0.11919 0.0380736 0.057239 255 0 0
-0.305371 0.207195 0.202556 255 0 0
0.283847 0.124425 0.405694 255 0 0
-0.084702 0.3481 0.217182 255 0 0
0.226631 -0.386067 0.0477289 255 0 0
-0.176119 0.278737 0.078327 255 0 0
0.078255 0.278828 0.116407 255 0 0
0.136179 0.0495046 0.566593 255 0 0
0.013372 0.182589 0.463805 255 0 0
-0.16465 -0.0971881 0.402461 255 0 0
0.16269 -0.243714 0.335408 255 0 0
0.0252179 -0.446164 -0.129081 255 0 0
0.214717 0.301056 0.244308 255 0 0
0.369365 0.108025 0.0516724 255 0 0
0.0899718 -0.459874 0.0234102 255 0 0
-0.263166 -0.112724 0.0394628 255 0 0
0.180052 -0.186309 -0.157563 255 0 0
0.0400635 -0.113174 -0.170521 255 0 0
0.263364 0.0327826 0.416231 255 0 0
-0.160905 0.330188 0.222679 255 0 0
0.125573 -0.0772238 0.540225 255 0 0
0.183213 -0.0490013 -0.0971933 255 0 0
0.149233 -0.264141 0.310724 255 0 0
0.1419 0.0299913 0.563245 255 0 0
0.0834719 0.269806 0.36746 255 0 0
0.0200326 -0.0402621 0.0199944 255 0 0
0.237155 -0.357425 -0.165525 255 0 0
-0.0583703 0.149858 0.492777 255 0 0
-0.177101 0.0182807 0.487036 255 0 0
-0.199906 0.349479 0.189124 255 0 0
0.159569 -0.222933 -0.199918 255 0 0
-0.178189 -0.217054 0.123863 255 0 0
-0.0257919 -0.30381 -0.179646 255 0 0
0.19722 0.304611 0.256387 255 0 0
0.234235 -0.103114 0.416274 255 0 0
0.227448 -0.0676798 0.452381 255 0 0
-0.171184 0.385373 0.0536475 255 0 0
-0.176902 0.352108 0.0530392 255 0 0
-0.061772 -0.149609 -0.020833 255 0 0
0.205262 0.0809862 0.516446 255 0 0
-0.161068 0.388863 0.138757 255 0 0
0.174894 0.189113 0.483852 255 0 0
0.257959 -0.203887 0.0148435 255 0 0
0.292703 -0.217611 0.17932 255 0 0
0.246002 -0.230877 -0.0901492 255 0 0
0.00517787 0.0999428 0.565981 255 0 0
-0.289285 0.0658382 0.379259 255 0 0
0.0746255 -0.374766 -0.213621 255 0 0
-0.32057 -0.0298426 -0.00334129 255 0 0
0.0646489 -0.411558 0.0904165 255 0 0
-0.190271 -0.21086 0.236623 255 0 0
-0.00928696 -0.231086 0.40593 255 0 0
0.144617 0.155202 0.521243 255 0 0
-0.012456 0.201607 0.431604 255 0 0
-0.16034 0.0434777 0.0958094 255 0 0
-0.0324942 -0.346902 -0.145863 255 0 0
-0.0562546 0.332873 0.0470604 255 0 0
0.124542 -0.19379 0.443797 255 0 0
-0.0587119 -0.0551062 0.554609 255 0 0
0.390286 0.1044 0.09815 255 0 0
0.22544 0.205789 0.435489 255 0 0
0.0471263 0.0717415 0.0746354 255 0 0
-0.104516 0.264019 0.325332 255 0 0
0.00195158 -0.189762 -0.176841 255 0 0
0.114553 -0.11654 -0.156024 255 0 0
0.393425 0.0736074 0.141014 255 0 0
0.209052 -0.261064 0.261441 255 0 0
0.272447 0.10048 0.42542 255 0 0
-0.066179 0.339076 0.0476229 255 0 0
0.0430288 -0.119915 0.533534 255 0 0
-0.253508 -0.155249 0.218515 255 0 0
0.0137605 -0.382548 -0.186613 255 0 0
-0.235743 0.303999 0.0790103 255 0 0
-0.0456989 -0.364287 0.0200422 255 0 0
0.113348 -0.0467051 -0.0267259 255 0 0
0.318554 0.154412 0.337553 255 0 0
-0.166431 0.279849 0.286976 255 0 0
0.113108 -0.487625 -0.0209235 255 0 0
0.369889 0.0303351 0.0266345 255 0 0
-0.0605919 -0.306989 -0.0263642 255 0 0
-0.00995953 0.274765 0.333681 255 0 0
0.107907 -0.269924 0.32518 255 0 0
-0.193677 -0.102107 0.0716384 255 0 0
-0.0651871 -0.328504 0.164052 255 0 0
-0.329719 -0.075729 0.146637 255 0 0
0.0320804 0.366826 0.146421 255 0 0
-0.0627108 -0.292814 -0.0199564 255 0 0
0.265271 -0.274245 -0.0707549 255 0 0
-0.063602 -0.338371 0.108055 255 0 0
-0.290945 0.270279 0.189219 255 0 0
-0.302131 0.170261 0.051582 255 0 0
0.148242 0.0360517 0.560308 255 0 0
-0.175562 -0.231001 0.135421 255 0 0
0.059619 0.361952 0.18473 255 0 0
0.273882 0.00840529 0.276088 255 0 0
0.0393722 -0.383553 0.1304 255 0 0
-0.272045 0.226086 0.243117 255 0 0
0.246948 -0.219804 0.27111 255 0 0
0.236624 0.0897195 0.481291 255 0 0
0.12573 0.0847311 0.567135 255 0 0
-0.00715667 -0.246831 0.377042 255 0 0
0.133805 -0.0584395 0.544765 255 0 0
0.00289762 -0.436073 -0.102487 255 0 0
0.247212 -0.410627 -0.0975252 255 0 0
-0.188881 0.248282 0.308907 255 0 0
0.120752 -0.155871 -0.169118 255 0 0
-0.212437 0.0853154 0.467393 255 0 0
0.0792754 -0.299203 -0.239028 255 0 0
0.282317 0.0140657 0.252283 255 0 0
0.0801681 -0.185476 0.472042 255 0 0
-0.331746 0.164499 0.0951591 255 0 0
0.229022 -0.42709 -0.124703 255 0 0
0.305069 0.270859 0.121134 255 0 0
0.0470113 0.00535673 0.0375248 255 0 0
0.101757 0.252593 0.394736 255 0 0
0.177408 -0.0811228 0.506818 255 0 0
0.303332 0.159831 0.363394 255 0 0
0.187956 -0.337794 0.163375 255 0 0
0.114204 -0.289078 0.287785 255 0 0
0.169216 -0.214322 0.378501 255 0 0
-0.234698 0.0240177 0.42527 255 0 0
0.01493 0.359519 0.222869 255 0 0
-0.305095 0.14188 0.246669 255 0 0
-0.0866123 0.38594 0.134621 255 0 0
-0.180884 -0.0507805 0.431049 255 0 0
0.0142709 0.296433 0.311857 255 0 0
0.248088 -0.111644 0.373928 255 0 0
0.086124 -0.0345657 0.00853758 255 0 0
0.0669105 -0.399784 0.111706 255 0 0
0.00515355 -0.331093 -0.210408 255 0 0
0.334692 0.0130805 0.205598 255 0 0
0.13248 0.195392 0.479466 255 0 0
-0.021825 -0.324454 0.219111 255 0 0
-0.0137931 -0.358828 0.144658 255 0 0
-0.0740383 0.173807 0.454165 255 0 0
0.0695622 0.224166 0.12927 255 0 0
0.0655705 -0.317765 -0.23303 255 0 0
0.261118 -0.250202 -0.0442062 255 0 0
-0.077049 -0.221771 -0.0482783 255 0 0
0.103578 0.3506 0.209611 255 0 0
-0.209713 -0.0605874 0.319297 255 0 0
-0.339993 0.159543 0.170447 255 0 0
-0.0581697 -0.343653 0.089041 255 0 0
-0.0717026 0.0387752 0.570828 255 0 0
-0.254002 0.00780827 -0.0458815 255 0 0
-0.26356 0.033531 0.398689 255 0 0
0.240593 0.127791 0.0581238 255 0 0
0.0431904 -0.0464527 0.571408 255 0 0
0.0559896 -0.0659997 -0.091902 255 0 0
-0.0111095 -0.116355 0.531366 255 0 0
0.0962765 -0.0734918 -0.107558 255 0 0
-0.358862 0.105379 0.0833074 255 0 0
-0.192532 0.403466 0.114786 255 0 0
0.162382 0.168135 0.112283 255 0 0
0.0288783 0.13468 0.536051 255 0 0
0.217021 -0.0396999 -0.0700816 255 0 0
-0.182601 0.0345051 0.486589 255 0 0
-0.246587 0.152361 0.011727 255 0 0
0.170287 -0.34333 -0.214432 255 0 0
-0.105724 0.386943 0.0855525 255 0 0
0.0729241 0.0876247 0.577397 255 0 0
-0.0497741 -0.28846 -0.12026 255 0 0
0.159203 0.179521 0.110989 255 0 0
-0.132203 0.00732545 0.529851 255 0 0
-0.0924371 -0.035767 0.546537 255 0 0
0.0281836 0.0836584 0.0783847 255 0 0
-0.0522525 -0.350851 0.0565917 255 0 0
0.245925 -0.0346783 0.428047 255 0 0
0.00605304 0.375813 0.137185 255 0 0
-0.0210977 -0.0697725 0.557879 255 0 0
0.367585 0.194757 0.15679 255 0 0
-0.179804 -0.0627539 0.067317 255 0 0
-0.361819 0.0579851 0.0701745 255 0 0
0.336681 -0.11225 0.099574 255 0 0
-0.137427 -0.274584 0.132436 255 0 0
0.141895 -0.486127 -0.114386 255 0 0
0.173477 0.331651 0.210565 255 0 0
-0.11457 0.319823 0.247236 255 0 0
0.11112 -0.320104 -0.233425 255 0 0
-0.04212 0.0391461 0.580425 255 0 0
0.252813 -0.200875 -0.00460268 255 0 0
-0.335753 0.102309 0.233878 255 0 0
0.159061 -0.0276457 0.542943 255 0 0
0.173595 0.0922212 0.539485 255 0 0
0.264477 -0.275849 -0.0797353 255 0 0
0.151014 -0.458655 -0.153981 255 0 0
-0.084612 -0.258421 0.0528334 255 0 0
0.177604 -0.431576 0.0511017 255 0 0
-0.0430525 -0.362278 0.0541372 255 0 0
0.228624 -0.209449 0.308739 255 0 0
-0.185846 -0.0191561 0.038718 255 0 0
-0.268781 -0.0195754 0.329261 255 0 0
-0.0907542 -0.311383 0.0982276 255 0 0
-0.059787 -0.311583 0.217474 255 0 0
-0.13023 -0.269841 0.221126 255 0 0
-0.23554 0.0835896 -0.0329518 255 0 0
-0.185094 0.0665615 0.490654 255 0 0
0.236308 0.284709 0.253475 255 0 0
0.318631 0.264054 0.183035 255 0 0
0.191266 0.318426 0.15419 255 0 0
0.338993 0.0351603 0.00273213 255 0 0
-0.105011 -0.102514 0.499554 255 0 0
0.175425 0.0272411 -0.00261972 255 0 0
0.0667102 -0.325258 0.24062 255 0 0
-0.0755642 -0.225566 -0.0980872 255 0 0
-0.16273 0.0668721 0.509686 255 0 0
0.276724 0.0733665 0.408256 255 0 0
-0.341326 0.104688 0.219264 255 0 0
-0.351103 0.0531629 0.0311015 255 0 0
-0.0741747 -0.254805 0.307576 255 0 0
0.307168 -0.0804814 0.052593 255 0 0
0.00379106 0.0121371 0.0535241 255 0 0
0.152544 -0.10786 -0.148297 255 0 0
-0.338195 -0.0444375 0.176672 255 0 0
-0.285017 -0.00629199 0.33042 255 0 0
0.138768 -0.335141 0.205999 255 0 0
0.0824677 -0.261053 0.352072 255 0 0
0.0817802 -0.315033 -0.235195 255 0 0
-0.247848 0.247451 0.097199 255 0 0
-0.299946 0.108777 0.337039 255 0 0
0.251406 -0.179671 0.300033 255 0 0
0.1446 0.297886 0.321578 255 0 0
0.00710512 -0.400514 -0.166148 255 0 0
0.268588 -0.31175 -0.0235226 255 0 0
-0.242655 0.130142 0.423419 255 0 0
0.171515 -0.320663 0.20541 255 0 0
-0.211043 0.195861 0.357206 255 0 0
-0.0315181 0.188556 0.444799 255 0 0
-0.261956 0.227881 0.100415 255 0 0
-0.154032 -0.0534421 0.480077 255 0 0
0.246915 -0.316378 0.0816931 255 0 0
0.30812 0.0623189 0.276873 255 0 0
0.207871 -0.220505 0.322703 255 0 0
0.264179 -0.281118 0.0275965 255 0 0
-0.293751 0.175068 0.0525733 255 0 0
0.104241 0.345392 0.179326 255 0 0
0.220739 0.30846 0.221984 255 0 0
0.141622 -0.158623 0.475293 255 0 0
-0.103221 0.388154 0.124703 255 0 0
-0.165014 0.028228 0.083564 255 0 0
-0.0160266 -0.263316 0.340723 255 0 0
0.280016 -0.0486612 0.258221 255 0 0
-0.180937 -0.00103439 0.0454023 255 0 0
0.228785 -0.0559619 -0.072116 255 0 0
-0.0102356 0.0404195 0.0689558 255 0 0
-0.0473295 0.367028 0.0672748 255 0 0
-0.254634 -0.162502 0.153573 255 0 0
0.0283892 -0.224668 0.423554 255 0 0
0.271719 0.0521945 0.407718 255 0 0
0.2103 -0.404664 -0.17072 255 0 0
-0.144959 -0.227652 0.0956198 255 0 0
-0.3415 0.146344 0.0858832 255 0 0
-0.127248 -0.173267 0.376561 255 0 0
0.303912 -0.176357 0.0951143 255 0 0
-0.0594522 -0.279662 0.277762 255 0 0
-0.0781684 -0.222013 -0.0887046 255 0 0
-0.108676 0.0398907 0.55102 255 0 0
0.0106129 -0.371274 -0.192534 255 0 0
0.220212 -0.413912 -0.154094 255 0 0
0.0748358 -0.202326 0.45183 255 0 0
-0.223211 -0.0484891 0.32358 255 0 0
0.104586 0.318579 0.140473 255 0 0
-0.210925 0.209095 0.331789 255 0 0
0.289304 -0.0933554 0.253252 255 0 0
0.341806 0.0345785 0.200386 255 0 0
-0.148379 0.0676094 0.521196 255 0 0
0.166901 0.319163 0.259251 255 0 0
-0.200794 -0.05808 0.341533 255 0 0
-0.214611 -0.0273016 0.391664 255 0 0
0.280218 -0.0604905 0.260659 255 0 0
0.0194603 -0.347371 0.191895 255 0 0
-0.0862086 0.366465 0.0595372 255 0 0
-0.188448 -0.230194 0.190805 255 0 0
0.201106 -0.407966 0.0591492 255 0 0
-0.361282 0.0720482 0.0710522 255 0 0
0.0620887 -0.395707 -0.200814 255 0 0
-0.303348 0.0891497 -0.0272261 255 0 0
0.300152 -0.180702 0.212978 255 0 0
0.307637 -0.031313 0.226985 255 0 0
-0.147504 0.0423399 0.108732 255 0 0
0.122392 -0.40484 -0.200428 255 0 0
0.00754596 -0.358138 0.16393 255 0 0
-0.122216 0.275626 0.305642 255 0 0
0.0242547 -0.28855 0.303385 255 0 0
0.130252 -0.291684 0.275571 255 0 0
-0.0533205 0.182865 0.118849 255 0 0
-0.058558 0.190208 0.43557 255 0 0
0.263487 -0.249815 -0.00672328 255 0 0
-0.240326 0.187167 0.0652582 255 0 0
0.0168189 0.03789 0.588861 255 0 0
0.255295 -0.0958838 0.364007 255 0 0
0.231611 0.0826653 0.4879 255 0 0
-0.268506 0.389572 0.0926473 255 0 0
0.20753 -0.0145888 -0.0534838 255 0 0
0.218331 -0.443549 -0.118826 255 0 0
-0.286682 -0.131275 0.187925 255 0 0
0.00307997 -0.0812789 -0.133715 255 0 0
0.309573 -0.11532 0.225314 255 0 0
0.285479 0.03594 0.296111 255 0 0
0.0680279 -0.338303 0.219073 255 0 0
0.0443962 -0.472987 -0.0795961 255 0 0
0.163534 -0.3611 0.150145 255 0 0
-0.237181 0.0777047 0.444749 255 0 0
0.275443 -0.101687 0.28054 255 0 0
-0.00818144 0.214766 0.414602 255 0 0
0.168972 0.112369 0.536474 255 0 0
-0.225941 -0.185817 0.215089 255 0 0
-0.0388496 -0.327782 -0.135646 255 0 0
0.016141 0.0624724 0.585669 255 0 0
-0.153937 0.051731 0.516885 255 0 0
0.25762 -0.33209 0.0231015 255 0 0
-0.321135 0.185829 0.116789 255 0 0
0.192443 -0.0121538 -0.0545456 255 0 0
-0.27454 0.331729 0.0935506 255 0 0
-0.371492 0.0560057 0.103714 255 0 0
-0.244957 0.117098 -0.0185113 255 0 0
0.100671 -0.0406481 0.563724 255 0 0
-0.260996 -0.159689 0.16506 255 0 0
0.34679 -0.0351351 0.0490184 255 0 0
0.0697467 -0.433552 0.0557266 255 0 0
-0.244922 0.262575 0.258755 255 0 0
0.085042 -0.0565419 0.561701 255 0 0
-0.321858 0.178514 0.102383 255 0 0
-0.000752687 -0.271808 -0.201581 255 0 0
0.0678558 -0.420719 0.0760301 255 0 0
0.405117 0.0265252 0.105111 255 0 0
-0.168541 0.0134292 0.0752909 255 0 0
0.0200899 -0.226011 0.420441 255 0 0
-0.0344836 0.0446723 0.581485 255 0 0
-0.322914 0.0785651 -0.0171148 255 0 0
0.226722 0.30563 0.137442 255 0 0
-0.353953 0.0906622 0.206459 255 0 0
0.0989316 -0.259734 0.348899 255 0 0
0.0078584 -0.300992 -0.219011 255 0 0
-0.0468794 -0.0720971 0.0326803 255 0 0
-0.289345 0.310431 0.131485 255 0 0
-0.376136 0.0515307 0.140302 255 0 0
-0.130605 0.267234 0.314481 255 0 0
-0.090613 -0.289786 0.230398 255 0 0
0.22204 -0.18167 0.35319 255 0 0
0.0735854 0.333579 0.134584 255 0 0
0.0676177 -0.436553 -0.173672 255 0 0
-0.357842 0.130554 0.146369 255 0 0
-0.277186 0.0833427 -0.038388 255 0 0
0.27244 0.073956 0.41834 255 0 0
-0.222111 -0.0537735 0.314953 255 0 0
-0.278575 -0.0731433 0.244249 255 0 0
0.203239 0.258691 0.0861995 255 0 0
-0.00878228 -0.277518 0.315757 255 0 0
-0.0667367 0.289807 0.299241 255 0 0
0.268761 -0.294397 -0.0235022 255 0 0
0.261158 -0.348285 -0.117006 255 0 0
0.253812 -0.220841 -0.0291763 255 0 0
-0.0361219 -0.279432 0.297116 255 0 0
0.362467 0.0857436 0.176718 255 0 0
0.195436 -0.199679 0.369512 255 0 0
-0.136389 0.216395 0.380828 255 0 0
-0.292446 0.265416 0.157926 255 0 0
0.266674 -0.113004 0.032912 255 0 0
-0.072056 -0.284336 0.0333251 255 0 0
0.337709 -0.127745 0.168395 255 0 0
-0.191162 0.204343 0.367127 255 0 0
-0.231191 0.0354641 0.436593 255 0 0
0.391207 0.0359451 0.0486228 255 0 0
0.341755 0.0565912 0.00514328 255 0 0
-0.0234176 -0.193635 -0.165462 255 0 0
-0.332708 -0.0770158 0.130475 255 0 0
0.260807 -0.376846 -0.0833722 255 0 0
-0.307177 0.215776 0.14978 255 0 0
0.237464 -0.404461 0.00564663 255 0 0
-0.287133 0.108366 -0.0229725 255 0 0
-0.0256478 -0.405137 -0.029994 255 0 0
0.345527 0.232855 0.11351 255 0 0
-0.167566 -0.234353 0.233331 255 0 0
0.198042 0.0112534 0.521578 255 0 0
0.160586 0.281665 0.347773 255 0 0
0.0685752 -0.0671718 -0.0492433 255 0 0
0.0567156 0.270172 0.358998 255 0 0
-0.0147221 0.169848 0.111857 255 0 0
-0.139886 0.212714 0.123455 255 0 0
0.273876 -0.0786229 0.0267942 255 0 0
-0.249821 0.40409 0.0888324 255 0 0
0.112458 0.34435 0.18371 255 0 0
-0.116864 0.264018 0.322529 255 0 0
0.239889 0.233242 0.380634 255 0 0
-0.265712 0.269272 0.235339 255 0 0
-0.166514 0.250291 0.0927856 255 0 0
-0.121104 -0.154855 0.432244 255 0 0
0.162741 0.00301897 -0.0235546 255 0 0
0.075826 0.207033 0.132979 255 0 0
0.209808 0.0100456 0.509071 255 0 0
-0.075788 0.15631 0.119117 255 0 0
-0.168589 -0.0757899 0.429234 255 0 0
-0.0922313 -0.067645 0.530614 255 0 0
0.256858 -0.123229 0.333449 255 0 0
-0.168756 -0.0897751 0.397408 255 0 0
-0.206026 -0.0394609 0.383743 255 0 0
-0.018904 0.0342604 0.0689736 255 0 0
0.16876 -0.108727 -0.148243 255 0 0
-0.0629752 0.309735 0.273729 255 0 0
0.12226 -0.436804 -0.179127 255 0 0
-0.329465 0.0814825 -0.00832268 255 0 0
-0.282389 0.163559 0.261756 255 0 0
0.0983897 -0.237868 0.389514 255 0 0
0.0518513 -0.0722804 -0.120909 255 0 0
-0.113825 0.0183909 0.546626 255 0 0
0.308533 0.049063 0.237265 255 0 0
-0.00435458 0.00518508 0.585079 255 0 0
0.0877426 -0.239395 0.390471 255 0 0
0.217851 0.0181264 0.501135 255 0 0
-0.277074 0.262113 0.123511 255 0 0
-0.340145 -0.0523363 0.0677252 255 0 0
0.1522 -0.195197 -0.174838 255 0 0
0.266475 0.0766369 -0.00300347 255 0 0
-0.0942235 -0.1903 0.059392 255 0 0
0.249771 -0.107298 -0.0812553 255 0 0
0.292193 -0.219779 0.11637 255 0 0
0.156227 0.143993 0.526592 255 0 0
-0.167369 -0.250533 0.194799 255 0 0
-0.152682 -0.17383 0.0885975 255 0 0
-0.101288 -0.08351 0.0706166 255 0 0
0.076311 -0.384267 0.140328 255 0 0
-0.0294615 0.17463 0.464644 255 0 0
-0.0381893 0.153752 0.10834 255 0 0
0.332222 0.234584 0.229979 255 0 0
-0.292318 0.28356 0.169994 255 0 0
-0.00908424 -0.203738 0.449116 255 0 0
0.216581 0.088092 0.0488724 255 0 0
0.249336 -0.226132 0.260295 255 0 0
-0.199771 0.376074 0.153555 255 0 0
0.183844 0.197654 0.0859058 255 0 0
0.0511092 -0.0773235 0.55698 255 0 0
0.132319 0.230205 0.115509 255 0 0
-0.215698 -0.0459698 0.341537 255 0 0
-0.16372 0.270157 0.0809858 255 0 0
0.150668 -0.453753 0.0356195 255 0 0
-0.0137394 -0.089725 -0.1349 255 0 0
0.0562631 0.357557 0.225741 255 0 0
-0.196808 0.0122164 0.461442 255 0 0
0.349653 0.0815413 0.194946 255 0 0
-0.182338 0.157792 0.444555 255 0 0
0.0178529 0.108522 0.560832 255 0 0
-0.240578 0.0661094 -0.0410253 255 0 0
0.082431 -0.310281 0.262872 255 0 0
0.281237 0.0292 0.30687 255 0 0
0.00307531 -0.0703157 -0.0784582 255 0 0
-0.0558531 -0.344259 0.0232443 255 0 0
0.179466 -0.202533 -0.163382 255 0 0
-0.182256 0.0945268 0.0671143 255 0 0
0.319874 0.0615916 0.229948 255 0 0
0.326041 0.210408 0.282176 255 0 0
0.0895476 0.294215 0.335783 255 0 0
-0.0390628 -0.0566459 0.560553 255 0 0
-0.0806237 -0.172662 0.0501142 255 0 0
0.223774 -0.353839 0.0877011 255 0 0
-0.247223 0.0213342 0.408822 255 0 0
0.190986 -0.385009 -0.1935 255 0 0
0.151137 -0.363057 0.156143 255 0 0
0.103767 -0.0784387 0.54729 255 0 0
0.274618 0.112154 0.0270471 255 0 0
-0.0663019 0.135282 0.511535 255 0 0
-0.152749 0.199989 0.39794 255 0 0
-0.020705 -0.211251 -0.166592 255 0 0
-0.261279 0.326558 0.197541 255 0 0
0.208525 0.205332 0.0711173 255 0 0
-0.341439 0.0643582 0.00538747 255 0 0
-0.207184 -0.162262 0.111463 255 0 0
-0.0370748 -0.379045 0.010707 255 0 0
-0.310582 -0.0338909 -0.0118678 255 0 0
0.307824 0.0834397 0.336375 255 0 0
-0.219622 0.135876 0.0152702 255 0 0
-0.0307935 -0.223643 -0.159744 255 0 0
-0.0923565 0.263321 0.328994 255 0 0
-0.0317934 0.169099 0.471864 255 0 0
0.328919 0.0592314 -6.85524e-05 255 0 0
0.0338764 -0.394519 0.104117 255 0 0
0.00270522 0.336965 0.0747018 255 0 0
-0.0849962 0.144413 0.118093 255 0 0
0.112689 -0.185457 -0.181262 255 0 0
0.0715858 -0.180251 -0.184025 255 0 0
0.101657 -0.134429 0.513084 255 0 0
-0.373456 0.0362668 0.118877 255 0 0
0.36851 -0.0612429 0.149347 255 0 0
0.385198 0.000154906 0.0621336 255 0 0
-0.0189849 -0.416713 -0.0658657 255 0 0
-0.0382107 -0.313867 -0.146753 255 0 0
-0.170213 0.262389 0.0853158 255 0 0
0.336941 0.170092 0.291985 255 0 0
0.0800583 0.343055 0.152479 255 0 0
-0.180993 -0.0953444 0.0823387 255 0 0
0.0909128 -0.176035 0.479506 255 0 0
0.280061 0.036948 0.358377 255 0 0
0.342406 0.0974862 0.218987 255 0 0
0.287066 0.0485292 -0.0151198 255 0 0
-0.173783 0.0432019 0.0640827 255 0 0
-0.287659 0.261471 0.204957 255 0 0
0.26831 0.0415737 0.408532 255 0 0
0.206523 -0.450409 -0.00553421 255 0 0
0.264111 -0.364485 -0.0547889 255 0 0
-0.0123393 0.343002 0.243781 255 0 0
-0.35214 0.00836892 0.226353 255 0 0
-0.0525053 0.0569824 0.0828619 255 0 0
0.0874253 -0.173153 -0.180497 255 0 0
-0.373648 0.0773353 0.129112 255 0 0
0.00779235 -0.444036 -0.0879563 255 0 0
-0.0848567 -0.31948 0.107001 255 0 0
-0.152422 -0.130682 0.364664 255 0 0
-0.286627 0.101066 0.376169 255 0 0
-0.118084 -0.265494 0.243914 255 0 0
0.367489 0.150934 0.169622 255 0 0
0.235774 -0.194505 0.31413 255 0 0
0.0170625 0.25449 0.0899223 255 0 0
0.187878 -0.0950486 0.488673 255 0 0
-0.0380887 0.24016 0.0773229 255 0 0
0.245173 0.0311048 0.459758 255 0 0
-0.352983 -0.0259838 0.161862 255 0 0
-0.127327 0.0672956 0.11616 255 0 0
0.351108 0.181678 0.24941 255 0 0
-0.0671123 -0.228223 0.0134489 255 0 0
-0.161821 -0.127071 0.322606 255 0 0
-0.295565 0.139849 0.268824 255 0 0
0.0431266 0.0935574 0.0832372 255 0 0
0.35826 0.132416 0.207314 255 0 0
0.33311 0.176767 0.296927 255 0 0
0.348767 -0.0458099 0.191943 255 0 0
-0.189061 -0.164918 0.275322 255 0 0
-0.0947812 -0.224787 0.060475 255 0 0
-0.153286 0.188695 0.413583 255 0 0
0.122518 -0.413213 0.0955409 255 0 0
0.255742 0.0933581 0.45326 255 0 0
0.147178 -0.18249 0.444445 255 0 0
-0.129403 -0.252886 0.0941468 255 0 0
0.166406 -0.489174 -0.0560859 255 0 0
0.162746 0.251985 0.404961 255 0 0
-0.0595653 0.238867 0.368964 255 0 0
0.252582 -0.0990963 -0.0324032 255 0 0
0.246841 0.0671134 0.465835 255 0 0
-0.232483 -0.031057 0.352861 255 0 0
0.052186 -0.21284 0.440758 255 0 0
-0.121079 0.0338966 0.113121 255 0 0
0.0925035 -0.358432 0.183981 255 0 0
0.28169 0.059731 -0.0119235 255 0 0
-0.157653 0.148794 0.466717 255 0 0
-0.122591 -0.213425 0.0759415 255 0 0
0.221396 -0.0271146 0.48241 255 0 0
-0.304802 0.0715137 -0.0337772 255 0 0
0.0447621 -0.450531 -0.145644 255 0 0
0.175021 -0.425345 -0.176257 255 0 0
0.189231 -0.000483024 -0.0438675 255 0 0
0.270085 0.167081 0.0563995 255 0 0
-0.365404 0.0570363 0.0823626 255 0 0
-0.0140709 -0.337273 0.195636 255 0 0
0.0329618 -0.386 -0.195635 255 0 0
-0.343968 -0.0416141 0.0702285 255 0 0
-0.103399 -0.12798 0.0670715 255 0 0
0.26516 0.0752227 0.433952 255 0 0
-0.268638 0.304087 0.100961 255 0 0
0.29988 0.274589 0.193499 255 0 0
-0.235299 -0.146708 0.102134 255 0 0
-0.116926 0.109116 0.120589 255 0 0
0.0650454 -0.0663538 -0.0636997 255 0 0
0.322284 0.189663 0.31013 255 0 0
0.188348 -0.443767 0.0266827 255 0 0
-0.183319 -0.0677939 0.382819 255 0 0
-0.112284 -0.0102753 0.5419 255 0 0
0.248371 0.191323 0.424119 255 0 0
-0.262052 0.139239 -0.00472433 255 0 0
-0.0279454 -0.11722 -0.149482 255 0 0
-0.0712221 -0.248266 -0.0911982 255 0 0
-0.118913 0.148303 0.478903 255 0 0
0.151818 -0.207447 0.406034 255 0 0
0.0292778 -0.406238 -0.179622 255 0 0
0.343608 -0.12201 0.136413 255 0 0
-0.0632873 0.171332 0.460416 255 0 0
-0.0805292 0.127673 0.109579 255 0 0
0.131994 0.290164 0.124818 255 0 0
0.205343 0.138738 0.502407 255 0 0
0.307458 -0.0831835 0.229758 255 0 0
-0.240436 0.359639 0.164363 255 0 0
-0.123954 0.0956446 0.12017 255 0 0
-0.177761 0.101581 0.085357 255 0 0
-0.21739 -0.0184928 -0.0150451 255 0 0
0.262553 -0.31161 0.017049 255 0 0
0.324835 -0.1375 0.192703 255 0 0
0.16624 0.277594 0.108617 255 0 0
0.156671 0.224751 0.100845 255 0 0
-0.0629806 -0.211522 0.413272 255 0 0
-0.316252 0.058328 0.331272 255 0 0
0.289666 -0.209701 0.204815 255 0 0
-0.080545 -0.222001 0.373514 255 0 0
0.250667 -0.121197 0.356087 255 0 0
0.303641 -0.204656 0.145004 255 0 0
-0.277044 0.0730804 0.397848 255 0 0
0.110199 -0.273535 0.317208 255 0 0
0.00578979 0.288885 0.0684928 255 0 0
-0.0686433 -0.0977095 0.525219 255 0 0
0.0729939 -0.264954 0.346804 255 0 0
0.0891508 -0.066497 -0.0733754 255 0 0
0.0492198 0.00561535 0.585849 255 0 0
0.266208 0.264003 0.271602 255 0 0
0.155246 0.0110307 0.000150946 255 0 0
-0.0141106 0.0130076 0.0588759 255 0 0
-0.0387231 -0.215801 0.420969 255 0 0
0.234066 0.018227 0.477226 255 0 0
0.245175 -0.154883 0.335992 255 0 0
0.0437157 -0.183213 -0.184747 255 0 0
-0.235669 -0.155376 0.114782 255 0 0
-0.120534 -0.173933 0.0735673 255 0 0
0.358553 -0.0888489 0.146079 255 0 0
-0.218532 -0.191893 0.219996 255 0 0
-0.0844838 0.225335 0.381398 255 0 0
-0.0510652 -0.34029 -0.061551 255 0 0
0.354696 0.131109 0.221899 255 0 0
0.00598814 0.313002 0.0687299 255 0 0
0.29577 0.0953687 0.378919 255 0 0
0.247477 -0.297145 -0.146862 255 0 0
-0.335635 0.0509396 -0.00790924 255 0 0
-0.0742105 0.365365 0.0596518 255 0 0
-0.143149 -0.204214 0.0872805 255 0 0
0.0411379 0.269221 0.097174 255 0 0
0.00019908 -0.0748987 -0.0590766 255 0 0
-0.0185769 -0.0791873 0.553051 255 0 0
0.261313 -0.0628388 0.353797 255 0 0
0.177056 0.139013 0.520449 255 0 0
0.0744625 0.180522 0.483723 255 0 0
0.280557 0.0210304 0.264847 255 0 0
0.107641 -0.476309 -0.136941 255 0 0
0.20057 -0.261628 -0.187955 255 0 0
-0.257972 0.211642 0.264645 255 0 0
0.153608 -0.391304 -0.202854 255 0 0
-0.0263052 0.343303 0.239985 255 0 0
-0.0227738 0.337462 0.0603183 255 0 0
0.106661 -0.0538683 -0.0299666 255 0 0
-0.0262667 0.20501 0.111448 255 0 0
-0.0292477 0.383905 0.147093 255 0 0
0.233411 0.0938663 0.0319651 255 0 0
0.151887 -0.0304039 -0.0628225 255 0 0
-0.200001 0.259073 0.291972 255 0 0
-0.332468 -0.0838721 0.106733 255 0 0
-0.214755 0.189264 0.366284 255 0 0
0.187051 -0.159024 0.436055 255 0 0
0.0750492 0.125509 0.103934 255 0 0
-0.179399 0.19841 0.386793 255 0 0
-0.218426 0.366306 0.161546 255 0 0
0.285363 0.0365921 -0.018181 255 0 0
0.229381 -0.324194 0.118373 255 0 0
-0.329267 0.0314281 -0.016403 255 0 0
0.323689 -0.149568 0.184856 255 0 0
-0.136548 -0.0902256 0.477443 255 0 0
-0.325269 0.0427626 0.308546 255 0 0
0.303791 0.0389523 -0.0126267 255 0 0
-0.157964 -0.0413535 0.482175 255 0 0
-0.112502 0.381922 0.0729321 255 0 0
-0.152004 0.391617 0.0631362 255 0 0
-0.277383 0.223735 0.109309 255 0 0
-0.00348464 -0.350746 0.172807 255 0 0
-0.259074 -0.0981116 0.25097 255 0 0
0.207251 -0.358286 0.107533 255 0 0
-0.302396 0.0987679 -0.0219828 255 0 0
-0.172719 0.220174 0.105281 255 0 0
0.106655 -0.334396 0.220271 255 0 0
0.137232 0.305751 0.134484 255 0 0
0.0659125 0.0962841 0.0878832 255 0 0
-0.117187 0.387641 0.131396 255 0 0
0.29974 0.19258 0.0608941 255 0 0
0.0307971 -0.385567 0.121051 255 0 0
-0.0180607 0.123773 0.539626 255 0 0
-0.219004 -0.19014 0.15862 255 0 0
0.257664 0.160975 0.434271 255 0 0
-0.0792176 0.384524 0.0853529 255 0 0
-0.071526 0.20742 0.408716 255 0 0
-0.0300803 0.383658 0.108215 255 0 0
-0.227544 0.22071 0.295047 255 0 0
0.190796 -0.180457 0.404244 255 0 0
-0.0416652 0.302089 0.0475326 255 0 0
0.0196823 0.310198 0.077364 255 0 0
-0.110856 0.331169 0.0467464 255 0 0
0.197306 -0.0433796 0.50601 255 0 0
0.0809819 0.00578751 0.0317595 255 0 0
0.12301 -0.382528 0.138671 255 0 0
-0.308523 0.0260763 -0.0354246 255 0 0
0.0415169 0.209811 0.126439 255 0 0
0.10175 -0.495576 -0.077418 255 0 0
-0.296961 -0.105344 0.0435526 255 0 0
0.284622 0.0923304 0.00765247 255 0 0
-0.136243 -0.170739 0.335854 255 0 0
0.032774 0.254514 0.100195 255 0 0
-0.0968544 -0.307695 0.105779 255 0 0
0.0285604 -0.313635 0.258054 255 0 0
0.323261 0.252118 0.209547 255 0 0
0.082154 -0.444448 -0.170349 255 0 0
-0.0876438 0.161009 0.468753 255 0 0
-0.0326261 0.353682 0.0640201 255 0 0
-0.353869 -0.00149226 0.0671373 255 0 0
-0.296546 0.125496 0.3035 255 0 0
-0.205554 0.17116 0.410818 255 0 0
-0.124909 0.294451 0.278897 255 0 0
-0.34677 0.11663 0.0550234 255 0 0
0.238894 -0.282372 0.187448 255 0 0
0.34531 0.126282 0.256512 255 0 0
-0.0657245 0.113174 0.0989386 255 0 0
-0.171268 -0.0295894 0.469725 255 0 0
0.0303884 -0.342468 -0.216921 255 0 0
0.0118313 -0.427451 -0.140107 255 0 0
0.217364 -0.035064 0.485317 255 0 0
0.0635282 -0.131299 0.52399 255 0 0
0.267298 -0.337683 -0.0346565 255 0 0
-0.0431244 -0.0971411 -0.0950839 255 0 0
-0.327362 0.176753 0.112394 255 0 0
-0.016754 -0.418207 -0.0810731 255 0 0
-0.0200589 -0.0155294 0.57899 255 0 0
0.224507 -0.0470213 -0.0694958 255 0 0
-0.316232 0.194461 0.124268 255 0 0
-0.347774 0.0778567 0.0259816 255 0 0
0.166876 -0.000789814 -0.0332392 255 0 0
-0.206217 -0.141394 0.0944635 255 0 0
0.229635 -0.316933 0.13204 255 0 0
-0.0284689 0.10071 0.559187 255 0 0
0.136806 0.267549 0.114397 255 0 0
-0.308622 -0.0664411 0.0100488 255 0 0
0.27465 0.0389245 0.38489 255 0 0
0.239122 -0.393343 -0.144768 255 0 0
-0.294887 0.247779 0.157419 255 0 0
0.0441476 0.0304122 0.0532768 255 0 0
-0.0217183 -0.386717 0.0417185 255 0 0
-0.354945 -0.0031936 0.205615 255 0 0
-0.0658924 -0.198167 0.0163051 255 0 0
0.34014 0.1057 0.0289533 255 0 0
-0.019618 -0.131852 -0.162875 255 0 0
-0.0378178 0.164273 0.477193 255 0 0
0.151314 -0.323047 0.216404 255 0 0
0.13034 0.0594116 0.0821875 255 0 0
-0.0419676 0.287677 0.0490133 255 0 0
0.329371 0.116071 0.306697 255 0 0
0.10228 0.0992874 0.56941 255 0 0
0.219066 -0.250992 0.265795 255 0 0
-0.228801 0.0441582 -0.0389817 255 0 0
0.390415 0.101823 0.0856056 255 0 0
0.251988 -0.400293 -0.0950928 255 0 0
-0.179092 -0.202529 0.114714 255 0 0
-0.244753 -0.142481 0.0960183 255 0 0
-0.00726391 0.160171 0.107422 255 0 0
0.134737 0.0058003 0.563737 255 0 0
0.267449 -0.0326864 -0.0150406 255 0 0
0.128583 -0.330576 -0.228515 255 0 0
0.25096 -0.151618 -0.0788619 255 0 0
0.0225621 0.293617 0.0779434 255 0 0
0.130406 0.200733 0.472647 255 0 0
0.267616 0.294899 0.186488 255 0 0
0.0659406 0.350613 0.241952 255 0 0
0.176601 0.160519 0.103758 255 0 0
-0.00552885 -0.0987267 -0.150747 255 0 0
-0.10398 0.193304 0.420194 255 0 0
0.141437 -0.41848 -0.18989 255 0 0
0.320291 -0.172165 0.149256 255 0 0
-0.176226 -0.0786167 0.386728 255 0 0
-0.11754 0.347241 0.0502951 255 0 0
0.359984 0.215051 0.131644 255 0 0
-0.054222 0.180936 0.449474 255 0 0
0.219021 -0.237496 0.285462 255 0 0
0.264085 -0.32653 -0.112988 255 0 0
0.0853786 -0.228223 0.410424 255 0 0
-0.0852602 0.192686 0.425469 255 0 0
-0.125749 -0.0716586 0.502276 255 0 0
-0.155854 0.211448 0.117149 255 0 0
-0.180698 0.150314 0.0998673 255 0 0
-0.336655 0.170573 0.129805 255 0 0
0.177041 -0.480037 -0.0323176 255 0 0
0.234963 0.260261 0.081753 255 0 0
0.145416 0.220416 0.108815 255 0 0
0.0371077 0.205837 0.437848 255 0 0
-0.258898 -0.156173 0.205452 255 0 0
0.33561 0.0956779 0.240086 255 0 0
0.105922 -0.119377 0.522759 255 0 0
0.201022 -0.44973 0.0033456 255 0 0
0.261483 -0.0641978 -0.00313361 255 0 0
0.263467 -0.335154 -0.00556534 255 0 0
-0.212681 0.313752 0.232677 255 0 0
0.350323 0.228429 0.191813 255 0 0
0.229078 0.221503 0.410128 255 0 0
-0.0335643 0.00711111 0.580965 255 0 0
0.330369 0.142747 0.0585117 255 0 0
-0.0162107 -0.305693 -0.196026 255 0 0
-0.0256189 -0.136874 0.513312 255 0 0
-0.368101 0.0872599 0.169567 255 0 0
-0.232298 0.191899 0.323112 255 0 0
-0.0477993 -0.341722 0.149235 255 0 0
-0.089203 0.0826926 0.102232 255 0 0
0.237836 -0.013363 -0.0388326 255 0 0
-0.185718 0.37778 0.0498527 255 0 0
0.165279 -0.488214 -0.0868748 255 0 0
0.288163 -0.170172 0.241773 255 0 0
0.112743 -0.026604 0.000325815 255 0 0
0.127082 -0.287276 0.284483 255 0 0
-0.0990345 -0.309456 0.151414 255 0 0
-0.137734 -0.265802 0.21846 255 0 0
-0.0483132 0.37679 0.0789922 255 0 0
0.181592 0.120159 0.525845 255 0 0
-0.159341 -0.225735 0.253745 255 0 0
0.0071277 -0.245626 -0.1894 255 0 0
0.0235925 -0.173811 0.489058 255 0 0
0.017784 0.348303 0.0947823 255 0 0
-0.230255 -0.132656 0.0814899 255 0 0
-0.0422907 0.0599937 0.576743 255 0 0
-0.119773 0.128885 0.126719 255 0 0
-0.229872 0.162101 0.0381116 255 0 0
-0.256311 -0.122722 0.24306 255 0 0
0.0784071 -0.286571 0.304027 255 0 0
-0.328959 0.0732749 -0.0120552 255 0 0
-0.194251 0.102315 0.479873 255 0 0
0.199971 -0.158604 0.420004 255 0 0
0.230198 -0.247509 0.257951 255 0 0
-0.139415 -0.0383421 0.506484 255 0 0
-0.138455 -0.222371 0.0880361 255 0 0
-0.14456 -0.237036 0.255318 255 0 0
0.365865 -0.0681487 0.112226 255 0 0
-0.0242556 -0.187792 0.465463 255 0 0
-0.285007 -0.139921 0.167495 255 0 0
-0.00923885 -0.378627 -0.166326 255 0 0
0.00469578 -0.414909 -0.146967 255 0 0
0.155765 0.123132 0.12262 255 0 0
0.249682 -0.160301 -0.00722893 255 0 0
-0.344533 0.109965 0.208497 255 0 0
0.308316 -0.106062 0.0653303 255 0 0
0.20921 -0.305171 0.191771 255 0 0
-0.237212 0.0262151 -0.0432207 255 0 0
0.214899 -0.212442 0.324308 255 0 0
0.0954284 -0.154508 0.498521 255 0 0
0.347277 0.124999 0.246848 255 0 0
0.146745 0.117965 0.54498 255 0 0
0.0432157 0.232873 0.403707 255 0 0
-0.136518 0.226894 0.366657 255 0 0
-0.242839 0.383059 0.0591336 255 0 0
-0.0108339 0.317605 0.277298 255 0 0
0.355666 -0.0226723 0.0464488 255 0 0
-0.134781 0.198741 0.131539 255 0 0
-0.158924 0.122814 0.11825 255 0 0
0.00468879 0.0281308 0.0611961 255 0 0
-0.331739 -0.0450779 0.193028 255 0 0
-0.178958 0.412566 0.0818741 255 0 0
0.263495 -0.2993 -0.110593 255 0 0
-0.0601779 0.230761 0.379771 255 0 0
-0.0108394 0.14123 0.0986705 255 0 0
0.0950161 -0.0686462 0.554328 255 0 0
-0.101399 -0.302441 0.18216 255 0 0
-0.0792458 -0.210397 -0.091163 255 0 0
0.0910686 -0.342293 0.211208 255 0 0
-0.0177815 0.3675 0.203382 255 0 0
-0.371764 0.0853705 0.152478 255 0 0
0.0623207 0.320307 0.114784 255 0 0
-0.104991 -0.238689 0.294566 255 0 0
-0.321059 -0.0110518 0.267174 255 0 0
0.400331 0.0692288 0.128931 255 0 0
0.21776 0.290722 0.260682 255 0 0
0.0260833 0.276819 0.0838179 255 0 0
-0.238473 0.17443 0.354219 255 0 0
-0.272358 0.102238 0.400295 255 0 0
0.230405 -0.437699 -0.0988611 255 0 0
0.273824 0.0856826 0.419072 255 0 0
-0.337183 -0.0371034 0.0368004 255 0 0
-0.111658 0.171509 0.448258 255 0 0
0.0344544 0.340567 0.102964 255 0 0
-0.0812673 0.384204 0.142413 255 0 0
0.263282 -0.00865127 0.374087 255 0 0
0.0858045 0.345317 0.162369 255 0 0
0.0236021 0.155391 0.506656 255 0 0
-0.0134054 -0.268644 -0.184112 255 0 0
-0.0769003 -0.308393 0.0605953 255 0 0
-0.136415 0.394587 0.115023 255 0 0
0.166047 -0.329544 0.196517 255 0 0
0.145968 0.228552 0.439128 255 0 0
0.165496 0.0712547 0.549041 255 0 0
0.243142 -0.411003 -0.0197509 255 0 0
0.0744576 -0.207968 0.444156 255 0 0
0.368253 0.1257 0.157589 255 0 0
0.0504292 -0.403815 0.0974621 255 0 0
-0.208813 0.150429 0.053657 255 0 0
0.0637022 -0.19466 0.464326 255 0 0
0.252194 -0.100168 0.371387 255 0 0
0.317957 0.0764092 0.00187008 255 0 0
-0.188291 0.14848 0.452844 255 0 0
0.178202 -0.214763 -0.172629 255 0 0
-0.0422243 -0.305205 -0.134441 255 0 0
-0.0611429 -0.127634 -0.103506 255 0 0
-0.249936 0.271418 0.250175 255 0 0
0.024588 -0.254981 -0.213235 255 0 0
0.290315 0.271144 0.10527 255 0 0
-0.191539 0.217661 0.34409 255 0 0
-0.346421 0.126837 0.19003 255 0 0
-0.112656 -0.239875 0.0751042 255 0 0
0.142125 0.0762835 0.561512 255 0 0
-0.19117 -0.0631333 0.35825 255 0 0
-0.0260315 -0.361309 0.119307 255 0 0
0.177959 0.0190031 -0.0168741 255 0 0
0.241948 0.308261 0.177579 255 0 0
0.131825 -0.430368 0.0711668 255 0 0
0.0327892 -0.301033 -0.23114 255 0 0
0.0447645 -0.389776 0.120909 255 0 0
-0.149003 -0.024086 0.502402 255 0 0
-0.139741 0.383441 0.0632286 255 0 0
-0.0887761 -0.0743936 0.0606417 255 0 0
-0.136164 0.185744 0.133868 255 0 0
-0.283555 -0.143077 0.140756 255 0 0
0.26398 -0.313492 -0.112573 255 0 0
0.0467227 0.202746 0.128565 255 0 0
-0.0322543 0.226293 0.392776 255 0 0
0.258659 -0.222941 0.00212538 255 0 0
0.233141 -0.249679 -0.138757 255 0 0
0.194942 -0.243411 0.303483 255 0 0
0.194786 0.258613 0.379246 255 0 0
-0.0360252 0.367015 0.200237 255 0 0
0.252912 -0.133662 -0.0745548 255 0 0
-0.357053 0.0980311 0.0709994 255 0 0
-0.287988 0.358519 0.123618 255 0 0
0.0254061 -0.0743605 -0.0203411 255 0 0
0.273936 0.128271 0.0415111 255 0 0
0.0757953 -0.0676447 -0.0874089 255 0 0
-0.0575511 -0.115928 0.0288959 255 0 0
-0.355925 0.132124 0.155328 255 0 0
-0.301674 0.11986 -0.00922687 255 0 0
0.385814 -0.0201418 0.137922 255 0 0
-0.122872 -0.257738 0.250527 255 0 0
0.361534 0.21528 0.168136 255 0 0
0.226208 -0.363811 -0.176358 255 0 0
0.152764 -0.371482 -0.211426 255 0 0
-0.225599 -0.158158 0.250717 255 0 0
0.384048 0.000291697 0.155654 255 0 0
0.174198 0.16957 0.50143 255 0 0
-0.289939 0.346313 0.140713 255 0 0
0.308191 0.0755433 0.321819 255 0 0
-0.329495 0.177149 0.176153 255 0 0
-0.0334664 -0.227142 0.40401 255 0 0
-0.0743759 -0.158523 -0.0628769 255 0 0
-0.0665828 0.351844 0.0524341 255 0 0
0.0891722 0.158821 0.516725 255 0 0
-0.244394 0.062323 0.434562 255 0 0
-0.166736 0.11946 0.110589 255 0 0
0.0178709 0.158346 0.108313 255 0 0
-0.110779 -0.221051 0.312641 255 0 0
0.264447 0.114574 0.0335194 255 0 0
0.29086 -0.0316653 0.240879 255 0 0
0.253169 -0.2595 0.206081 255 0 0
-0.337932 -0.064038 0.0762134 255 0 0
0.257247 0.255157 0.0773009 255 0 0
-0.159829 -0.0263857 0.0947861 255 0 0
-0.263945 -0.0496998 -0.0212316 255 0 0
0.196305 -0.0587688 -0.104351 255 0 0
-0.373272 0.0272171 0.125949 255 0 0
-0.280239 0.224681 0.233393 255 0 0
-0.0896203 0.181688 0.439415 255 0 0
-0.210799 0.38584 0.0501492 255 0 0
0.358363 0.152785 0.0955459 255 0 0
-0.165372 -0.149149 0.0926835 255 0 0
-0.0857033 -0.230039 0.345297 255 0 0
-0.213801 -0.0825678 0.0311069 255 0 0
-0.091761 -0.3146 0.116695 255 0 0
-0.185494 -0.183593 0.110581 255 0 0
0.195952 -0.280482 0.24477 255 0 0
-0.200082 -0.0416716 0.393921 255 0 0
0.0161521 -0.448828 -0.0369785 255 0 0
0.285678 0.273145 0.222821 255 0 0
0.107598 0.0886239 0.0967462 255 0 0
-0.0633109 0.181661 0.446073 255 0 0
0.2569 -0.123829 0.0190511 255 0 0
0.32524 -0.0307673 0.213655 255 0 0
-0.323 -0.0361372 0.223578 255 0 0
-0.00809807 0.0186482 0.585932 255 0 0
-0.065676 -0.274126 -0.067247 255 0 0
0.189363 -0.247298 -0.191271 255 0 0
0.192761 -0.307069 0.207259 255 0 0
0.0865786 -0.15741 0.498549 255 0 0
0.12901 -0.397076 -0.203957 255 0 0
-0.27623 -0.0588083 -0.0129469 255 0 0
0.267115 -0.208391 0.0402749 255 0 0
0.141129 0.34013 0.221474 255 0 0
0.273804 0.0199275 0.351278 255 0 0
0.123682 -0.0491816 0.552794 255 0 0
0.276754 -0.0662207 0.26945 255 0 0
-0.35801 0.12561 0.110876 255 0 0
0.300497 -0.155458 0.227799 255 0 0
0.203655 0.234534 0.0768898 255 0 0
0.0635053 -0.208606 0.445048 255 0 0
-0.217758 -0.152436 0.106326 255 0 0
0.128781 -0.344816 -0.224515 255 0 0
-0.0359733 0.199377 0.428792 255 0 0
-0.0331641 -0.127835 -0.151213 255 0 0
-0.274984 0.244735 0.2336 255 0 0
-0.0441447 -0.356964 -0.0813518 255 0 0
-0.0256305 0.357885 0.219102 255 0 0
0.265494 -0.293193 0.00947727 255 0 0
-0.0016549 0.14732 0.101344 255 0 0
-0.0585697 0.0151182 0.575371 255 0 0
0.138445 -0.356501 0.173432 255 0 0
-0.239502 0.00284601 0.399541 255 0 0
0.128749 0.247094 0.409078 255 0 0
0.110829 -0.358962 -0.221608 255 0 0
-0.339389 0.133206 0.0559183 255 0 0
-0.162652 -0.11594 0.336469 255 0 0
0.0607545 -0.471308 -0.0171349 255 0 0
0.181791 -0.391032 0.0963241 255 0 0
0.233106 -0.165891 0.351094 255 0 0
0.244979 -0.0843994 -0.0753709 255 0 0
-0.222875 0.410609 0.0682206 255 0 0
0.305844 0.186982 0.343127 255 0 0
-0.0675538 -0.0787932 0.537686 255 0 0
-0.2445 0.292571 0.0870172 255 0 0
-0.0639869 -0.251604 0.327906 255 0 0
0.234337 -0.417933 -0.00533573 255 0 0
0.125347 -0.1823 -0.177069 255 0 0
0.0887917 -0.284771 0.304779 255 0 0
-0.292231 0.122274 0.333004 255 0 0
0.116401 -0.358696 0.178438 255 0 0
-0.250984 0.397657 0.10666 255 0 0
-0.331923 -0.034417 0.0193439 255 0 0
0.0413293 0.253753 0.105805 255 0 0
-0.292232 0.324162 0.149943 255 0 0
-0.255289 0.176594 0.297719 255 0 0
0.0777317 -0.382591 -0.210639 255 0 0
-0.0125529 -0.368366 0.118394 255 0 0
-0.194051 -0.138133 0.283153 255 0 0
-0.187006 -0.196187 0.119096 255 0 0
0.0929095 0.264875 0.376363 255 0 0
-0.349632 0.0473569 0.248675 255 0 0
0.264963 -0.246539 0.205282 255 0 0
0.23387 -0.403566 0.014575 255 0 0
0.351778 0.104258 0.0339449 255 0 0
-0.0649332 0.381345 0.0797924 255 0 0
0.0753385 -0.0465619 0.00199088 255 0 0
0.0563536 -0.453484 -0.150036 255 0 0
0.0476631 -0.281071 0.318478 255 0 0
0.295322 -0.164361 0.0751309 255 0 0
0.0519078 -0.133223 -0.177416 255 0 0
0.297579 -0.215535 0.144228 255 0 0
0.019184 0.360694 0.11185 255 0 0
-0.126287 0.352157 0.200949 255 0 0
0.0875467 0.326402 0.138529 255 0 0
0.228946 0.0949687 0.49035 255 0 0
0.178375 -0.0595972 -0.109389 255 0 0
0.302088 0.276654 0.179053 255 0 0
-0.182362 0.307329 0.0666015 255 0 0
-0.371401 0.0899512 0.129158 255 0 0
0.0680217 0.283254 0.110866 255 0 0
0.0687743 0.155136 0.517283 255 0 0
0.252804 -0.115822 -0.0361154 255 0 0
0.0836396 0.0857987 0.0869573 255 0 0
0.363913 0.0141606 0.182764 255 0 0
-0.0264461 -0.143432 -0.161892 255 0 0
0.159817 0.318037 0.148264 255 0 0
-0.0559733 -0.202519 0.432373 255 0 0
-0.353351 -0.0287121 0.147258 255 0 0
0.12492 -0.16698 -0.171531 255 0 0
0.262279 -0.284073 0.0566261 255 0 0
-0.247524 0.233653 0.0957924 255 0 0
-0.292136 0.274927 0.180447 255 0 0
0.267722 -0.0715099 0.300163 255 0 0
-0.119337 0.28772 0.289679 255 0 0
0.286528 0.219223 0.341251 255 0 0
0.285683 0.202468 0.362568 255 0 0
0.0771439 0.220745 0.429616 255 0 0
-0.0103466 0.304279 0.294816 255 0 0
0.243608 -0.187142 0.307051 255 0 0
-0.124574 0.257901 0.328549 255 0 0
0.0389524 0.177544 0.120984 255 0 0
0.193447 -0.397241 0.0790339 255 0 0
0.126346 -0.0723094 -0.110349 255 0 0
0.0351117 -0.428782 0.0384743 255 0 0
0.250456 -0.20185 -0.019961 255 0 0
0.134993 0.310079 0.303991 255 0 0
0.363266 0.135381 0.0847863 255 0 0
0.339737 0.178185 0.281182 255 0 0
-0.00169008 -0.218989 0.428326 255 0 0
-0.00630441 -0.190718 0.466128 255 0 0
0.367244 0.14672 0.118203 255 0 0
0.267144 -0.0606192 0.299154 255 0 0
-0.0221367 -0.0823111 -0.106668 255 0 0
-0.0321108 -0.087714 -0.0993811 255 0 0
0.315911 0.0387244 0.222154 255 0 0
-0.0496336 -0.164304 -0.144421 255 0 0
-0.03489 0.308625 0.0491909 255 0 0
0.27236 -0.173302 0.048886 255 0 0
-0.328945 -0.0658017 0.166353 255 0 0
-0.0446655 -0.236655 -0.146108 255 0 0
-0.23927 0.126061 -0.0103344 255 0 0
-0.0150426 0.380312 0.116645 255 0 0
0.244494 -0.242331 0.247082 255 0 0
0.335502 0.0645528 0.209221 255 0 0
0.1254 -0.0959005 0.530452 255 0 0
0.226188 -0.398236 0.0355388 255 0 0
0.114661 0.136035 0.542593 255 0 0
0.0259318 0.304414 0.304587 255 0 0
0.0965351 -0.200899 0.447338 255 0 0
-0.294098 0.133995 0.286118 255 0 0
0.00564985 -0.194551 0.463565 255 0 0
-0.205827 0.0828507 -0.0045786 255 0 0
0.21506 0.203486 0.447491 255 0 0
0.0223876 0.121031 0.0906345 255 0 0
-0.0752757 -0.216026 0.0424514 255 0 0
0.176224 -0.447354 0.0310779 255 0 0
-0.00309692 0.240884 0.380737 255 0 0
-0.0761672 -0.0186641 0.0722424 255 0 0
0.133608 0.0769084 0.0992688 255 0 0
-0.100581 0.388792 0.0938414 255 0 0
-0.321466 -0.0885069 0.054871 255 0 0
0.0521007 -0.228377 0.416769 255 0 0
-0.114981 0.375265 0.163384 255 0 0
-0.127298 0.160403 0.459981 255 0 0
-0.0596305 -0.107154 0.0322704 255 0 0
0.259483 -0.339629 -0.125354 255 0 0
-0.191397 -0.0544611 0.0416981 255 0 0
0.338732 0.243856 0.120532 255 0 0
-0.231461 -0.0721806 0.286159 255 0 0
-0.151155 -0.266561 0.154945 255 0 0
-0.102573 0.147383 0.48457 255 0 0
-0.235488 0.135535 -0.000186987 255 0 0
0.163418 0.0900175 0.546715 255 0 0
-0.10377 -0.102399 0.0692234 255 0 0
0.0910487 -0.407266 0.10495 255 0 0
0.279438 0.276485 0.106435 255 0 0
-0.338302 0.159247 0.104209 255 0 0
-0.361781 0.0341176 0.0740527 255 0 0
0.0408261 0.0538454 0.587538 255 0 0
-0.0406235 0.0658029 0.0809011 255 0 0
-0.266438 0.346246 0.0796982 255 0 0
0.172276 0.00599844 0.542156 255 0 0
-0.152289 -0.123969 0.400295 255 0 0
0.347834 0.11538 0.22635 255 0 0
-0.0215525 -0.342207 0.178927 255 0 0
0.0433798 0.363922 0.207337 255 0 0
-0.0403405 0.387097 0.118097 255 0 0
-0.160074 0.0597226 0.101923 255 0 0
-0.00571045 -0.318567 0.238955 255 0 0
0.344136 -0.119789 0.154598 255 0 0
-0.357139 0.132921 0.125926 255 0 0
0.18927 -0.445933 -0.149851 255 0 0
0.260917 0.297845 0.145594 255 0 0
-0.0411742 -0.301606 0.252865 255 0 0
0.0584559 0.337198 0.266536 255 0 0
-0.204919 -0.205682 0.219719 255 0 0
0.000337144 0.219934 0.409781 255 0 0
0.269938 -0.312117 -0.0393837 255 0 0
0.359811 0.144872 0.215638 255 0 0
0.0456793 0.146009 0.524656 255 0 0
0.229297 -0.306306 0.156017 255 0 0
-0.031954 -0.245461 -0.157386 255 0 0
0.107356 -0.479658 -0.00442493 255 0 0
0.338883 -0.0215128 0.0314871 255 0 0
0.309111 -0.170403 0.100346 255 0 0
-0.166209 -0.0518051 0.0877133 255 0 0
-0.116465 0.0749733 0.540463 255 0 0
0.185207 0.32784 0.207904 255 0 0
0.236103 0.256791 0.337048 255 0 0
0.00816199 0.373336 0.127903 255 0 0
0.120777 -0.276488 0.306697 255 0 0
-0.109478 -0.131639 0.472827 255 0 0
-0.107991 -0.00226615 0.547156 255 0 0
-0.0211115 0.347546 0.0659166 255 0 0
0.282913 -0.0698566 0.0299703 255 0 0
0.248089 -0.17096 -0.0522275 255 0 0
-0.07289 -0.17368 -0.0335736 255 0 0
0.0440334 0.183335 0.470869 255 0 0
-0.306743 0.18563 0.213581 255 0 0
-0.05578 0.352727 0.0550915 255 0 0
0.295216 -0.0686232 0.242166 255 0 0
-0.313813 0.131994 0.242236 255 0 0
-0.162773 -0.110347 0.353509 255 0 0
-0.0843773 -0.140904 0.484875 255 0 0
0.341122 0.146103 0.0673266 255 0 0
-0.166248 0.345871 0.201517 255 0 0
-0.0922524 0.306979 0.270104 255 0 0
0.0406928 -0.0637542 0.564144 255 0 0
-0.352915 0.113104 0.18846 255 0 0
0.283677 -0.116655 0.0502259 255 0 0
-0.209837 -0.116131 0.280349 255 0 0
0.31805 0.00510261 -0.00106113 255 0 0
-0.352392 0.0184593 0.0468896 255 0 0
0.0470883 0.330768 0.27425 255 0 0
0.031695 -0.24103 0.39502 255 0 0
-0.148727 0.366922 0.175609 255 0 0
-0.282712 0.348008 0.0963121 255 0 0
0.0809422 0.0539053 0.583777 255 0 0
-0.0803701 -0.0510038 0.0605677 255 0 0
0.230924 -0.363121 0.064885 255 0 0
0.151881 -0.47679 -0.128654 255 0 0
-0.164345 -0.0368851 0.475823 255 0 0
-0.18898 0.283822 0.273994 255 0 0
0.0934561 -0.184468 0.46943 255 0 0
0.228745 0.299323 0.232909 255 0 0
-0.369314 0.0453593 0.191699 255 0 0
-0.0665346 -0.144909 0.0366984 255 0 0
-0.0728141 -0.329824 0.134944 255 0 0
0.2972 0.272971 0.115576 255 0 0
0.221394 -0.172271 -0.137567 255 0 0
0.243753 -0.116135 0.381809 255 0 0
-0.0426253 -0.165807 0.483144 255 0 0
0.246607 -0.160682 0.326259 255 0 0
0.143544 -0.0371967 0.548245 255 0 0
-0.194786 0.230582 0.323379 255 0 0
0.215784 -0.340317 -0.190018 255 0 0
0.219031 0.234407 0.401473 255 0 0
0.202784 -6.39944e-05 -0.0439226 255 0 0
-0.0241955 0.384503 0.136407 255 0 0
-0.0843956 -0.104965 0.512062 255 0 0
0.248429 -0.271896 -0.128586 255 0 0
0.118269 -0.0956514 -0.140596 255 0 0
0.170251 0.242724 0.417531 255 0 0
-0.194122 0.251392 0.0899343 255 0 0
0.0949574 -0.364687 0.173114 255 0 0
0.128304 -0.238049 0.373544 255 0 0
-0.0968894 -0.265646 0.26452 255 0 0
0.25503 -0.0428317 0.39368 255 0 0
0.174492 -0.0999795 0.498139 255 0 0
0.35286 -0.0573673 0.184236 255 0 0
0.249513 0.305077 0.169022 255 0 0
0.0202605 -0.205977 0.450554 255 0 0
0.32208 -0.103535 0.210646 255 0 0
-0.0407691 -0.213862 -0.152585 255 0 0
0.0736987 -0.482041 -0.0314253 255 0 0
0.322133 0.263961 0.167453 255 0 0
-0.195118 0.0415849 0.00515704 255 0 0
-0.352996 0.0302746 0.237822 255 0 0
0.283319 -0.238766 0.126587 255 0 0
0.100137 0.124096 0.554173 255 0 0
0.12578 -0.067433 -0.102459 255 0 0
-0.0921097 0.329089 0.241065 255 0 0
0.00857571 -0.445879 -0.077029 255 0 0
0.367918 0.135991 0.102545 255 0 0
-0.234033 -0.0935375 0.0249729 255 0 0
0.165997 -0.430408 -0.17554 255 0 0
0.146335 -0.364639 -0.215251 255 0 0
0.0894268 -0.326281 -0.232123 255 0 0
-0.00494807 0.11278 0.554064 255 0 0
0.0136386 -0.41542 0.0388764 255 0 0
0.126416 0.340355 0.241715 255 0 0
0.177044 -0.457685 0.0153737 255 0 0
0.0972388 -0.479465 -0.00742416 255 0 0
-0.108569 -0.211627 0.336461 255 0 0
0.102511 0.307034 0.318402 255 0 0
0.222335 -0.422902 -0.1427 255 0 0
-0.214506 -0.117784 0.0682445 255 0 0
0.133543 -0.215009 0.408388 255 0 0
-0.109184 -0.296364 0.111904 255 0 0
-0.05769 -0.320023 0.200164 255 0 0
0.155493 0.072118 0.555039 255 0 0
-0.131438 -0.186257 0.32261 255 0 0
0.0222257 0.12392 0.547116 255 0 0
-0.108822 -0.0781622 0.512807 255 0 0
-0.275029 0.321263 0.0994377 255 0 0
-0.0489963 -0.291683 0.265437 255 0 0
0.238249 0.260274 0.323352 255 0 0
0.19117 -0.119236 -0.14766 255 0 0
0.367342 0.1561 0.177648 255 0 0
0.202794 0.0820601 0.0718364 255 0 0
0.318619 -0.146143 0.199513 255 0 0
-0.26672 0.358872 0.155719 255 0 0
-0.00400186 -0.225444 0.417292 255 0 0
-0.078356 0.225345 0.0996334 255 0 0
-0.00040881 0.0802544 0.077941 255 0 0
0.0584116 -0.00502873 0.0293768 255 0 0
0.0221776 -0.1806 -0.181934 255 0 0
0.228826 0.149677 0.0692763 255 0 0
0.27317 -0.0894389 0.284642 255 0 0
-0.147574 -0.125362 0.417151 255 0 0
0.279108 -0.0267297 0.254308 255 0 0
-0.034459 0.0550717 0.0775073 255 0 0
0.168849 0.0708785 0.0997645 255 0 0
-0.184049 -0.0407595 0.436252 255 0 0
-0.31913 0.10126 0.285951 255 0 0
-0.0252415 0.244372 0.370099 255 0 0
0.072824 -0.0649089 -0.0240303 255 0 0
0.196074 0.0563317 0.017348 255 0 0
0.258537 -0.0853813 0.0042796 255 0 0
-0.0436468 -0.0990133 -0.072965 255 0 0
-0.140805 -0.0847724 0.0972134 255 0 0
-0.212778 0.189474 0.0840342 255 0 0
-0.211389 -0.00668307 0.426994 255 0 0
0.0147868 0.363198 0.214475 255 0 0
-0.305189 0.125643 0.271706 255 0 0
0.238038 -0.112147 -0.112739 255 0 0
-0.282981 0.200163 0.0903001 255 0 0
0.114642 -0.0389904 0.559951 255 0 0
0.121843 0.105272 0.561375 255 0 0
0.0114863 0.155908 0.502481 255 0 0
-0.172224 -0.247553 0.169178 255 0 0
-0.0204423 0.27252 0.333788 255 0 0
0.0170668 -0.344873 -0.210582 255 0 0
-0.235067 -0.0482899 0.310236 255 0 0
0.228077 -0.27832 -0.165972 255 0 0
0.338135 0.226366 0.23042 255 0 0
0.349533 -0.109892 0.141714 255 0 0
0.186223 0.102525 0.528068 255 0 0
0.292385 -0.118551 0.249476 255 0 0
0.130992 -0.451979 0.0419098 255 0 0
-0.354872 0.022318 0.0545826 255 0 0
-0.0750866 0.0997749 0.546569 255 0 0
-0.132563 0.0933209 0.524526 255 0 0
0.0404964 0.239221 0.115184 255 0 0
-0.157968 0.313343 0.0601808 255 0 0
-0.14317 0.380243 0.154229 255 0 0
0.0376112 -0.0752337 -0.13012 255 0 0
0.151843 0.322106 0.266623 255 0 0
0.402165 0.0727714 0.120902 255 0 0
-0.350827 -0.0124454 0.203366 255 0 0
-0.0414446 0.229871 0.385565 255 0 0
0.338405 0.144587 0.292861 255 0 0
0.0844861 -0.0241467 0.573433 255 0 0
-0.221643 0.0385021 0.44799 255 0 0
0.0404894 -0.00688118 0.0323469 255 0 0
0.179853 -0.144431 0.459437 255 0 0
-0.019148 -0.214396 0.431094 255 0 0
-0.0521615 0.204254 0.417935 255 0 0
-0.0233512 -0.401549 -0.00612779 255 0 0
0.215686 0.106857 0.0758428 255 0 0
-0.0453296 -0.370171 -0.034255 255 0 0
0.0755544 -0.374772 0.156358 255 0 0
-0.270902 0.0923416 0.405528 255 0 0
-0.255868 0.384068 0.126132 255 0 0
0.30689 0.273783 0.136802 255 0 0
0.258799 0.0785347 0.446643 255 0 0
-0.0487172 -0.18191 0.463362 255 0 0
0.284566 0.0749013 0.391445 255 0 0
0.212215 -0.246462 0.280088 255 0 0
-0.0483229 -0.362752 -0.0164523 255 0 0
-0.250443 0.075449 -0.0411504 255 0 0
0.173437 -0.353078 0.154072 255 0 0
-0.0100984 -0.345551 0.179865 255 0 0
0.170901 -0.44367 0.0396648 255 0 0
-0.158863 0.222526 0.36347 255 0 0
0.0353713 -0.436879 0.0237644 255 0 0
-0.1488 -0.268132 0.186017 255 0 0
-0.154209 0.00324561 0.506924 255 0 0
0.243532 0.176894 0.442573 255 0 0
-0.284279 0.183643 0.0625786 255 0 0
-0.219782 -0.0672123 0.0125358 255 0 0
-0.0239249 -0.336751 -0.176699 255 0 0
0.0525793 -0.373864 -0.209437 255 0 0
0.0383843 0.200406 0.445503 255 0 0
0.0503571 -0.295541 0.291646 255 0 0
0.133123 -0.44393 0.0527257 255 0 0
-0.073366 -0.178167 0.454049 255 0 0
0.17136 -0.169379 0.440359 255 0 0
0.313381 0.164316 0.343696 255 0 0
-0.209359 0.135232 0.451761 255 0 0
0.229299 0.292666 0.244736 255 0 0
-0.0390524 -0.278056 -0.146968 255 0 0
0.195035 -0.190416 0.383917 255 0 0
0.0599659 -0.248625 -0.231214 255 0 0
0.354507 0.125605 0.214841 255 0 0
0.185027 0.328343 0.196268 255 0 0
-0.17245 -0.0318056 0.0729841 255 0 0
-0.0893306 0.128233 0.514047 255 0 0
-0.0400805 0.00965497 0.0653878 255 0 0
0.136992 0.23693 0.425824 255 0 0
0.0935558 0.0989838 0.0972965 255 0 0
0.255938 -0.388624 -0.0364488 255 0 0
-0.163511 0.240639 0.33572 255 0 0
0.125712 -0.437444 0.0621399 255 0 0
0.229891 0.312322 0.174177 255 0 0
0.0325737 -0.415656 0.0603235 255 0 0
-0.0744709 -0.263697 0.0373634 255 0 0
-0.199773 0.377852 0.0498956 255 0 0
0.357365 0.225393 0.146428 255 0 0
0.082909 0.354515 0.187 255 0 0
0.0101848 0.265184 0.352155 255 0 0
0.292651 0.282978 0.140735 255 0 0
-0.0557859 -0.343358 0.00965308 255 0 0
0.156962 0.239165 0.424319 255 0 0
-0.214477 -0.0721313 0.0214317 255 0 0
0.249052 -0.164714 -0.071905 255 0 0
0.240266 -0.27368 0.202736 255 0 0
-0.0169573 0.0623516 0.581104 255 0 0
-0.00928061 -0.30809 -0.205137 255 0 0
0.165476 -0.0719425 -0.122031 255 0 0
-0.272688 0.194835 0.253875 255 0 0
0.00806502 0.158048 0.107168 255 0 0
0.251276 -0.223157 -0.0526185 255 0 0
-0.148267 0.399614 0.0791876 255 0 0
-0.152981 -0.148186 0.319272 255 0 0
0.145909 -0.319553 0.22481 255 0 0
-0.158566 0.122267 0.492248 255 0 0
0.231397 -0.135492 0.391248 255 0 0
0.242498 0.095351 0.47314 255 0 0
0.214495 -0.355126 -0.18881 255 0 0
-0.117643 -0.201089 0.333625 255 0 0
-0.0742395 0.229942 0.090435 255 0 0
0.24653 0.0111246 0.449009 255 0 0
0.0389988 -0.265328 0.349289 255 0 0
-0.0252132 -0.353637 -0.161348 255 0 0
0.149601 0.260357 0.39217 255 0 0
0.131921 -0.27093 -0.23922 255 0 0
-0.11283 -0.296156 0.17807 255 0 0
0.381285 0.0300268 0.164525 255 0 0
-0.319979 0.157849 0.0535057 255 0 0
-0.169216 0.213762 0.370118 255 0 0
-0.0186377 -0.364203 -0.164779 255 0 0
-0.263772 -0.0264173 0.322033 255 0 0
0.212537 -0.138977 0.42338 255 0 0
0.121503 -0.428194 0.0751814 255 0 0
0.0622559 -0.46658 -0.134279 255 0 0
0.189434 -0.343441 0.152389 255 0 0
-0.233015 -0.112636 0.0492169 255 0 0
0.150634 0.245278 0.104373 255 0 0
0.105035 -0.437672 0.0609706 255 0 0
-0.116947 0.0507868 0.11092 255 0 0
-0.201451 0.266918 0.284733 255 0 0
0.234053 -0.427088 -0.0192576 255 0 0
0.225042 -0.403837 -0.15674 255 0 0
-0.249295 0.286572 0.0918109 255 0 0
-0.0543872 -0.307372 0.231351 255 0 0
-0.251054 0.0325879 -0.0479961 255 0 0
-0.0308084 -0.0561542 0.0300646 255 0 0
0.132348 0.214562 0.11863 255 0 0
-0.0977551 -0.257157 0.275817 255 0 0
-0.262078 -0.15731 0.151241 255 0 0
-0.291782 0.319865 0.158488 255 0 0
0.142262 -0.179615 -0.170794 255 0 0
0.0909928 -0.451465 -0.16528 255 0 0
-0.106022 0.268626 0.059233 255 0 0
-0.00824525 -0.335126 0.203734 255 0 0
-0.117055 0.310006 0.259658 255 0 0
-0.0879377 -0.284399 0.0629208 255 0 0
0.146296 -0.383871 -0.207788 255 0 0
-0.287532 0.144575 0.280068 255 0 0
-0.301812 -0.0137231 0.293078 255 0 0
0.330906 0.143465 0.312184 255 0 0
-0.370623 0.0292887 0.108778 255 0 0
-0.239983 -0.0534702 -0.0119612 255 0 0
0.311878 0.193271 0.327653 255 0 0
0.266157 -0.312469 -0.102054 255 0 0
-0.345271 0.0481905 0.0125514 255 0 0
0.0443004 -0.00851819 0.583447 255 0 0
0.116179 -0.242776 -0.23681 255 0 0
-0.210193 -0.203571 0.211503 255 0 0
-0.283598 0.137637 0.317049 255 0 0
-0.186952 0.00984772 0.0285036 255 0 0
-0.00961853 0.376659 0.177605 255 0 0
0.253764 0.239758 0.353249 255 0 0
0.39442 0.00180448 0.0818359 255 0 0
-0.11549 0.166138 0.454796 255 0 0
0.0776484 0.354642 0.178923 255 0 0
-0.280687 0.356217 0.145554 255 0 0
-0.222954 -0.0182962 0.392958 255 0 0
-0.00999912 -0.292055 -0.201349 255 0 0
0.243055 0.303264 0.143108 255 0 0
-0.203632 0.293288 0.0751656 255 0 0
0.156005 0.0540909 0.0798292 255 0 0
-0.111939 -0.243228 0.280211 255 0 0
0.201464 0.123034 0.0964528 255 0 0
0.213381 -0.164886 -0.143595 255 0 0
-0.253018 -0.141792 0.234388 255 0 0
-0.0338772 0.0918475 0.56414 255 0 0
0.318156 0.0299014 -0.00717301 255 0 0
-0.0546957 0.275111 0.321683 255 0 0
0.00786475 0.352428 0.0899094 255 0 0
0.211331 -0.28461 0.223249 255 0 0
0.0147219 -0.392382 0.0907302 255 0 0
-0.348543 -0.00221198 0.0470619 255 0 0
0.28271 -0.217669 0.0829755 255 0 0
0.34078 -0.0587815 0.197943 255 0 0
0.243749 -0.0606632 -0.0525093 255 0 0
-0.238685 0.243272 0.0935247 255 0 0
-0.0697739 0.113649 0.536504 255 0 0
0.168001 -0.189152 0.417789 255 0 0
-0.197552 -0.0435984 0.0260754 255 0 0
0.070417 -0.445231 -0.166492 255 0 0
-0.099703 0.114957 0.525163 255 0 0
-0.0205449 -0.249682 0.366464 255 0 0
0.0680818 -0.485952 -0.0788109 255 0 0
0.110947 -0.497224 -0.0689419 255 0 0
-0.298817 -0.0322365 -0.0213979 255 0 0
-0.0673047 -0.178132 -0.0113853 255 0 0
-0.00250903 -0.17986 -0.175625 255 0 0
0.00785718 0.0935119 0.0810995 255 0 0
-0.208467 0.119278 0.015667 255 0 0
0.300808 -0.142083 0.0727568 255 0 0
0.00137902 -0.0669181 0.00962212 255 0 0
0.019221 -0.0821649 0.555417 255 0 0
0.303351 0.0698323 0.328252 255 0 0
0.226239 0.267186 0.0875164 255 0 0
-0.051597 -0.0654153 0.0371209 255 0 0
-0.0415079 -0.352126 0.121328 255 0 0
0.0314911 -0.0959592 -0.158756 255 0 0
0.175248 -0.373816 0.122843 255 0 0
-0.14159 -0.275921 0.15653 255 0 0
0.113652 -0.143447 0.50178 255 0 0
-0.139581 -0.101264 0.463282 255 0 0
-0.0312663 0.256511 0.065441 255 0 0
-0.126386 -0.284025 0.12637 255 0 0
0.0230217 -0.432473 -0.147622 255 0 0
-0.21418 -0.0586272 0.0121062 255 0 0
0.210094 -0.16795 0.392064 255 0 0
0.0466945 -0.239632 0.397598 255 0 0
0.0758155 -0.234675 0.402122 255 0 0
0.352196 0.143599 0.0764367 255 0 0
-0.321713 -0.0553748 0.198199 255 0 0
0.0435535 0.262764 0.364867 255 0 0
0.405874 0.0453866 0.0801239 255 0 0
0.0695218 -0.0301487 0.574397 255 0 0
0.113265 -0.199324 0.442356 255 0 0
0.0344304 -0.269821 0.340279 255 0 0
-0.323848 0.134852 0.222674 255 0 0
-0.288173 0.32982 0.116505 255 0 0
0.262745 -0.241723 0.0039941 255 0 0
-0.221316 -0.00290968 0.416889 255 0 0
0.162758 -0.395697 0.103964 255 0 0
0.0194726 -0.239597 -0.194926 255 0 0
-0.307113 0.115044 0.293945 255 0 0
-0.327838 0.161757 0.0794991 255 0 0
-0.345838 -0.0325138 0.0668678 255 0 0
0.179192 0.0598349 0.540265 255 0 0
0.368676 0.14067 0.150163 255 0 0
-0.190048 0.357217 0.181336 255 0 0
0.0120709 0.375122 0.151494 255 0 0
0.209455 -0.0348257 -0.0697985 255 0 0
-0.283176 -0.104408 0.0323351 255 0 0
0.133377 -0.491456 -0.031042 255 0 0
-0.17088 0.148743 0.460997 255 0 0
0.0498342 -0.308853 -0.233379 255 0 0
0.0521769 -0.0880458 0.551355 255 0 0
-0.270443 -0.148164 0.125464 255 0 0
0.235496 -0.243378 -0.127904 255 0 0
-0.0691821 0.067781 0.0907913 255 0 0
0.312362 0.214785 0.069596 255 0 0
0.36733 0.139869 0.163728 255 0 0
-0.303524 0.111546 0.31826 255 0 0
0.187622 0.289214 0.299395 255 0 0
-0.0347839 -0.20618 0.437947 255 0 0
0.105445 0.14578 0.12496 255 0 0
-0.151477 0.163993 0.44862 255 0 0
-0.0695108 -0.2037 -0.120051 255 0 0
-0.04258 -0.0356372 0.0435702 255 0 0
0.134622 -0.166898 -0.168951 255 0 0
0.0846244 -0.458473 -0.156361 255 0 0
0.132939 0.171177 0.127739 255 0 0
0.145641 0.31382 0.289261 255 0 0
-0.13202 -0.161498 0.391269 255 0 0
-0.0318158 -0.377358 -0.109666 255 0 0
0.302174 0.136935 0.371854 255 0 0
-0.341013 0.0152251 0.258303 255 0 0
-0.242927 -0.137965 0.0867889 255 0 0
-0.223368 0.145963 0.428754 255 0 0
0.0048443 -0.433184 -0.0166456 255 0 0
0.256417 0.0658532 0.448343 255 0 0
-0.062921 0.386935 0.134555 255 0 0
-0.00339671 0.0789194 0.576758 255 0 0
-0.134891 0.305294 0.261459 255 0 0
0.225551 -0.271291 0.227787 255 0 0
-0.0456751 0.268486 0.332654 255 0 0
0.166315 -0.477327 -0.0123446 255 0 0
-0.0322281 0.381877 0.15956 255 0 0
-0.296566 0.216537 0.12541 255 0 0
0.193312 -0.447304 0.0169321 255 0 0
0.266985 -0.263048 0.0651633 255 0 0
0.0907537 0.128533 0.550338 255 0 0
0.0263416 -0.0698749 -0.054934 255 0 0
-0.154011 -0.237549 0.245063 255 0 0
0.26573 -0.282061 0.0101943 255 0 0
-0.225467 0.192185 0.338244 255 0 0
0.151125 0.00275088 0.554861 255 0 0
0.272527 0.289113 0.198443 255 0 0
0.199301 0.232634 0.420412 255 0 0
-0.160069 -0.0987254 0.0929079 255 0 0
0.404812 0.0258959 0.0944296 255 0 0
-0.0417402 -0.223379 0.406468 255 0 0
0.167855 -0.065924 0.522062 255 0 0
-0.130551 0.176182 0.437418 255 0 0
-0.202981 0.357919 0.0523495 255 0 0
-0.369174 0.00714289 0.155656 255 0 0
0.23432 -0.221492 -0.117069 255 0 0
0.340537 0.158779 0.074966 255 0 0
0.128809 0.329487 0.268683 255 0 0
0.0500038 0.36037 0.216493 255 0 0
0.2194 0.219611 0.422909 255 0 0
0.284989 0.138612 0.0465846 255 0 0
0.335778 0.236864 0.103042 255 0 0
0.063229 0.0409564 0.586793 255 0 0
0.353331 0.223006 0.119054 255 0 0
-0.0998548 0.294534 0.285024 255 0 0
0.328044 -0.0983997 0.0786213 255 0 0
-0.0348078 -0.106171 -0.132591 255 0 0
0.0636854 -0.0655823 -0.0744777 255 0 0
0.298239 -0.00548703 -0.00772152 255 0 0
-0.0677367 0.149283 0.491009 255 0 0
0.221333 -0.32372 0.137632 255 0 0
-0.205543 -0.106557 0.286594 255 0 0
0.263894 -0.263018 0.167424 255 0 0
0.241737 0.0384189 -0.0222531 255 0 0
0.101516 -0.481929 -0.126374 255 0 0
-0.327043 0.146064 0.0450941 255 0 0
0.222156 -0.0409488 0.475216 255 0 0
0.0843288 0.148478 0.528286 255 0 0
-0.238801 -0.0609496 0.290356 255 0 0
0.266036 0.163519 0.420564 255 0 0
-0.349399 -0.0375899 0.101878 255 0 0
0.118578 -0.298483 0.270211 255 0 0
-0.153822 0.164102 0.125886 255 0 0
-0.253614 0.393103 0.114117 255 0 0
-0.162912 -0.135029 0.312497 255 0 0
0.358644 -0.0508495 0.0758569 255 0 0
0.156202 0.00589607 -0.0102502 255 0 0
0.185636 0.147209 0.511444 255 0 0
0.361246 0.20181 0.198039 255 0 0
0.314722 0.127549 0.0405605 255 0 0
0.316043 -0.026371 0.220348 255 0 0
0.160728 -0.122838 -0.153864 255 0 0
-0.0159956 0.148989 0.102518 255 0 0
0.323549 0.25578 0.115267 255 0 0
0.014195 -0.25608 -0.204362 255 0 0
0.258253 -0.265125 -0.092309 255 0 0
-0.149653 0.356513 0.190542 255 0 0
0.289547 0.0433392 0.313915 255 0 0
-0.132365 -0.176196 0.0789617 255 0 0
0.280483 -0.0817472 0.0342312 255 0 0
0.0102102 -0.435571 -0.122774 255 0 0
0.333574 0.11609 0.292374 255 0 0
0.249365 -0.150344 -0.0191835 255 0 0
0.0287353 -0.28036 -0.229887 255 0 0
-0.325514 -0.0218328 -0.00154016 255 0 0
-0.0333963 -0.123524 0.520998 255 0 0
-0.271253 -0.0789571 0.249068 255 0 0
-0.284133 0.240612 0.221667 255 0 0
0.202162 0.197848 0.0749933 255 0 0
0.264487 -0.24113 0.022195 255 0 0
0.100567 -0.172438 0.480054 255 0 0
-0.0916072 -0.240265 0.0589726 255 0 0
0.106844 0.061589 0.577068 255 0 0
-0.10839 -0.200251 0.368248 255 0 0
0.236337 -0.209428 -0.110054 255 0 0
0.0384039 -0.31345 0.259639 255 0 0
0.282855 -0.23267 0.100706 255 0 0
0.285057 0.280336 0.11916 255 0 0
0.326688 -0.11781 0.19972 255 0 0
-0.127265 0.189679 0.13552 255 0 0
-0.144893 -0.117685 0.0897687 255 0 0
0.191961 -0.0707375 -0.118623 255 0 0
0.0755703 -0.409723 -0.195533 255 0 0
0.113148 -0.308641 0.256637 255 0 0
-0.218833 0.329436 0.210786 255 0 0
0.0329919 -0.205759 0.451506 255 0 0
0.0692402 -0.248794 0.378368 255 0 0
0.211157 0.0852481 0.510261 255 0 0
0.117879 0.0574862 0.574149 255 0 0
0.355791 0.0558072 0.0133519 255 0 0
-0.20976 0.348622 0.0558741 255 0 0
0.260713 0.0299021 -0.0238492 255 0 0
0.103191 -0.38165 -0.212801 255 0 0
0.0917444 -0.289633 0.294922 255 0 0
0.11628 -0.0627785 -0.0830374 255 0 0
-0.0405318 0.299767 0.292629 255 0 0
-0.240252 0.335814 0.0682297 255 0 0
-0.0825299 -0.0494467 0.546015 255 0 0
0.0686677 -0.0257693 0.0174353 255 0 0
0.327983 -0.0784669 0.208276 255 0 0
0.240192 -0.326783 0.0863083 255 0 0
0.0442455 -0.210508 -0.190558 255 0 0
0.0740833 -0.2582 0.359507 255 0 0
-0.172734 0.169797 0.111075 255 0 0
0.142977 0.0634563 0.0897348 255 0 0
0.390063 0.029647 0.152504 255 0 0
0.0525443 -0.061649 -0.0076998 255 0 0
0.094584 -0.419691 -0.191647 255 0 0
0.186597 -0.437967 -0.159872 255 0 0
-0.283218 0.345324 0.155044 255 0 0
-0.0617385 0.213059 0.403427 255 0 0
-0.333312 -0.079804 0.116725 255 0 0
0.219238 0.268949 0.321186 255 0 0
0.238507 -0.035589 0.446782 255 0 0
0.0209363 0.369034 0.196576 255 0 0
0.265312 0.130726 0.434906 255 0 0
0.358271 0.0553018 0.185776 255 0 0
0.168998 -0.404761 0.089335 255 0 0
-0.149426 -0.130223 0.090552 255 0 0
0.24411 -0.252183 -0.117816 255 0 0
0.341098 -0.0910467 0.188109 255 0 0
-0.126183 -0.1406 0.443247 255 0 0
-0.0477264 0.387556 0.129051 255 0 0
0.00534068 -0.410572 0.0369165 255 0 0
-0.29593 -0.126247 0.172111 255 0 0
-0.155328 0.337559 0.214444 255 0 0
0.217556 0.30089 0.125196 255 0 0
-0.148088 -0.0360227 0.105164 255 0 0
0.244694 -0.00688208 0.445071 255 0 0
-0.0412058 -0.0239719 0.57258 255 0 0
-0.00114214 0.103198 0.0840697 255 0 0
-0.124649 0.0775319 0.534781 255 0 0
0.209855 -0.214143 -0.147354 255 0 0
-0.246721 -0.050894 -0.0175514 255 0 0
0.250384 -0.0685997 0.398468 255 0 0
0.231223 -0.296749 -0.17036 255 0 0
-0.0862896 -0.218347 0.0544932 255 0 0
-0.328107 0.0967298 -0.00170784 255 0 0
0.291896 -0.22491 0.14936 255 0 0
-0.320525 -0.106207 0.100877 255 0 0
-0.335881 -0.0284097 0.0247883 255 0 0
0.0455879 -0.467506 -0.11236 255 0 0
-0.214878 0.365395 0.0521049 255 0 0
-0.00729331 -0.426605 -0.0953745 255 0 0
-0.140598 -0.0727353 0.485209 255 0 0
0.235726 -0.388025 -0.153162 255 0 0
-0.00267172 0.349461 0.0790558 255 0 0
-0.34401 -0.0181824 0.211462 255 0 0
-0.223599 -0.131893 0.266008 255 0 0
0.251029 0.109567 0.0369428 255 0 0
-0.023016 0.35887 0.0727985 255 0 0
-0.141483 -0.24386 0.249939 255 0 0
0.0756248 -0.0997232 -0.154535 255 0 0
-0.280679 0.0556864 0.389135 255 0 0
0.123841 -0.36373 0.168065 255 0 0
0.154151 -0.279615 0.280848 255 0 0
0.125306 -0.079077 -0.121235 255 0 0
0.261791 -0.0767876 0.34492 255 0 0
-0.24964 -0.159689 0.134609 255 0 0
-0.101977 -0.0320257 0.541684 255 0 0
-0.252334 0.127098 0.413348 255 0 0
0.000196118 -0.417731 0.0121479 255 0 0
-0.0617129 -0.296513 -0.0282625 255 0 0
0.295483 0.0980638 0.0120271 255 0 0
0.309484 -0.1483 0.215437 255 0 0
0.0673125 -0.340731 -0.225875 255 0 0
0.238938 -0.103051 0.405953 255 0 0
-0.224436 0.200671 0.322239 255 0 0
0.106057 0.0370526 0.578065 255 0 0
-0.235544 0.115459 0.440553 255 0 0
-0.22038 0.187412 0.078164 255 0 0
0.208929 0.195352 0.461332 255 0 0
-0.0859086 0.201067 0.124836 255 0 0
-0.2354 -0.0810693 0.277258 255 0 0
0.254011 -0.0075719 0.416777 255 0 0
0.267797 0.195857 0.393666 255 0 0
0.195369 -0.319556 0.184728 255 0 0
-0.277441 0.343095 0.163561 255 0 0
0.0908315 -0.219881 -0.21123 255 0 0
0.234919 0.250237 0.355451 255 0 0
-0.348903 -0.0323993 0.0835403 255 0 0
-0.003668 -0.0752584 -0.113768 255 0 0
-0.0772033 -0.209265 -0.0421799 255 0 0
-0.0957705 -0.015358 0.551939 255 0 0
0.0253318 -0.0909163 0.550704 255 0 0
0.215433 -0.180484 -0.141074 255 0 0
0.0922711 -0.266355 0.338501 255 0 0
0.0848324 -0.37334 0.159252 255 0 0
0.119728 0.0680157 0.572426 255 0 0
0.25423 -0.11532 0.00605384 255 0 0
0.304142 0.217999 0.313536 255 0 0
0.328428 0.258775 0.138792 255 0 0
-0.0931455 0.191859 0.129941 255 0 0
0.154757 -0.491533 -0.0873138 255 0 0
-0.276188 0.348051 0.0888461 255 0 0
0.166963 -0.149302 0.466811 255 0 0
0.257009 -0.163001 0.301456 255 0 0
0.222819 -0.308561 0.164545 255 0 0
-0.156005 0.398625 0.115459 255 0 0
0.00232391 -0.241415 0.390051 255 0 0
-0.0701147 -0.129012 0.0404219 255 0 0
0.17873 -0.287151 0.249723 255 0 0
-0.357398 0.0486371 0.054912 255 0 0
-0.324517 -0.0584672 0.188374 255 0 0
0.2777 0.291837 0.158424 255 0 0
0.323863 0.0125829 -0.000682667 255 0 0
-0.341396 0.0505759 0.270046 255 0 0
-0.221025 0.319503 0.0686041 255 0 0
0.266734 -0.142225 0.0387783 255 0 0
0.151974 -0.311853 0.232244 255 0 0
0.010893 0.127387 0.0925224 255 0 0
-0.0312957 0.104864 0.087586 255 0 0
0.332564 0.255444 0.167748 255 0 0
-0.0477975 -0.0723847 0.549479 255 0 0
-0.124235 -0.285867 0.188067 255 0 0
0.135192 -0.320229 -0.229684 255 0 0
0.00411674 -0.185771 0.473752 255 0 0
-0.0674727 0.259958 0.0574638 255 0 0
0.22495 -0.286076 0.203661 255 0 0
-0.238686 0.154394 0.0182763 255 0 0
0.325063 0.088803 0.279737 255 0 0
-0.031141 -0.28855 -0.165033 255 0 0
-0.0926298 0.0875154 0.547267 255 0 0
-0.24737 0.1694 0.0353626 255 0 0
-0.0455273 0.194273 0.433403 255 0 0
-0.183162 0.216025 0.355392 255 0 0
-0.118834 -0.000460838 0.11116 255 0 0
-0.147042 0.259522 0.319016 255 0 0
0.151782 -0.355288 0.167622 255 0 0
-0.0845684 -0.0678665 0.535161 255 0 0
-0.0437258 0.314834 0.272051 255 0 0
-0.0392062 0.38146 0.0921788 255 0 0
-0.257835 -0.0150935 0.351659 255 0 0
0.11505 -0.464954 0.0222918 255 0 0
0.201811 -0.167224 0.406618 255 0 0
0.234646 0.118473 0.480064 255 0 0
0.19496 -0.223165 -0.164407 255 0 0
-0.192711 -0.0860453 0.0599061 255 0 0
0.326924 -0.155312 0.16418 255 0 0
0.375036 0.121836 0.0870934 255 0 0
-0.161217 -0.188734 0.0953628 255 0 0
0.0140411 -0.198387 -0.180402 255 0 0
0.229775 -0.119683 0.411051 255 0 0
0.260903 -0.258103 0.190828 255 0 0
0.100756 0.117976 0.110017 255 0 0
0.254535 -0.306844 -0.136718 255 0 0
0.0680849 0.34825 0.14969 255 0 0
0.219149 -0.218051 -0.138457 255 0 0
-0.354666 0.0496975 0.234511 255 0 0
0.0525991 0.215972 0.128634 255 0 0
0.0933549 0.00682195 0.032004 255 0 0
-0.253312 -0.0344907 0.317393 255 0 0
-0.176268 0.322164 0.229632 255 0 0
0.356225 0.225697 0.172073 255 0 0
-0.131356 -0.244857 0.259119 255 0 0
-0.0761237 -0.284756 0.0424582 255 0 0
-0.098441 -0.310546 0.127536 255 0 0
-0.097934 -0.0648502 0.0715524 255 0 0
0.0791368 0.356012 0.216144 255 0 0
0.283823 0.0558224 0.375318 255 0 0
0.227256 -0.129696 0.406111 255 0 0
-0.202575 -0.0316677 0.0121363 255 0 0
0.243517 -0.203931 -0.0825369 255 0 0
0.0556187 -0.242311 -0.222842 255 0 0
0.183638 0.18586 0.0887511 255 0 0
0.364282 0.187806 0.123955 255 0 0
0.262596 -0.292428 0.034388 255 0 0
0.3123 -0.0500088 0.0362833 255 0 0
-0.0771557 -0.184334 0.443239 255 0 0
0.333887 0.106904 0.278698 255 0 0
0.0353214 0.32679 0.0947871 255 0 0
0.282702 0.0837584 0.400568 255 0 0
0.291877 0.0838308 0.380521 255 0 0
-0.0775378 -0.179491 -0.0961606 255 0 0
0.153984 0.190767 0.110983 255 0 0
0.0291447 -0.329168 0.229775 255 0 0
-0.28778 0.322186 0.169373 255 0 0
0.332534 -0.138753 0.17107 255 0 0
-0.0905626 -0.0760279 0.526878 255 0 0
0.289975 0.235477 0.30824 255 0 0
-0.040564 -0.157681 0.49156 255 0 0
0.053465 0.0716784 0.583465 255 0 0
0.0353877 -0.466199 -0.0546013 255 0 0
-0.0534915 -0.111551 -0.100095 255 0 0
0.231463 0.0705793 0.00165208 255 0 0
-0.268265 0.179533 0.270286 255 0 0
-0.0253522 -0.373629 0.0751903 255 0 0
0.219179 0.00774493 -0.0376969 255 0 0
0.199047 -0.332711 0.158215 255 0 0
0.155337 0.263283 0.105924 255 0 0
0.143273 -0.00715132 0.557002 255 0 0
-0.0759592 0.371076 0.180039 255 0 0
-0.339921 -0.0567145 0.138667 255 0 0
0.0597297 -0.42804 -0.178263 255 0 0
0.350813 0.190001 0.0952156 255 0 0
0.372314 0.0422334 0.173254 255 0 0
-0.36559 0.0853511 0.0914555 255 0 0
-0.129934 -0.0776358 0.0952408 255 0 0
0.403047 0.0802986 0.0925855 255 0 0
0.1451 -0.216906 0.397126 255 0 0
-0.00856068 -0.363556 0.13774 255 0 0
-0.358988 0.0190048 0.21733 255 0 0
-0.293295 0.246496 0.199885 255 0 0
0.378619 0.0171599 0.167026 255 0 0
-0.0617497 -0.15692 -0.0117409 255 0 0
-0.104715 -0.305277 0.132198 255 0 0
0.26818 -0.00770675 0.303892 255 0 0
0.0314833 -0.0656592 -0.00357981 255 0 0
0.107688 -0.344482 0.203848 255 0 0
0.00650905 -0.427991 0.00036671 255 0 0
-0.267373 0.343479 0.174054 255 0 0
0.22338 0.278184 0.28386 255 0 0
0.2035 0.277907 0.0990467 255 0 0
-0.213585 0.186118 0.374731 255 0 0
0.196082 0.29939 0.26744 255 0 0
-0.0293278 -0.0877644 -0.0657587 255 0 0
-0.139078 -0.13187 0.0867989 255 0 0
0.248699 -0.190508 -0.0191523 255 0 0
0.271846 -0.14373 0.281408 255 0 0
0.017221 -0.292802 0.29425 255 0 0
-0.150426 0.180166 0.426469 255 0 0
0.0200236 -0.255822 0.366024 255 0 0
-0.10135 -0.111477 0.495824 255 0 0
-0.213942 -0.191039 0.15075 255 0 0
0.195982 0.0353268 0.526157 255 0 0
0.162974 0.0416793 0.0468533 255 0 0
0.0449652 -0.0826796 -0.142578 255 0 0
-0.0420199 0.215102 0.103932 255 0 0
0.268945 -0.0550616 0.0026719 255 0 0
0.256977 -0.242833 -0.0578726 255 0 0
-0.0747691 -0.140004 0.491556 255 0 0
0.133857 -0.196267 -0.183055 255 0 0
0.101465 -0.0800676 -0.120387 255 0 0
0.288089 0.24972 0.279168 255 0 0
0.254252 0.070587 -0.00616114 255 0 0
-0.124068 -0.213725 0.300956 255 0 0
-0.0326511 0.206218 0.420202 255 0 0
0.323999 0.0396817 0.214929 255 0 0
0.0132873 0.307218 0.297383 255 0 0
0.0392587 0.0196971 0.588118 255 0 0
0.283422 0.0298883 0.272736 255 0 0
-0.0201219 -0.206183 0.442736 255 0 0
-0.0421343 -0.315575 0.224338 255 0 0
-0.0649362 -0.118236 0.51301 255 0 0
0.288471 0.0866719 0.390343 255 0 0
0.280382 -0.239702 0.170649 255 0 0
-0.015271 -0.313079 0.245702 255 0 0
-0.0405121 -0.315915 -0.136684 255 0 0
0.155574 -0.0952253 0.514948 255 0 0
0.238307 0.306764 0.149989 255 0 0
0.250084 0.0903542 0.462233 255 0 0
0.010549 -0.221398 -0.181943 255 0 0
0.383934 0.0227274 0.0437689 255 0 0
0.0495298 0.363518 0.169768 255 0 0
-0.194334 -0.217548 0.153347 255 0 0
-0.0263857 -0.283432 0.295649 255 0 0
0.216501 -0.0211214 -0.0540597 255 0 0
0.250094 -0.135753 -0.0946914 255 0 0
0.211681 -0.154524 0.406971 255 0 0
0.249049 -0.229714 -0.0766966 255 0 0
0.146905 -0.0168449 -0.0350494 255 0 0
0.0992446 0.0533471 0.0677668 255 0 0
0.404003 0.030184 0.0812366 255 0 0
-0.0525055 -0.140764 0.501533 255 0 0
-0.180628 0.0167189 0.0428818 255 0 0
-0.101707 0.321865 0.0449579 255 0 0
-0.254567 -0.0348224 -0.0289004 255 0 0
0.368318 0.159906 0.157482 255 0 0
-0.00966351 -0.427079 -0.079536 255 0 0
0.294478 0.179175 0.367353 255 0 0
-0.23603 -0.0605081 -0.00450205 255 0 0
0.346577 0.219586 0.220564 255 0 0
0.275427 -0.0565018 0.268362 255 0 0
-0.311419 -0.000735906 -0.0265166 255 0 0
-0.217103 -0.0487632 0.00244363 255 0 0
0.0268394 -0.455602 -0.0319065 255 0 0
0.0181335 0.368635 0.128198 255 0 0
0.233375 -0.337971 -0.173392 255 0 0
-0.085665 0.170501 0.455841 255 0 0
0.15271 -0.0802874 -0.128635 255 0 0
0.115991 -0.205504 0.432418 255 0 0
0.178263 -0.00860862 -0.0495037 255 0 0
0.0549409 0.113313 0.561201 255 0 0
0.277347 -0.120236 0.2766 255 0 0
0.237891 0.226234 0.393425 255 0 0
0.318525 -0.0899224 0.0654269 255 0 0
-0.0906042 0.0787753 0.552299 255 0 0
0.0386764 0.215013 0.425985 255 0 0
0.261747 0.00647732 -0.026144 255 0 0
-0.160315 0.0166102 0.0935491 255 0 0
-0.350706 0.136565 0.169184 255 0 0
-0.0939355 0.208955 0.401343 255 0 0
-0.321828 0.0190326 -0.0223918 255 0 0
-0.369329 0.0698098 0.0976352 255 0 0
0.200039 -0.319645 -0.201783 255 0 0
0.313562 0.27059 0.164949 255 0 0
0.258686 -0.033605 0.381226 255 0 0
-0.0230161 -0.346079 -0.172366 255 0 0
-0.181407 0.359859 0.0516865 255 0 0
-0.254318 0.0102928 0.389597 255 0 0
-0.132536 0.237535 0.353407 255 0 0
-0.0277378 -0.0559829 0.563365 255 0 0
0.171746 0.128353 0.117654 255 0 0
0.0417334 -0.465276 -0.0304691 255 0 0
0.329737 0.104382 0.0234081 255 0 0
-0.0458993 -0.109193 -0.118457 255 0 0
-0.228522 -0.139692 0.092057 255 0 0
0.123035 -0.224202 0.400271 255 0 0
0.374894 -0.0136922 0.0601467 255 0 0
-0.306789 -0.106302 0.17314 255 0 0
0.0494802 -0.318178 0.25223 255 0 0
0.0657733 0.0519962 0.585888 255 0 0
-0.00587902 -0.39324 0.0589205 255 0 0
0.3723 -0.0163251 0.169225 255 0 0
0.0803686 -0.248958 -0.236307 255 0 0
0.209604 -0.272841 0.243099 255 0 0
0.267199 0.227635 0.356754 255 0 0
-0.0604498 0.079112 0.0891671 255 0 0
0.136466 0.270375 0.375945 255 0 0
-0.0854699 -0.298666 0.068952 255 0 0
-0.140371 0.252378 0.0906886 255 0 0
-0.144106 -0.271066 0.142022 255 0 0
0.0705904 -0.347478 0.203329 255 0 0
0.00179611 0.0371015 0.587349 255 0 0
0.0921754 -0.252389 -0.240231 255 0 0
0.0397392 0.0457292 0.062735 255 0 0
-0.144969 0.176779 0.131091 255 0 0
-0.0398565 0.337982 0.243351 255 0 0
-0.105444 -0.303415 0.163972 255 0 0
0.382367 0.0534093 0.160892 255 0 0
0.113961 -0.333147 -0.229651 255 0 0
0.0117651 -0.297034 0.285464 255 0 0
0.153157 -0.470888 0.00806221 255 0 0
-0.234418 0.20347 0.301394 255 0 0
0.297069 0.048361 0.275197 255 0 0
0.0776505 -0.290904 0.296076 255 0 0
-0.0458456 0.108421 0.0916188 255 0 0
0.0873252 -0.318698 0.248836 255 0 0
0.181538 -0.382626 -0.198902 255 0 0
-0.0882252 0.362104 0.193927 255 0 0
-0.0684673 -0.216893 -0.00362799 255 0 0
-0.0967186 -0.0513926 0.536502 255 0 0
-0.0319453 -0.301091 -0.165465 255 0 0
0.356397 0.210816 0.114607 255 0 0
-0.337831 0.0167507 0.00103954 255 0 0
0.168538 0.271432 0.367062 255 0 0
-0.352611 0.143403 0.141556 255 0 0
-0.0549082 -0.00156193 0.0668296 255 0 0
0.12582 0.283302 0.122495 255 0 0
-0.0322879 -0.267544 -0.15771 255 0 0
0.24063 -0.422659 -0.098687 255 0 0
0.041724 0.0634958 0.0707838 255 0 0
-0.0925158 0.376723 0.162245 255 0 0
-0.246004 -0.125619 0.251571 255 0 0
0.384564 0.0848618 0.0487458 255 0 0
-0.0887828 0.0712881 0.100601 255 0 0
0.365773 0.170749 0.196508 255 0 0
-0.186098 0.226413 0.336664 255 0 0
-0.32608 0.0509816 -0.0205107 255 0 0
0.323081 -0.1309 0.093205 255 0 0
0.021001 0.051588 0.067646 255 0 0
-0.260254 0.209388 0.0882308 255 0 0
-0.00154651 0.368044 0.203363 255 0 0
0.0061304 0.376627 0.1625 255 0 0
0.220226 0.186521 0.45972 255 0 0
0.256479 -0.011368 0.404869 255 0 0
0.182627 -0.178849 0.416339 255 0 0
0.137986 -0.478022 -0.131642 255 0 0
0.350802 0.172023 0.0912512 255 0 0
-0.352015 0.0329885 0.0391233 255 0 0
0.132458 -0.463062 -0.153166 255 0 0
0.211782 0.152008 0.490583 255 0 0
-0.191034 0.0903128 0.0341428 255 0 0
-0.239763 -0.00518543 -0.0380402 255 0 0
0.305892 -0.0584873 0.230341 255 0 0
0.0401873 0.353225 0.124835 255 0 0
0.297532 -0.201165 0.195347 255 0 0
0.326321 0.087576 0.010098 255 0 0
0.144249 -0.289364 0.27147 255 0 0
0.0421415 -0.460746 -0.123991 255 0 0
0.206877 -0.323716 0.163039 255 0 0
-0.014158 0.230939 0.391127 255 0 0
0.114469 -0.387224 0.133871 255 0 0
-0.327165 0.00947844 0.281583 255 0 0
-0.251721 0.0490626 0.421256 255 0 0
0.269092 -0.0680939 0.291611 255 0 0
0.137755 -0.0223791 0.555667 255 0 0
0.172947 0.0467775 0.0422137 255 0 0
-0.0798237 -0.181043 -0.0746196 255 0 0
-0.262475 -0.15093 0.122595 255 0 0
-0.169814 0.360029 0.0521639 255 0 0
0.304542 -0.0945208 0.232944 255 0 0
0.0830599 -0.278153 0.318559 255 0 0
-0.0248521 -0.1098 0.532702 255 0 0
-0.215069 -0.0424713 0.352693 255 0 0
0.202489 -0.0920816 0.474037 255 0 0
-0.0883688 -0.153169 0.055841 255 0 0
0.0905763 -0.05872 -0.0217383 255 0 0
0.239949 -0.181864 -0.109659 255 0 0
-0.202423 -0.0470468 0.372164 255 0 0
-0.0100513 -0.150675 -0.171954 255 0 0
0.0330458 0.027436 0.588836 255 0 0
0.276129 -0.248818 0.105359 255 0 0
-0.30348 -0.119814 0.161837 255 0 0
0.104512 0.130158 0.54872 255 0 0
0.33278 -0.143185 0.129051 255 0 0
0.26726 -0.304645 -0.0950562 255 0 0
-0.18803 0.412972 0.0926472 255 0 0
0.00498509 -0.388808 0.0873782 255 0 0
0.293419 -0.0913561 0.0487824 255 0 0
0.294339 -0.20985 0.107149 255 0 0
0.378275 0.0952389 0.0488314 255 0 0
0.187836 0.139881 0.103592 255 0 0
-0.17121 0.0609958 0.0797731 255 0 0
-0.300993 0.153459 0.241663 255 0 0
-0.346301 0.150402 0.11348 255 0 0
0.294325 -0.192255 0.0887016 255 0 0
0.0784379 -0.165124 0.493671 255 0 0
0.102018 0.34867 0.189693 255 0 0
-0.152304 0.129259 0.123211 255 0 0
-0.135217 -0.168046 0.348298 255 0 0
0.0581974 -0.405012 -0.194149 255 0 0
-0.060952 -0.264075 0.304901 255 0 0
-0.100464 -0.157751 0.455642 255 0 0
0.258338 0.297583 0.195643 255 0 0
0.316344 0.185899 0.0660936 255 0 0
-0.0206108 -0.23878 0.387746 255 0 0
-0.325239 0.190439 0.147762 255 0 0
0.0498639 -0.471477 -0.0346397 255 0 0
-0.135024 -0.25615 0.239673 255 0 0
-0.147936 -0.139688 0.362534 255 0 0
-0.0134436 -0.121799 -0.162526 255 0 0
-0.0704726 -0.256939 -0.0574614 255 0 0
0.355895 -0.0885268 0.156514 255 0 0
0.156381 0.334341 0.185955 255 0 0
0.0354916 0.141617 0.528486 255 0 0
0.208734 -0.436252 -0.144349 255 0 0
0.0279648 -0.262703 0.353742 255 0 0
-0.297097 0.246249 0.179135 255 0 0
-0.355388 -0.00798053 0.0796353 255 0 0
-0.13731 0.355794 0.193591 255 0 0
0.169595 0.26206 0.386092 255 0 0
0.0583093 -0.463183 -0.00223784 255 0 0
-0.0331048 -0.343223 0.165211 255 0 0
0.307305 0.0894141 0.34602 255 0 0
0.402332 0.0692096 0.0709741 255 0 0
-0.305371 -0.0957605 0.189208 255 0 0
-0.332056 -0.0666588 0.0539253 255 0 0
-0.309478 0.104079 0.314284 255 0 0
-0.007207 -0.40254 -0.142913 255 0 0
0.0849113 -0.361812 0.178541 255 0 0
-0.184151 -0.113458 0.300537 255 0 0
0.130688 -0.480837 -0.00462625 255 0 0
0.182001 0.274105 0.351166 255 0 0
-0.340031 0.0847035 0.246985 255 0 0
0.0442309 0.288793 0.0945319 255 0 0
-0.228619 0.0218172 -0.03809 255 0 0
0.298608 0.280657 0.161185 255 0 0
0.141187 0.197694 0.477658 255 0 0
-0.276795 -0.119206 0.0539073 255 0 0
0.274438 -0.133507 0.279576 255 0 0
0.258739 -0.0546411 0.372476 255 0 0
0.0567721 0.102458 0.569599 255 0 0
-0.243186 0.396851 0.0668599 255 0 0
-0.0280555 -0.176359 0.477296 255 0 0
0.234624 0.211697 0.417406 255 0 0
0.0112361 0.126798 0.542494 255 0 0
-0.164045 -0.151011 0.300754 255 0 0
-0.0475161 -0.344606 0.139141 255 0 0
0.263001 0.0207836 0.40714 255 0 0
0.0222546 0.00922521 0.0464406 255 0 0
0.264418 -0.056741 0.324776 255 0 0
0.205471 -0.212555 0.336802 255 0 0
0.0189614 -0.375989 -0.194329 255 0 0
-0.28074 0.126655 0.359588 255 0 0
0.297997 0.022353 -0.0148911 255 0 0
-0.0173626 -0.0612525 0.0218683 255 0 0
0.262312 -0.115282 0.319759 255 0 0
0.347232 0.240636 0.156562 255 0 0
-0.0765824 0.199939 0.417687 255 0 0
0.299686 -0.0140156 0.230822 255 0 0
0.00588965 -0.280261 0.315512 255 0 0
0.249257 -0.412027 -0.0657372 255 0 0
-0.246809 -0.166279 0.151639 255 0 0
-0.215722 0.278594 0.267115 255 0 0
0.00378637 -0.262569 0.349381 255 0 0
0.000454166 -0.284225 -0.209457 255 0 0
-0.317578 -0.0877934 0.168257 255 0 0
-0.335675 0.118141 0.0274169 255 0 0
-0.0353865 0.0221513 0.0692696 255 0 0
-0.193814 -0.165361 0.107837 255 0 0
-0.0178899 -0.159563 0.49636 255 0 0
0.283127 0.2484 0.29051 255 0 0
-0.010131 0.325495 0.0626342 255 0 0
0.383205 0.111578 0.085068 255 0 0
-0.157029 -0.0120733 0.0986579 255 0 0
0.322515 0.198623 0.302 255 0 0
-0.0077817 0.180494 0.461672 255 0 0
0.356883 0.0926683 0.028088 255 0 0
-0.282352 -0.0189117 0.31215 255 0 0
-0.104742 0.310835 0.0453855 255 0 0
-0.315567 -0.0797572 0.032466 255 0 0
-0.144838 0.0791552 0.521629 255 0 0
0.368095 0.0896233 0.168757 255 0 0
0.27442 0.0144226 0.28454 255 0 0
0.126387 0.240151 0.418753 255 0 0
-0.11354 -0.112217 0.485213 255 0 0
-0.288343 0.300105 0.136078 255 0 0
0.367463 0.195331 0.171826 255 0 0
-0.199732 0.109935 0.0262015 255 0 0
0.233413 -0.369036 0.0533685 255 0 0
0.249891 -0.254157 -0.105425 255 0 0
0.064617 0.282831 0.344701 255 0 0
0.252572 -0.369547 0.0040467 255 0 0
0.368953 0.091362 0.0363674 255 0 0
0.350947 0.163624 0.255248 255 0 0
0.206689 -0.419267 -0.162897 255 0 0
0.321874 0.0988532 0.0170418 255 0 0
0.247644 0.0464636 -0.0191246 255 0 0
0.0534938 -0.412011 0.0837046 255 0 0
-0.114603 0.108947 0.524175 255 0 0
0.237147 0.217367 0.062683 255 0 0
0.236683 -0.0676246 0.434224 255 0 0
0.104317 -0.406119 0.106956 255 0 0
0.0584057 0.254046 0.380362 255 0 0
0.2172 0.0758966 0.0221764 255 0 0
0.269132 -0.00810632 0.290357 255 0 0
0.00454187 0.0532005 0.586257 255 0 0
-0.0872656 -0.168253 0.0552209 255 0 0
-0.355869 0.11973 0.0901193 255 0 0
0.195522 0.19253 0.0792225 255 0 0
0.404689 0.0734594 0.109474 255 0 0
0.076332 -0.161209 -0.179575 255 0 0
0.272071 -0.238695 0.0646563 255 0 0
0.0414875 0.107342 0.0880284 255 0 0
-0.144748 -0.273266 0.170565 255 0 0
0.0109183 -0.0914543 -0.151397 255 0 0
0.116253 0.101663 0.108333 255 0 0
0.0168863 -0.121282 0.531987 255 0 0
-0.108711 0.185354 0.135992 255 0 0
0.0771342 -0.430353 0.0643468 255 0 0
0.0734678 -0.355003 -0.221544 255 0 0
-0.204293 0.331464 0.211867 255 0 0
0.0442258 -0.384288 -0.201522 255 0 0
0.147206 0.321056 0.152319 255 0 0
-0.297437 0.0203749 -0.0414846 255 0 0
0.103651 -0.20364 0.440434 255 0 0
-0.102661 0.317552 0.253445 255 0 0
0.31067 0.235134 0.0785016 255 0 0
-0.2439 0.118292 0.430032 255 0 0
-0.0569242 -0.295322 -0.0860916 255 0 0
0.300541 0.0881226 0.361826 255 0 0
0.266099 -0.0826639 0.312752 255 0 0
-0.172524 -0.170868 0.0985204 255 0 0
-0.241753 0.194625 0.074416 255 0 0
0.164565 -0.0144003 -0.0499116 255 0 0
-0.166206 -0.204075 0.103998 255 0 0
-0.0624882 -0.338962 0.0773317 255 0 0
0.158589 -0.491957 -0.0609747 255 0 0
-0.171322 0.170241 0.432789 255 0 0
0.0892126 -0.489726 -0.099559 255 0 0
-0.0644416 0.0474977 0.0860724 255 0 0
0.0725908 -0.422242 -0.186375 255 0 0
0.165829 -0.122281 0.489992 255 0 0
0.191278 0.187842 0.478641 255 0 0
-0.020662 -0.395861 -0.121084 255 0 0
0.243651 -0.0782668 0.412053 255 0 0
-0.148557 -0.169035 0.30912 255 0 0
0.268327 -0.336962 -0.046525 255 0 0
-0.0834317 -0.203017 0.408561 255 0 0
-0.0265608 0.282851 0.318532 255 0 0
0.206224 -0.226925 0.315786 255 0 0
0.144223 -0.214003 -0.199037 255 0 0
0.234701 -0.34253 0.0792277 255 0 0
0.232087 -0.318165 -0.174082 255 0 0
-0.0110148 -0.239944 0.38905 255 0 0
0.320444 -0.164302 0.17673 255 0 0
-0.0679041 0.268955 0.0526433 255 0 0
-0.338898 0.145719 0.0763891 255 0 0
0.139037 -0.19144 0.438126 255 0 0
-0.0682725 -0.17044 -0.0197684 255 0 0
0.23133 -0.177385 -0.127438 255 0 0
-0.157137 0.14097 0.476025 255 0 0
-0.280938 -0.00480703 0.338415 255 0 0
-0.334722 -0.00216371 0.252951 255 0 0
0.081961 0.320493 0.295883 255 0 0
-0.0496106 -0.173147 -0.145613 255 0 0
0.272097 -0.0682742 0.281392 255 0 0
-0.234949 0.129992 0.43234 255 0 0
-0.00780759 0.277436 0.0640231 255 0 0
0.0535569 -0.311924 0.262735 255 0 0
0.278896 0.263099 0.08846 255 0 0
0.285901 -0.0323232 0.00241533 255 0 0
0.373018 0.0677392 0.168718 255 0 0
0.244561 -0.292752 0.14753 255 0 0
0.0742184 0.348958 0.158431 255 0 0
0.0241548 -0.427298 -0.155611 255 0 0
0.0926349 0.168585 0.5051 255 0 0
-0.0579051 -0.154498 0.00181399 255 0 0
-0.110267 0.254723 0.336536 255 0 0
-0.00887138 -0.328106 0.218142 255 0 0
-0.344384 0.0104556 0.0218653 255 0 0
0.144517 -0.48887 -0.106265 255 0 0
0.250498 0.253244 0.326561 255 0 0
0.198296 -0.463128 -0.11286 255 0 0
-0.216284 -0.153085 0.262457 255 0 0
-0.252885 0.36466 0.0652077 255 0 0
0.21207 0.22063 0.428127 255 0 0
0.331555 0.188336 0.292332 255 0 0
0.0649441 -0.126208 -0.172892 255 0 0
0.151428 0.308476 0.294931 255 0 0
-0.250553 0.176941 0.309834 255 0 0
0.205059 -0.366475 0.100579 255 0 0
-0.0894807 -0.166149 0.455543 255 0 0
0.124375 0.0170252 0.569821 255 0 0
-0.349419 0.00989508 0.0408284 255 0 0
-0.331523 -0.0360939 0.20836 255 0 0
0.192563 -0.0903358 -0.133797 255 0 0
0.281629 -0.187848 0.0652482 255 0 0
0.0461378 -0.0967882 0.5471 255 0 0
-0.159788 -0.100273 0.418638 255 0 0
-0.144189 -0.258452 0.117905 255 0 0
-0.0457728 0.154491 0.489408 255 0 0
-0.128458 -0.175473 0.36391 255 0 0
0.2748 0.0328916 -0.0210385 255 0 0
0.337741 -0.104322 0.094731 255 0 0
-0.0253133 -0.164846 0.489558 255 0 0
0.170815 -0.231216 0.34874 255 0 0
0.323241 -0.156188 0.117594 255 0 0
-0.0841646 -0.244728 0.314495 255 0 0
0.228076 0.196739 0.442273 255 0 0
0.135695 -0.403211 0.105926 255 0 0
0.0939367 -0.494677 -0.0691386 255 0 0
-0.0304683 0.233723 0.0856621 255 0 0
0.249078 0.279748 0.0996165 255 0 0
-0.298836 -0.0822821 0.0162897 255 0 0
-0.109398 0.368664 0.177229 255 0 0
0.201333 -0.136022 0.442598 255 0 0
-0.00104253 0.192398 0.115716 255 0 0
0.357835 0.0277292 0.0171688 255 0 0
-0.330593 0.156576 0.196056 255 0 0
0.198183 -0.214231 0.343867 255 0 0
0.0476507 -0.0690205 -0.0453354 255 0 0
0.0675151 -0.0580244 -0.00749418 255 0 0
-0.00971779 0.335152 0.254881 255 0 0
-0.284537 -0.106327 0.217328 255 0 0
-0.0242233 -0.253666 0.356469 255 0 0
0.0439509 0.0365135 0.588481 255 0 0
-0.0325157 -0.371933 0.0593843 255 0 0
-0.126705 -0.0116954 0.111716 255 0 0
0.121584 0.225408 0.438265 255 0 0
-0.0330085 0.282859 0.0527473 255 0 0
-0.0510877 -0.229298 0.389545 255 0 0
-0.0293073 -0.149955 0.501859 255 0 0
-0.066119 -0.133311 -0.0849047 255 0 0
-0.0399357 -0.358228 0.0951535 255 0 0
-0.0606853 -0.275671 -0.0973555 255 0 0
0.354737 0.172056 0.24288 255 0 0
-0.0599515 -0.041787 0.0500394 255 0 0
-0.284042 0.328633 0.174878 255 0 0
0.0199678 0.144371 0.521586 255 0 0
0.246581 0.18439 0.432434 255 0 0
0.026899 0.301321 0.0812856 255 0 0
-0.104051 -0.0627283 0.525514 255 0 0
-0.243753 0.273204 0.0917084 255 0 0
-0.306999 0.103896 0.322925 255 0 0
-0.235957 0.388239 0.128568 255 0 0
-0.153879 -0.231858 0.106093 255 0 0
0.00131984 -0.116459 0.53342 255 0 0
0.151612 0.336559 0.225807 255 0 0
0.153461 -0.492574 -0.0523324 255 0 0
0.17348 0.230535 0.0898216 255 0 0
-0.0846483 -0.103651 0.0529666 255 0 0
-0.106033 0.28609 0.0506424 255 0 0
0.204254 0.312257 0.234372 255 0 0
0.228324 -0.350999 -0.17719 255 0 0
0.0486685 -0.32583 0.239037 255 0 0
-0.165718 -0.242216 0.131984 255 0 0
0.292915 -0.223358 0.135437 255 0 0
0.289327 0.00233744 0.239308 255 0 0
-0.358006 -0.019393 0.124735 255 0 0
-0.252578 0.159617 0.359234 255 0 0
-0.188338 -0.216875 0.139681 255 0 0
-0.0236328 0.254195 0.357357 255 0 0
-0.211792 0.315377 0.068394 255 0 0
-0.228961 0.0486096 0.445126 255 0 0
-0.0262017 -0.388665 -0.113329 255 0 0
0.199537 -0.028445 -0.0693767 255 0 0
0.0348135 -0.0650978 -0.0848791 255 0 0
0.278701 -0.142194 0.269061 255 0 0
0.265389 -0.274267 0.0196784 255 0 0
-0.268342 -0.123804 0.0586527 255 0 0
-0.0417544 0.136347 0.101004 255 0 0
0.215666 -0.454559 -0.0958142 255 0 0
-0.223255 -0.158391 0.114825 255 0 0
-0.31422 0.104754 0.296242 255 0 0
-0.3342 0.020568 0.278334 255 0 0
-0.0580207 -0.267304 -0.113604 255 0 0
0.101559 0.258785 0.386571 255 0 0
-0.137826 0.107801 0.513845 255 0 0
-0.0726192 0.36591 0.191466 255 0 0
0.300703 -0.170162 0.219712 255 0 0
0.116584 -0.49668 -0.0544591 255 0 0
-0.206453 0.192098 0.371739 255 0 0
-0.201373 -0.193732 0.243596 255 0 0
-0.0258561 -0.307745 0.250596 255 0 0
-0.0683953 0.304044 0.0428744 255 0 0
-0.207188 0.181214 0.391986 255 0 0
-0.12095 -0.0936217 0.492 255 0 0
-0.0310147 0.0326797 0.0715124 255 0 0
0.0933602 0.0551961 0.581228 255 0 0
-0.264716 -0.0674803 0.262386 255 0 0
0.0158963 -0.0769397 -0.0290748 255 0 0
-0.0790542 -0.307992 0.203816 255 0 0
0.166276 -0.452912 0.0294898 255 0 0
-0.0707597 0.235237 0.0824068 255 0 0
-0.0614039 -0.337036 0.13596 255 0 0
0.12091 0.221678 0.122825 255 0 0
-0.036429 -0.366018 -0.106395 255 0 0
0.0191197 -0.0543324 0.568837 255 0 0
0.0044857 -0.361023 0.15559 255 0 0
0.244654 -0.420337 -0.0571543 255 0 0
-0.0506411 -0.171991 0.473586 255 0 0
0.266823 0.216791 0.0593653 255 0 0
0.329102 -0.10756 0.199592 255 0 0
0.107563 -0.252788 0.35815 255 0 0
0.0752931 -0.477931 -0.121929 255 0 0
-0.319346 0.131217 0.233642 255 0 0
0.212843 -0.286832 -0.186391 255 0 0
0.187969 -0.0745522 0.500517 255 0 0
0.144495 -0.0622714 -0.104603 255 0 0
0.0918837 0.341762 0.25756 255 0 0
0.059248 -0.418317 0.0759775 255 0 0
-0.161177 0.17377 0.12073 255 0 0
-0.0878217 0.249731 0.0692228 255 0 0
0.00508889 -0.0449174 0.572146 255 0 0
-0.297981 0.0343894 0.353596 255 0 0
0.212062 0.261853 0.0861876 255 0 0
-0.374388 0.0602972 0.119594 255 0 0
-0.219151 0.0461262 -0.0302106 255 0 0
0.29044 0.115095 0.0270839 255 0 0
0.260836 0.0155389 -0.0260265 255 0 0
0.0705567 -0.21331 0.437139 255 0 0
-0.188997 0.299386 0.0706543 255 0 0
0.368837 0.181934 0.158051 255 0 0
0.263452 -0.279879 0.047173 255 0 0
-0.250467 -0.155348 0.123466 255 0 0
-0.0680161 -0.144629 -0.0520576 255 0 0
-0.0632022 -0.324011 0.182443 255 0 0
0.0511221 0.303649 0.100227 255 0 0
0.288107 -0.127255 0.255912 255 0 0
-0.297954 -0.112062 0.189645 255 0 0
0.398615 0.0309466 0.0642517 255 0 0
0.236564 0.087075 0.0177662 255 0 0
0.0143464 -0.112673 0.5373 255 0 0
-0.0637417 -0.168913 0.028318 255 0 0
0.308912 0.142176 0.050267 255 0 0
0.176231 -0.00241331 -0.0417398 255 0 0
0.0484772 0.12317 0.551633 255 0 0
0.229582 0.165401 0.466194 255 0 0
0.0913809 0.174641 0.131363 255 0 0
0.377294 -0.0220279 0.0724514 255 0 0
-0.15884 0.341496 0.0541773 255 0 0
-0.126921 -0.196074 0.319337 255 0 0
-0.00424507 -0.423219 -0.0114593 255 0 0
-0.239372 -0.14483 0.246844 255 0 0
-0.0430808 -0.115699 -0.130545 255 0 0
-0.0289409 -0.302481 0.259114 255 0 0
0.310067 0.270155 0.184186 255 0 0
0.169158 -0.272145 -0.221918 255 0 0
0.1771 -0.277085 0.266822 255 0 0
-0.0479422 0.220806 0.0984165 255 0 0
-0.0596033 0.198873 0.116333 255 0 0
-0.267975 0.0451476 0.400818 255 0 0
0.322158 0.152524 0.0603177 255 0 0
-0.346787 0.130926 0.0750627 255 0 0
-0.043374 -0.122329 0.0013626 255 0 0
0.318906 -0.0037013 0.216971 255 0 0
-0.236856 0.32506 0.0712472 255 0 0
0.195848 0.112593 0.102498 255 0 0
0.348261 0.181222 0.0899098 255 0 0
0.0852628 0.12268 0.555542 255 0 0
-0.206716 -0.0199725 0.417911 255 0 0
-0.0241082 0.0251355 0.066871 255 0 0
0.354989 -0.014322 0.189431 255 0 0
-0.34334 0.0368934 0.265675 255 0 0
-0.117227 -0.0778074 0.0870481 255 0 0
-0.172365 0.37095 0.0512153 255 0 0
0.205459 0.0643488 0.517499 255 0 0
0.337613 -0.0221906 0.204578 255 0 0
-0.0942086 0.0287023 0.099573 255 0 0
0.253713 -0.194928 0.00366695 255 0 0
0.266538 0.238684 0.0674268 255 0 0
-0.0732529 -0.309352 0.0499506 255 0 0
0.12419 0.0545325 0.0747367 255 0 0
0.128494 0.00380373 0.0206246 255 0 0
-0.0207753 -0.332198 0.202577 255 0 0
0.297511 0.0509604 0.287727 255 0 0
0.295347 0.277098 0.123633 255 0 0
0.188511 -0.0218203 -0.0644945 255 0 0
-0.130185 0.0573114 0.115365 255 0 0
-0.18839 -0.230753 0.181871 255 0 0
-0.230521 0.38072 0.139872 255 0 0
-0.251233 -0.167733 0.184992 255 0 0
-0.167829 0.0871991 0.503398 255 0 0
-0.304581 -0.0674979 0.214475 255 0 0
-0.253114 0.0582851 0.424032 255 0 0
0.00671666 0.0704798 0.581882 255 0 0
0.253084 0.00976207 0.430355 255 0 0
-0.360637 -0.00504966 0.183037 255 0 0
0.217651 0.126574 0.496169 255 0 0
0.264496 -0.213699 0.250055 255 0 0
-0.16504 0.37336 0.164276 255 0 0
-0.0180658 0.0445557 0.584494 255 0 0
0.221238 -0.0320321 -0.0590473 255 0 0
-0.158837 0.352845 0.0531788 255 0 0
-0.365856 0.104143 0.158619 255 0 0
0.10609 0.342539 0.250225 255 0 0
-0.0841341 -0.264691 0.278707 255 0 0
-0.132225 0.39365 0.0862169 255 0 0
-0.0673363 -0.248637 0.0147785 255 0 0
-0.21663 0.0761697 0.463735 255 0 0
-0.0334247 -0.385801 -0.0891226 255 0 0
-0.215286 0.039551 0.455229 255 0 0
0.000581642 -0.0786012 -0.0467335 255 0 0
0.141836 0.0562426 0.0820742 255 0 0
-0.346865 -0.0218135 0.058827 255 0 0
0.206464 -0.428909 -0.15415 255 0 0
0.0807094 -0.39972 -0.202221 255 0 0
-0.262544 -0.153313 0.132453 255 0 0
0.0263749 0.166198 0.491211 255 0 0
-0.106708 -0.268237 0.251333 255 0 0
-0.136444 -0.00758499 0.521772 255 0 0
-0.294815 -0.0584777 0.236722 255 0 0
-0.0718723 -0.173868 0.0420929 255 0 0
0.241054 0.10212 0.0361603 255 0 0
0.214008 -0.371082 0.0837835 255 0 0
0.14669 -0.239987 0.356119 255 0 0
0.249762 -0.00682628 0.430688 255 0 0
-0.0607087 -0.158769 0.0238151 255 0 0
0.271212 -0.158186 0.276559 255 0 0
0.183702 -0.438871 0.0373615 255 0 0
0.20709 -0.179849 0.381139 255 0 0
0.0262228 -0.0300044 0.0237795 255 0 0
0.00376368 0.226932 0.104737 255 0 0
0.015282 -0.153642 -0.179574 255 0 0
0.0336176 -0.328463 -0.223537 255 0 0
0.0547169 -0.0108577 0.582054 255 0 0
0.040057 -0.202169 0.456248 255 0 0
0.0816065 0.340117 0.262594 255 0 0
-0.2763 -0.148332 0.153746 255 0 0
0.013995 -0.30723 -0.222137 255 0 0
0.274074 -0.243225 0.0771674 255 0 0
0.102904 -0.233913 -0.229526 255 0 0
0.213967 0.182133 0.469101 255 0 0
0.108171 0.269032 0.121497 255 0 0
-0.283541 0.294406 0.198488 255 0 0
-0.181228 0.180545 0.41334 255 0 0
0.0601381 -0.363133 0.174617 255 0 0
0.173204 0.0525767 0.0617219 255 0 0
0.12718 -0.307618 0.252274 255 0 0
-0.285348 -0.0342838 -0.0267953 255 0 0
-0.130078 0.0644601 0.534643 255 0 0
0.050983 -0.0330226 0.575723 255 0 0
0.167972 -0.130019 -0.154779 255 0 0
0.198768 -0.150608 0.431064 255 0 0
-0.173418 0.117623 0.101314 255 0 0
0.0289335 -0.248156 0.381804 255 0 0
0.239268 -0.288992 0.172384 255 0 0
0.102097 0.349422 0.227576 255 0 0
0.0919126 -0.167662 0.487773 255 0 0
-0.285724 0.337539 0.106344 255 0 0
0.0990653 0.324971 0.143958 255 0 0
-0.103022 0.251276 0.342779 255 0 0
0.179882 0.0639946 0.0807582 255 0 0
0.088411 -0.428691 -0.1845 255 0 0
0.161618 -0.312938 0.224335 255 0 0
0.118015 -0.216908 -0.210274 255 0 0
0.214937 -0.104668 -0.131186 255 0 0
0.168685 -0.154103 -0.157814 255 0 0
-0.135472 -0.228226 0.273256 255 0 0
-0.220038 -0.0298461 -0.0119021 255 0 0
-0.181752 -0.0380346 0.0530743 255 0 0
-0.235965 -0.0704999 0.00301673 255 0 0
-0.0624876 0.08193 0.561839 255 0 0
-0.00236182 -0.213093 -0.174677 255 0 0
0.0538748 0.335881 0.118406 255 0 0
0.152692 -0.0239366 -0.0538228 255 0 0
0.208076 0.282039 0.292473 255 0 0
-0.245674 0.179409 0.317523 255 0 0
-0.170204 -0.0973981 0.343825 255 0 0
0.144526 -0.276422 0.292611 255 0 0
-0.128159 -0.120392 0.461689 255 0 0
0.274109 0.291037 0.138056 255 0 0
0.265921 -0.172861 0.0389196 255 0 0
0.311744 -0.170584 0.19529 255 0 0
-0.247669 0.175415 0.0451559 255 0 0
-0.117818 -0.230441 0.289728 255 0 0
-0.0580724 -0.248636 0.341703 255 0 0
0.200042 -0.00851749 -0.0495865 255 0 0
0.0494359 -0.386156 0.130121 255 0 0
0.123104 -0.475946 0.00506906 255 0 0
-0.371801 0.0174427 0.15933 255 0 0
-0.0360515 0.0307191 0.581919 255 0 0
0.0186874 0.00362622 0.586361 255 0 0
-0.0953052 0.349257 0.0495437 255 0 0
0.213325 0.0651774 0.00897426 255 0 0
-0.139565 0.366933 0.176689 255 0 0
0.139129 0.338251 0.236731 255 0 0
-0.231588 -0.161056 0.242895 255 0 0
-0.152077 -0.258303 0.21119 255 0 0
-0.0746619 -0.187627 -0.0332982 255 0 0
0.273904 0.00111697 0.267761 255 0 0
0.252438 -0.289107 0.124282 255 0 0
-0.236115 -0.177821 0.167467 255 0 0
0.389528 -0.0185957 0.113829 255 0 0
-0.284811 -0.0908298 0.22636 255 0 0
-0.357258 0.0651205 0.0548479 255 0 0
-0.260193 0.061332 0.416879 255 0 0
-0.236066 0.289111 0.0845425 255 0 0
-0.276941 0.117164 0.381702 255 0 0
0.20554 -0.0935413 -0.13013 255 0 0
0.0601046 0.207498 0.131219 255 0 0
-0.0610071 0.364744 0.0613135 255 0 0
-0.043617 -0.113726 0.524618 255 0 0
0.284067 0.169968 0.0562482 255 0 0
0.213869 -0.457539 -0.0387827 255 0 0
0.16026 -0.488318 -0.0399052 255 0 0
-0.130593 -0.179335 0.339418 255 0 0
-0.340465 0.00917982 0.0115248 255 0 0
0.173791 -0.262363 -0.217342 255 0 0
0.182006 -0.37376 -0.201952 255 0 0
0.109951 -0.196511 -0.188496 255 0 0
-0.0224167 -0.100051 0.539681 255 0 0
0.0449247 -0.0217404 0.0236773 255 0 0
0.354154 -0.0980594 0.14307 255 0 0
-0.372551 0.0841085 0.143132 255 0 0
-0.208645 0.137105 0.0353741 255 0 0
-0.285011 -0.141989 0.152388 255 0 0
-0.00779409 -0.144381 0.511631 255 0 0
-0.00672933 -0.299493 -0.207359 255 0 0
-0.362188 0.102255 0.0922653 255 0 0
0.12743 0.314431 0.299558 255 0 0
-0.248396 0.160025 0.369675 255 0 0
-0.181573 0.323664 0.0606901 255 0 0
-0.0323536 0.258682 0.349039 255 0 0
-0.268169 0.145922 0.00202719 255 0 0
0.0767206 0.0554463 0.066695 255 0 0
-0.299356 0.09929 0.351199 255 0 0
0.160787 -0.00785737 -0.0368399 255 0 0
0.347191 0.164817 0.0846926 255 0 0
0.0784456 0.0339858 0.0507051 255 0 0
0.0673426 -0.378849 0.148267 255 0 0
-0.145839 0.143392 0.477324 255 0 0
-0.0482348 0.144116 0.503971 255 0 0
-0.122016 0.37434 0.0622823 255 0 0
0.108053 0.240859 0.122879 255 0 0
0.317617 0.00826948 0.217243 255 0 0
-0.18799 -0.110367 0.0820518 255 0 0
-0.246115 -0.103251 0.030301 255 0 0
0.147505 -0.0905683 0.522489 255 0 0
-0.160126 0.0854216 0.509418 255 0 0
0.321263 0.115999 0.328515 255 0 0
-0.185691 0.117702 0.479532 255 0 0
-0.0561117 -0.340561 -0.000707033 255 0 0
0.0734403 -0.106468 -0.160738 255 0 0
-0.309466 0.115569 0.283552 255 0 0
0.0204474 -0.223481 -0.187004 255 0 0
0.267704 -0.345436 -0.0588423 255 0 0
-0.0788147 -0.181463 -0.0594073 255 0 0
0.133473 0.332537 0.168654 255 0 0
0.311973 -0.0500365 0.224726 255 0 0
0.00207768 -0.273169 0.327752 255 0 0
0.018809 -0.267695 0.342601 255 0 0
0.0801908 -0.0747124 0.554764 255 0 0
0.0488007 -0.461886 -0.0101382 255 0 0
0.301884 -0.033051 0.0152822 255 0 0
-0.00132817 0.377329 0.170411 255 0 0
0.243022 0.171917 0.060964 255 0 0
-0.115686 0.347283 0.210121 255 0 0
-0.281517 0.36811 0.126118 255 0 0
-0.104667 -0.0258324 0.0971363 255 0 0
0.359256 -0.0767885 0.104884 255 0 0
0.283761 0.0732028 -0.00545336 255 0 0
0.0342807 0.263645 0.361029 255 0 0
0.0823519 -0.441698 0.0485567 255 0 0
-0.0642838 -0.183528 0.453364 255 0 0
-0.0735252 -0.246306 0.326898 255 0 0
-0.23998 0.152355 0.40042 255 0 0
0.327919 -0.141558 0.111304 255 0 0
0.197101 0.201924 0.462002 255 0 0
0.321814 0.0816594 0.27416 255 0 0
-0.256972 0.394915 0.076954 255 0 0
0.291496 -0.181899 0.22854 255 0 0
0.169829 -0.484484 -0.0964538 255 0 0
-0.118798 0.325009 0.239211 255 0 0
0.196544 0.0560005 0.526112 255 0 0
-0.0257172 -0.0869596 -0.114148 255 0 0
-0.279637 -0.135618 0.0948852 255 0 0
-0.19266 -0.189113 0.12003 255 0 0
-0.0441925 -0.249037 0.35389 255 0 0
-0.00281225 -0.371419 0.123213 255 0 0
0.0381734 0.129046 0.544111 255 0 0
0.1893 -0.174284 -0.153113 255 0 0
0.100991 0.154641 0.523624 255 0 0
-0.188117 0.0748429 0.0328819 255 0 0
-0.13464 0.390202 0.129537 255 0 0
-0.326712 0.148512 0.207802 255 0 0
-0.185615 0.201943 0.376351 255 0 0
0.0453195 0.331603 0.106419 255 0 0
0.29384 0.264909 0.0982557 255 0 0
0.152051 0.298125 0.126247 255 0 0
0.0809518 -0.196101 0.45889 255 0 0
-0.23252 0.37669 0.05561 255 0 0
-0.0449288 -0.0910101 0.0256495 255 0 0
0.134384 0.320127 0.149447 255 0 0
0.217491 -0.202167 0.334019 255 0 0
0.0314856 -0.283339 0.313697 255 0 0
-0.375266 0.0664636 0.12951 255 0 0
0.261955 0.270785 0.257981 255 0 0
-0.145315 -0.0550939 0.10176 255 0 0
-0.370995 0.074202 0.107254 255 0 0
0.187947 -0.0249901 0.522048 255 0 0
-0.361236 0.122113 0.147221 255 0 0
0.273148 0.207729 0.37501 255 0 0
0.0328017 -0.209597 -0.187953 255 0 0
0.0777516 0.22112 0.131352 255 0 0
-0.00167853 -0.4317 -0.0309984 255 0 0
-0.141262 -0.268015 0.126125 255 0 0
0.0583123 -0.452978 0.0164427 255 0 0
-0.208098 0.0283181 0.45693 255 0 0
-0.0285731 -0.382609 0.0337593 255 0 0
0.382595 -0.0216 0.0821227 255 0 0
-0.100217 0.301501 0.275452 255 0 0
-0.0635437 -0.311305 0.00965282 255 0 0
0.318356 -0.038977 0.21908 255 0 0
-0.194599 -0.201105 0.132156 255 0 0
0.0314746 0.361059 0.219538 255 0 0
0.359815 0.00921762 0.0264033 255 0 0
0.257831 -0.103439 0.346979 255 0 0
0.0844111 0.157878 0.123929 255 0 0
-0.338992 0.147641 0.186982 255 0 0
-0.135414 -0.27946 0.181708 255 0 0
-0.335793 0.0310055 0.280632 255 0 0
0.331008 -0.0518795 0.208291 255 0 0
0.259389 -0.0756079 -6.29746e-05 255 0 0
-0.0695573 -0.214704 0.401883 255 0 0
-0.017563 -0.0497878 0.567958 255 0 0
-0.0996251 0.0994633 0.110693 255 0 0
0.396394 0.00553947 0.127004 255 0 0
-0.181832 -0.0895482 0.321707 255 0 0
0.248595 -0.16901 -0.014963 255 0 0
0.0906991 -0.129824 0.519604 255 0 0
0.352015 0.213085 0.215293 255 0 0
0.173873 0.117708 0.117511 255 0 0
0.300616 -0.0133224 -0.00177106 255 0 0
0.033705 -0.260261 -0.224356 255 0 0
-0.00530418 -0.0851774 -0.0257167 255 0 0
-0.350463 0.147839 0.132934 255 0 0
-0.171469 -0.124397 0.308347 255 0 0
-0.280596 -0.0586481 0.253741 255 0 0
0.101717 0.126575 0.11456 255 0 0
-0.291726 0.136319 -0.00100687 255 0 0
-0.0549743 0.0410295 0.0811681 255 0 0
0.149391 -0.346357 0.182665 255 0 0
-0.29551 0.211733 0.117368 255 0 0
-0.289295 0.339028 0.148494 255 0 0
-0.151186 0.00183422 0.103824 255 0 0
0.146131 0.200073 0.113684 255 0 0
0.204064 -0.143214 0.43139 255 0 0
0.0202976 -0.0629172 0.564909 255 0 0
0.203338 -0.172121 -0.148159 255 0 0
0.119216 -0.0517763 -0.0525121 255 0 0
0.217401 0.0812579 0.0316944 255 0 0
0.152734 0.248365 0.41053 255 0 0
0.0947478 -0.347326 0.202391 255 0 0
0.176334 -0.186876 0.412497 255 0 0
0.0632057 0.143854 0.53056 255 0 0
-0.346109 0.033351 0.0169375 255 0 0
0.194421 -0.229792 0.325421 255 0 0
0.378771 -0.00786879 0.161908 255 0 0
-0.192836 -0.215225 0.225562 255 0 0
0.267266 -0.277927 -0.0608781 255 0 0
0.156705 0.277796 0.357962 255 0 0
0.26202 0.18438 0.411905 255 0 0
-0.0672606 -0.312078 0.0307341 255 0 0
0.167339 -0.415334 -0.185961 255 0 0
0.266961 -0.271832 -0.0324035 255 0 0
-0.0621697 -0.291033 -0.0442899 255 0 0
0.0649784 0.0184225 0.0416 255 0 0
0.197608 0.0805381 0.523219 255 0 0
-0.18212 -0.199452 0.257932 255 0 0
-0.0303603 -0.384971 0.0205581 255 0 0
-0.176712 -0.240956 0.197825 255 0 0
0.185925 -0.211488 -0.163857 255 0 0
-0.35206 0.118104 0.0746982 255 0 0
0.22769 -0.158833 0.371067 255 0 0
-0.031065 -0.38619 -0.0995229 255 0 0
-0.0936147 0.21811 0.115597 255 0 0
-0.0254128 -0.36653 0.101075 255 0 0
-0.131828 0.145913 0.131764 255 0 0
-0.097092 -0.00992122 0.0950011 255 0 0
0.217616 0.139278 0.491525 255 0 0
-0.00878622 -0.359467 -0.183815 255 0 0
-0.247123 0.372191 0.0615517 255 0 0
0.0892258 -0.388092 0.134857 255 0 0
0.14292 -0.28223 0.283734 255 0 0
0.35875 0.172619 0.228937 255 0 0
0.271127 0.0592445 -0.0132485 255 0 0
-0.36937 0.0114757 0.12198 255 0 0
-0.0599147 0.0917715 0.0912943 255 0 0
0.105039 -0.0573644 -0.0383643 255 0 0
-0.201461 0.0905691 0.0081268 255 0 0
-0.122617 -0.223797 0.0776519 255 0 0
0.328379 -0.00795361 0.21123 255 0 0
0.376217 -0.0478425 0.114812 255 0 0
-0.201324 0.05566 -0.00588887 255 0 0
-0.281313 0.175925 0.0458856 255 0 0
-0.122205 -0.176519 0.38738 255 0 0
0.121225 -0.169936 0.47448 255 0 0
0.202921 0.322829 0.187953 255 0 0
0.161771 0.0415059 0.552805 255 0 0
-0.14729 -0.0358727 0.498783 255 0 0
0.334734 0.218167 0.253252 255 0 0
0.306353 -0.156017 0.0857492 255 0 0
0.276134 -0.188726 0.251008 255 0 0
-0.169578 -0.0139897 0.481566 255 0 0
0.213839 0.278764 0.0986741 255 0 0
-0.180035 0.270825 0.291907 255 0 0
0.0490463 0.220016 0.422142 255 0 0
-0.194786 0.00241757 0.0129393 255 0 0
0.266512 -0.269123 -0.0225932 255 0 0
-0.0884693 -0.0294949 0.0780575 255 0 0
0.0341204 -0.296648 0.289116 255 0 0
0.23693 -0.309791 0.126752 255 0 0
0.263858 -0.266032 0.157061 255 0 0
0.238565 -0.356119 0.056417 255 0 0
0.056146 0.181787 0.126494 255 0 0
0.00117124 0.348236 0.239753 255 0 0
-0.0640715 -0.276553 -0.00478072 255 0 0
-0.339781 -0.032948 0.196311 255 0 0
0.0144943 -0.0701359 -0.00166129 255 0 0
-0.0335427 0.247724 0.0717317 255 0 0
0.0878311 -0.155032 -0.175992 255 0 0
0.220322 -0.0982178 -0.122916 255 0 0
-0.29837 0.166018 0.236248 255 0 0
0.238733 -0.392724 0.0166923 255 0 0
-0.351226 0.142691 0.115882 255 0 0
0.161399 -0.250825 0.324329 255 0 0
0.280761 0.244909 0.302469 255 0 0
-0.15045 -0.140539 0.339683 255 0 0
-0.0516494 -0.35445 0.00686571 255 0 0
-0.2514 0.149501 0.3859 255 0 0
-0.189635 -0.0601726 0.377188 255 0 0
-0.22235 -0.170808 0.242966 255 0 0
0.110566 -0.128758 -0.162885 255 0 0
0.359299 -0.0222506 0.184439 255 0 0
0.0188971 -0.341484 0.203333 255 0 0
-0.08828 -0.205643 0.397108 255 0 0
0.248949 0.0316059 -0.0253512 255 0 0
0.315368 0.0886708 0.319819 255 0 0
0.208282 0.250704 0.383823 255 0 0
0.0616372 0.292513 0.106803 255 0 0
0.34815 0.135137 0.254961 255 0 0
-0.253033 0.301118 0.22641 255 0 0
0.152526 -0.171644 0.453758 255 0 0
-0.080207 -0.0588961 0.542528 255 0 0
0.0931999 0.313995 0.131917 255 0 0
0.323124 0.261635 0.130502 255 0 0
-0.298257 0.239732 0.163396 255 0 0
-0.257495 -0.00160698 0.371877 255 0 0
0.337437 -0.134586 0.158324 255 0 0
-0.199879 0.278885 0.274815 255 0 0
0.0286222 0.0940555 0.572753 255 0 0
-0.0723739 -0.158035 -0.100138 255 0 0
-0.235379 0.251527 0.0920428 255 0 0
-0.291535 0.336951 0.122151 255 0 0
-0.36407 -0.00677182 0.148878 255 0 0
0.27419 0.120945 0.0353108 255 0 0
0.202355 0.0216669 0.518816 255 0 0
0.178606 -0.0432724 0.523468 255 0 0
-0.079442 0.155854 0.478177 255 0 0
0.222236 0.169141 0.471337 255 0 0
0.198462 0.1698 0.489627 255 0 0
0.309084 0.00217088 0.222883 255 0 0
-0.186626 -0.0646416 0.055026 255 0 0
-0.184826 -0.226059 0.219227 255 0 0
0.278529 0.288981 0.186602 255 0 0
0.0972548 0.143643 0.535457 255 0 0
0.149368 0.274814 0.366646 255 0 0
-0.0741397 0.230122 0.377343 255 0 0
-0.282221 0.0373355 0.37801 255 0 0
-0.005119 0.378488 0.126124 255 0 0
0.252159 -0.0192326 0.416063 255 0 0
-0.191992 0.195057 0.38216 255 0 0
0.239475 0.155617 0.460837 255 0 0
-0.0282868 -0.403768 -0.0559423 255 0 0
-0.230713 0.233136 0.284065 255 0 0
-0.339088 -0.000570814 0.0133538 255 0 0
-0.116526 0.260596 0.0717261 255 0 0
0.233225 -0.43702 -0.0864949 255 0 0
0.270533 -0.191009 0.259063 255 0 0
0.149044 0.229255 0.10521 255 0 0
0.247971 -0.202045 -0.0432944 255 0 0
0.259344 -0.0448372 -0.0192207 255 0 0
0.226204 -0.43229 -0.00972893 255 0 0
0.00419262 0.32119 0.276679 255 0 0
0.13974 -0.394676 -0.20381 255 0 0
-0.0896643 -0.0841273 0.522303 255 0 0
-0.217476 -0.0776184 0.293165 255 0 0
-0.200087 0.0353569 0.468908 255 0 0
-0.292967 0.101379 0.363826 255 0 0
-0.0394648 -0.327689 0.198715 255 0 0
0.379966 0.0968374 0.146654 255 0 0
0.0200601 0.230208 0.111317 255 0 0
0.159677 -0.161423 -0.160972 255 0 0
0.120171 0.247841 0.118434 255 0 0
-0.0260633 0.139936 0.0995029 255 0 0
-0.24276 -0.0755768 0.275351 255 0 0
0.0879116 0.279148 0.356468 255 0 0
0.26528 -0.0671191 0.316458 255 0 0
-0.0932677 -0.120081 0.0596529 255 0 0
-0.0351958 0.222776 0.0963635 255 0 0
0.305423 -0.130165 0.228154 255 0 0
0.208439 0.0244241 -0.0271385 255 0 0
-0.188367 0.24124 0.0936655 255 0 0
-0.0912125 -0.109045 0.0583592 255 0 0
-0.179666 0.335999 0.0566949 255 0 0
0.23733 -0.168974 0.338424 255 0 0
0.267478 0.0151955 0.38261 255 0 0
0.36725 0.180586 0.185832 255 0 0
0.385879 -0.0270559 0.110254 255 0 0
0.180305 -0.468894 -0.123227 255 0 0
-0.0418134 -0.330969 -0.120232 255 0 0
0.269783 0.251417 0.303082 255 0 0
0.182361 0.233588 0.427983 255 0 0
0.253306 -0.0778302 0.383717 255 0 0
-0.0751393 0.0904703 0.0969805 255 0 0
-0.0480259 -0.124341 -0.0246435 255 0 0
0.242438 -0.103638 0.396804 255 0 0
-0.337166 0.167398 0.16736 255 0 0
-0.0132224 -0.130676 0.520984 255 0 0
0.133331 -0.396108 0.116341 255 0 0
-0.0558357 -0.281523 -0.107429 255 0 0
0.141711 0.259668 0.110559 255 0 0
-0.19818 0.411893 0.066834 255 0 0
0.101735 -0.465652 -0.150865 255 0 0
0.00846318 0.0451143 0.587693 255 0 0
-0.255576 0.144195 0.000146216 255 0 0
0.267255 -0.2653 0.131637 255 0 0
0.103895 -0.467606 0.0160041 255 0 0
0.353434 0.0620935 0.189752 255 0 0
0.290421 0.03847 0.266771 255 0 0
0.286725 -0.154456 0.0616376 255 0 0
0.198844 0.0502307 0.00342931 255 0 0
-0.00477535 -0.210509 0.440584 255 0 0
0.323801 -0.0419233 0.0375826 255 0 0
-0.0421122 0.0884302 0.0857254 255 0 0
0.262248 -0.183792 0.278018 255 0 0
-0.172653 0.211236 0.108108 255 0 0
0.052443 -0.393644 -0.199018 255 0 0
-0.0701494 -0.143926 -0.0696424 255 0 0
0.191812 0.0477164 0.00830797 255 0 0
0.0330194 -0.461761 -0.103015 255 0 0
-0.339604 -0.0255994 0.209211 255 0 0
-0.115465 0.239948 0.354911 255 0 0
0.234526 -0.00554978 0.468452 255 0 0
-0.147947 -0.0492127 0.49087 255 0 0
-0.311213 0.108826 -0.0111608 255 0 0
0.306752 -0.187067 0.112884 255 0 0
-0.302479 0.116883 0.307165 255 0 0
0.267651 -0.154958 0.284698 255 0 0
0.0806507 0.31387 0.305851 255 0 0
-0.160608 0.105799 0.112964 255 0 0
0.111854 -0.452715 0.0403695 255 0 0
-0.268574 0.0807593 0.410132 255 0 0
0.208356 0.0371128 -0.0180362 255 0 0
0.270516 -0.310832 -0.050294 255 0 0
-0.171793 -0.0618523 0.0809687 255 0 0
0.249968 -0.151081 -0.08967 255 0 0
0.106815 0.16499 0.130592 255 0 0
0.249149 -0.383858 -0.00120798 255 0 0
0.0977872 -0.42347 0.080673 255 0 0
0.241761 -0.120828 -0.110741 255 0 0
0.319177 -0.0873729 0.216643 255 0 0
-0.288907 0.287145 0.189482 255 0 0
0.256556 -0.392642 -0.0745421 255 0 0
0.0376842 0.130231 0.0966448 255 0 0
-0.071809 -0.16099 -0.0427821 255 0 0
-0.125473 -0.184708 0.347321 255 0 0
0.0425003 -0.358543 0.178716 255 0 0
0.0425939 0.351481 0.240934 255 0 0
0.184135 0.174125 0.493961 255 0 0
0.252707 -0.155677 0.00764494 255 0 0
0.0391362 -0.0422165 0.0142223 255 0 0
0.345923 0.183046 0.262134 255 0 0
0.129085 0.18647 0.489638 255 0 0
0.0513804 -0.255542 -0.230338 255 0 0
-0.274759 0.368456 0.137049 255 0 0
0.173384 0.191296 0.0948321 255 0 0
0.319178 0.0837372 0.295435 255 0 0
0.148472 -0.0689128 0.532983 255 0 0
-0.162462 0.363117 0.179366 255 0 0
-0.213954 0.218084 0.0914132 255 0 0
0.173612 0.301563 0.12632 255 0 0
-0.0610484 -0.209722 -0.131945 255 0 0
-0.283613 0.0187889 0.361565 255 0 0
0.208146 -0.102258 0.459964 255 0 0
0.221299 -0.417346 0.0214318 255 0 0
-0.0767974 0.184331 0.438955 255 0 0
0.263289 -0.129854 0.0320474 255 0 0
0.253242 0.267116 0.0870128 255 0 0
-0.29868 0.224504 0.202037 255 0 0
-0.104498 0.126024 0.120271 255 0 0
-0.245976 0.140549 -0.000659078 255 0 0
-0.22353 0.233755 0.091147 255 0 0
-0.291507 0.118412 0.344194 255 0 0
0.074828 -0.180804 0.4789 255 0 0
-0.110675 -0.288157 0.208058 255 0 0
0.0744127 -0.0607158 0.561912 255 0 0
-0.0111957 0.179563 0.114061 255 0 0
-0.208564 0.160661 0.0660166 255 0 0
-0.295115 -0.0111137 0.307629 255 0 0
0.103582 -0.157948 0.492869 255 0 0
-0.0546973 0.123427 0.530157 255 0 0
0.233081 -0.260182 -0.146847 255 0 0
0.201266 0.092207 0.0880998 255 0 0
-0.256222 0.264249 0.248168 255 0 0
0.255438 -0.345592 0.0190536 255 0 0
-0.0519219 -0.328982 -0.0693709 255 0 0
0.262135 -0.048443 0.352774 255 0 0
-0.149503 0.0165034 0.105618 255 0 0
-0.111146 -0.227121 0.0713138 255 0 0
-0.245303 -0.0735832 0.000506219 255 0 0
-0.0115452 0.226099 0.398361 255 0 0
-0.00970905 0.113423 0.0876863 255 0 0
-0.0914737 -0.00224911 0.557956 255 0 0
0.183293 0.085384 0.534144 255 0 0
0.207636 -0.246158 -0.168504 255 0 0
-0.047325 -0.265109 0.316512 255 0 0
0.183103 -0.349436 0.150253 255 0 0
0.298202 0.0616655 0.33203 255 0 0
0.265914 -0.267168 -0.00807141 255 0 0
-0.285154 0.250525 0.215466 255 0 0
0.267186 -0.337406 -0.0925829 255 0 0
-0.0980815 -0.167305 0.44648 255 0 0
0.170712 -0.022945 -0.0637364 255 0 0
0.162095 0.298995 0.304695 255 0 0
0.267687 -0.22508 0.23228 255 0 0
0.248646 -0.0423478 0.41642 255 0 0
0.142309 -0.296865 -0.23268 255 0 0
0.0257752 0.191456 0.454614 255 0 0
0.250658 -0.403925 -0.0409543 255 0 0
0.102467 -0.282223 0.304582 255 0 0
-0.188431 -0.230008 0.17168 255 0 0
0.20271 -0.0717109 -0.114476 255 0 0
0.12138 0.165436 0.51314 255 0 0
-0.0172648 -0.283971 -0.187353 255 0 0
0.0817135 -0.483792 -0.111599 255 0 0
-0.107758 -0.0593931 0.0839767 255 0 0
0.273949 -0.0361077 0.264869 255 0 0
0.232697 -0.190533 0.323613 255 0 0
0.171449 -0.194698 0.406526 255 0 0
0.339552 0.013259 0.00895913 255 0 0
0.158251 -0.406983 0.0929576 255 0 0
0.130992 0.179696 0.497626 255 0 0
-0.0687508 -0.247656 -0.101376 255 0 0
-0.00481032 -0.433106 -0.0736966 255 0 0
0.237949 0.10738 0.0450903 255 0 0
0.0437774 0.337057 0.264712 255 0 0
-0.173075 0.356207 0.186669 255 0 0
0.338771 -0.00333165 0.0174315 255 0 0
0.0301837 -0.361731 -0.207836 255 0 0
0.192937 -0.461329 -0.12497 255 0 0
-0.101175 0.335292 0.0458384 255 0 0
0.357886 0.192103 0.221301 255 0 0
0.0232652 -0.106526 0.541642 255 0 0
0.14908 0.221855 0.448249 255 0 0
-0.216716 0.107932 -0.00487466 255 0 0
0.0627411 -0.460976 0.00573585 255 0 0
0.0801819 -0.393039 0.126197 255 0 0
0.141781 0.321442 0.27682 255 0 0
-0.167288 -0.00894976 0.08168 255 0 0
0.18475 0.00779535 -0.0350194 255 0 0
0.0823735 0.209169 0.447151 255 0 0
0.225963 -0.0836997 -0.106621 255 0 0
0.225023 -0.261613 0.244 255 0 0
-0.0332219 -0.192802 0.45651 255 0 0
-0.282169 0.260197 0.216431 255 0 0
0.0473312 -0.0649016 -0.0806731 255 0 0
0.221658 -0.295094 0.192399 255 0 0
-0.0769975 0.0646045 0.563338 255 0 0
-0.228846 0.170157 0.385164 255 0 0
-0.265453 0.243961 0.245593 255 0 0
0.339742 0.169193 0.0782177 255 0 0
0.27577 0.023043 -0.0217731 255 0 0
0.228863 0.0292733 0.487963 255 0 0
0.0197475 -0.237972 0.399645 255 0 0
0.368131 -0.0667035 0.1399 255 0 0
0.347758 0.016119 0.196252 255 0 0
0.220362 -0.0521914 -0.0793828 255 0 0
-0.278722 -0.0163737 0.321956 255 0 0
-0.148294 -0.176969 0.303563 255 0 0
-0.210822 0.409188 0.0625961 255 0 0
0.210405 -0.193693 0.356187 255 0 0
0.0518256 0.291227 0.0995269 255 0 0
0.0708914 0.35395 0.231538 255 0 0
-0.215067 -0.1065 0.055058 255 0 0
0.0256313 0.0270904 0.055964 255 0 0
0.22773 -0.333765 0.106415 255 0 0
0.0508524 0.0167156 0.0434228 255 0 0
0.203553 0.277205 0.314034 255 0 0
0.0617251 0.190109 0.466383 255 0 0
-0.24705 0.364774 0.155747 255 0 0
0.165354 -0.300976 0.239342 255 0 0
0.0328208 -0.21582 0.437124 255 0 0
0.232621 -0.0428084 0.455905 255 0 0
0.205557 -0.424689 0.0339723 255 0 0
-0.194969 -0.221323 0.204436 255 0 0
-0.331127 0.0419659 0.296327 255 0 0
0.120368 0.149539 0.128122 255 0 0
-0.117257 0.333743 0.228071 255 0 0
-0.337632 0.164529 0.11493 255 0 0
-0.254053 -0.148596 0.225821 255 0 0
0.32744 -0.0820612 0.0683397 255 0 0
-0.0412737 0.0410124 0.0764904 255 0 0
0.149305 -0.258035 0.321582 255 0 0
0.172822 0.0986156 0.114645 255 0 0
-0.0681112 -0.232385 0.0225792 255 0 0
0.321605 0.0265506 0.215346 255 0 0
-0.206606 0.19687 0.0900591 255 0 0
-0.201686 0.0527924 0.473134 255 0 0
0.252195 -0.34483 0.0307505 255 0 0
0.254145 -0.276362 -0.119143 255 0 0
-0.0965922 -0.312054 0.14258 255 0 0
-0.00393526 -0.353408 -0.192762 255 0 0
0.137339 0.140219 0.534677 255 0 0
0.202692 -0.454781 -0.124263 255 0 0
-0.10874 0.205184 0.403076 255 0 0
0.00757223 -0.0131171 0.582446 255 0 0
-0.107662 0.105389 0.529721 255 0 0
0.299544 0.120365 0.377514 255 0 0
0.19088 0.0877125 0.527722 255 0 0
0.158618 0.211843 0.461253 255 0 0
-0.023566 0.15382 0.105465 255 0 0
-0.0887905 -0.318224 0.128096 255 0 0
0.256674 -0.175739 0.292916 255 0 0
-0.360408 0.0116896 0.0809685 255 0 0
0.128381 -0.29375 -0.236959 255 0 0
0.254248 -0.105682 0.359364 255 0 0
-0.0395726 -0.300384 -0.144353 255 0 0
-0.156388 0.192544 0.122555 255 0 0
0.134124 0.0466637 0.0687666 255 0 0
0.141584 -0.470113 0.0131878 255 0 0
0.216693 0.109458 0.50112 255 0 0
-0.294572 0.238629 0.146458 255 0 0
-0.0567676 0.0322867 0.576749 255 0 0
0.0124296 0.233057 0.395334 255 0 0
-0.170959 -0.194609 0.270777 255 0 0
-0.27822 0.293731 0.117796 255 0 0
-0.289493 0.116294 0.354823 255 0 0
-0.0697021 0.00403354 0.0778578 255 0 0
0.262905 -0.0632801 0.341699 255 0 0
-0.267584 0.335268 0.0850837 255 0 0
-0.151444 -0.259187 0.132236 255 0 0
-0.194597 0.0814203 0.0180892 255 0 0
0.282108 0.0363842 0.344461 255 0 0
0.185254 0.194297 0.475491 255 0 0
-0.108366 -0.184759 0.067391 255 0 0
-0.296337 0.01632 0.34182 255 0 0
-0.107991 0.122935 0.513864 255 0 0
-0.000276153 -0.0125794 0.0403992 255 0 0
0.252589 -0.106498 -0.0231485 255 0 0
0.258224 -0.248842 0.21547 255 0 0
-0.00263314 -0.0668492 0.561937 255 0 0
0.255315 0.0335311 0.438241 255 0 0
0.381356 0.106117 0.135252 255 0 0
0.0348378 0.355964 0.231281 255 0 0
0.280836 -0.195341 0.237873 255 0 0
-0.349295 -0.0389192 0.130259 255 0 0
0.364557 -0.0551039 0.16634 255 0 0
0.383279 0.11327 0.0964324 255 0 0
0.0040259 0.36237 0.215903 255 0 0
-0.0705832 -0.168119 -0.113283 255 0 0
-0.220811 0.399585 0.116444 255 0 0
0.0345594 0.295342 0.319076 255 0 0
0.20841 -0.129027 -0.143502 255 0 0
0.0353951 0.231404 0.117941 255 0 0
0.173231 -0.0355852 -0.0798549 255 0 0
0.156108 -0.476204 -0.00339625 255 0 0
0.351175 0.133137 0.240175 255 0 0
-0.0670994 -0.16496 0.037068 255 0 0
0.110226 -0.44631 -0.171475 255 0 0
0.198701 -0.247904 0.292721 255 0 0
0.257829 -0.386106 -0.0459141 255 0 0
0.257255 0.0629264 -0.0109879 255 0 0
0.08881 -0.482463 -0.0187451 255 0 0
-0.320441 -0.078808 0.171536 255 0 0
0.13913 -0.304427 0.250981 255 0 0
0.334801 0.0879748 0.0137974 255 0 0
0.14255 -0.20793 -0.190309 255 0 0
0.269051 0.11618 0.431221 255 0 0
-0.115486 -0.260535 0.0839703 255 0 0
-0.0766869 -0.0734366 0.536224 255 0 0
0.137179 -0.106853 -0.148167 255 0 0
0.252683 -0.242987 0.234026 255 0 0
-0.307561 -0.0767233 0.0186645 255 0 0
-0.0981617 -0.171701 0.0622515 255 0 0
-0.292724 0.270305 0.166535 255 0 0
-0.0158716 0.0767273 0.0786236 255 0 0
-0.345112 0.0941489 0.028101 255 0 0
-0.165682 0.200246 0.392089 255 0 0
0.0387386 0.166316 0.494378 255 0 0
0.39462 0.0469941 0.051452 255 0 0
0.0819686 -0.452488 -0.16238 255 0 0
0.113483 -0.0584281 0.552987 255 0 0
-0.0532599 -0.348788 -0.0167651 255 0 0
0.204858 -0.465361 -0.0396662 255 0 0
-0.195789 0.349873 0.0541764 255 0 0
-0.0282137 -0.0935114 0.01032 255 0 0
-0.280726 0.0470624 0.385409 255 0 0
0.0559418 0.234755 0.123082 255 0 0
0.0912855 0.0979376 0.571456 255 0 0
-0.0046446 -0.0411774 0.572948 255 0 0
-0.228365 -0.000291178 -0.0322361 255 0 0
-0.146747 -0.150458 0.33445 255 0 0
-0.0248798 0.307885 0.286137 255 0 0
-0.263686 -0.146613 0.212114 255 0 0
0.209289 0.0514716 0.513793 255 0 0
-0.0737728 -0.329401 0.10038 255 0 0
-0.146143 -0.15842 0.324585 255 0 0
0.287723 -0.000527558 -0.0148894 255 0 0
-0.338511 -0.0672033 0.113743 255 0 0
-0.0955589 0.17303 0.131639 255 0 0
0.0144217 0.318835 0.282462 255 0 0
0.0112928 0.174071 0.475451 255 0 0
-0.232118 -0.148099 0.251606 255 0 0
0.130839 -0.427602 -0.185154 255 0 0
-0.266462 0.155625 0.0118114 255 0 0
-0.21823 0.0186094 0.440095 255 0 0
0.0499008 0.364194 0.18733 255 0 0
0.0666153 0.318305 0.29661 255 0 0
-0.228491 0.181516 0.358644 255 0 0
0.171737 0.0657549 0.0895348 255 0 0
0.0254608 0.261211 0.361768 255 0 0
0.010676 0.0429366 0.06596 255 0 0
-0.0337019 -0.0881351 -0.0800526 255 0 0
-0.116442 -0.130034 0.467073 255 0 0
-0.0703269 -0.268559 0.286607 255 0 0
-0.100564 0.237176 0.361981 255 0 0
0.36189 0.205065 0.126345 255 0 0
0.293181 0.103554 0.387248 255 0 0
0.29901 0.0774056 -0.00160022 255 0 0
0.21199 -0.365226 0.0931014 255 0 0
-0.171706 0.0530231 0.0745977 255 0 0
0.355499 0.227508 0.136451 255 0 0
0.39234 0.0923115 0.127517 255 0 0
-0.332304 -0.0495839 0.0345402 255 0 0
-0.107267 -0.0939368 0.503801 255 0 0
-0.229899 0.37266 0.150394 255 0 0
-0.00512957 -0.360931 0.14761 255 0 0
-0.045938 0.29365 0.29925 255 0 0
-0.117197 0.274724 0.0613545 255 0 0
-0.290038 0.147493 0.00878268 255 0 0
-0.0313547 0.151192 0.498054 255 0 0
0.0785659 -0.363459 -0.21886 255 0 0
-0.243477 -0.158595 0.229464 255 0 0
0.0502287 -0.420238 0.0665034 255 0 0
0.162582 -0.061504 -0.109915 255 0 0
0.338532 0.113035 0.267235 255 0 0
-0.27821 -0.0487795 -0.0198791 255 0 0
-0.0533843 0.361872 0.204938 255 0 0
-0.156096 -0.222145 0.102612 255 0 0
-0.0473049 0.387085 0.106369 255 0 0
0.039761 0.365849 0.16003 255 0 0
0.313622 0.0767781 0.302221 255 0 0
-0.359409 0.0926717 0.191584 255 0 0
0.26926 -0.300357 -0.0796438 255 0 0
0.0243098 -0.45056 -0.0218183 255 0 0
-0.0582046 0.197421 0.425762 255 0 0
0.302683 -0.0633802 0.0396328 255 0 0
0.389669 -0.0074748 0.137052 255 0 0
0.111139 -0.0304404 0.563966 255 0 0
-0.293461 -0.0825953 0.219487 255 0 0
0.118277 -0.407281 0.10397 255 0 0
-0.0357049 0.195748 0.114289 255 0 0
-0.217108 -0.036573 0.364751 255 0 0
-0.297005 -0.130777 0.11194 255 0 0
-0.168593 0.298073 0.0679826 255 0 0
-0.265452 -0.0546391 0.272761 255 0 0
0.0198735 -0.407785 0.0628459 255 0 0
0.0272737 -0.459833 -0.0910571 255 0 0
-0.056035 -0.309764 -0.0678011 255 0 0
0.242869 -0.331065 -0.161279 255 0 0
-0.243633 0.225982 0.274027 255 0 0
-0.119377 -0.252192 0.261709 255 0 0
0.203243 -0.250326 0.284165 255 0 0
-0.0497653 -0.350528 0.0957855 255 0 0
0.264388 -0.273025 0.0918985 255 0 0
-0.212714 0.0350598 -0.0242365 255 0 0
0.241103 0.12382 0.470906 255 0 0
-0.253593 0.335357 0.190856 255 0 0
-0.323179 0.00118225 -0.0160906 255 0 0
0.222409 -0.0543459 0.468308 255 0 0
0.224065 0.309632 0.147736 255 0 0
-0.00382358 -0.339527 0.196719 255 0 0
-0.0967538 -0.214856 0.360116 255 0 0
-0.188561 0.264889 0.293342 255 0 0
-0.0497516 -0.258339 0.328693 255 0 0
-0.11447 -0.130043 0.0747739 255 0 0
0.338992 0.131124 0.0533547 255 0 0
-0.162223 0.313944 0.243306 255 0 0
-0.112933 0.237359 0.0995091 255 0 0
-0.104837 0.352547 0.205159 255 0 0
0.173353 0.232644 0.431767 255 0 0
-0.0812739 0.37781 0.0723822 255 0 0
0.285954 0.14283 0.398731 255 0 0
0.196214 0.169286 0.0847162 255 0 0
0.191247 -0.0142872 0.522299 255 0 0
0.299544 -0.18812 0.206846 255 0 0
0.0431373 -0.227402 0.418865 255 0 0
0.0968823 -0.00902248 0.574509 255 0 0
0.309298 0.174475 0.345643 255 0 0
-0.0635475 -0.280686 -0.0268464 255 0 0
-0.339148 0.0366611 -0.000945878 255 0 0
-0.20764 0.062275 0.469618 255 0 0
-0.262072 0.313234 0.0907639 255 0 0
-0.0517904 -0.31061 -0.0930374 255 0 0
-0.275997 -0.148418 0.164003 255 0 0
-0.218363 0.0856572 -0.0196418 255 0 0
-0.102401 -0.214642 0.34625 255 0 0
-0.17681 0.0212484 0.0528143 255 0 0
-0.00234457 -0.428007 -0.110036 255 0 0
-0.237363 -0.0171091 -0.031751 255 0 0
-0.216282 0.299117 0.0748037 255 0 0
-0.243696 -0.110338 0.0394636 255 0 0
-0.015872 -0.399126 -0.128367 255 0 0
0.261803 -0.37573 -0.067671 255 0 0
-0.334128 0.0632519 0.287515 255 0 0
0.218027 0.264695 0.338585 255 0 0
0.307661 0.148276 0.35955 255 0 0
0.0710531 -0.117555 -0.167829 255 0 0
-0.0175274 0.178629 0.46194 255 0 0
0.0470835 0.319215 0.101155 255 0 0
-0.183192 0.0735282 0.0482379 255 0 0
-0.287009 0.0856386 0.382001 255 0 0
0.143401 -0.48232 -0.12257 255 0 0
0.168444 -0.387052 0.111118 255 0 0
0.169644 -0.397671 -0.195596 255 0 0
0.126001 0.124726 0.548421 255 0 0
-0.188017 0.128107 0.0770964 255 0 0
-0.319512 0.0507346 -0.0275254 255 0 0
0.0657402 0.194962 0.132037 255 0 0
0.298642 0.250877 0.0847149 255 0 0
0.123296 -0.0889526 -0.133648 255 0 0
-0.288963 0.226775 0.124504 255 0 0
0.222939 -0.198303 -0.132318 255 0 0
-0.220412 -0.00692298 -0.0231121 255 0 0
-0.00174282 0.129002 0.0930725 255 0 0
-0.154797 0.116561 0.498905 255 0 0
0.332123 -0.0884798 0.201564 255 0 0
-0.0689933 -0.30771 0.216869 255 0 0
0.14988 0.307448 0.135383 255 0 0
0.120878 0.346078 0.210102 255 0 0
0.220525 -0.452968 -0.0818624 255 0 0
0.25749 0.233346 0.0649449 255 0 0
-0.205105 -0.13088 0.0875215 255 0 0
0.169284 0.311936 0.139336 255 0 0
-0.0999069 -0.280156 0.238316 255 0 0
0.317439 -0.0712924 0.0542549 255 0 0
0.317377 0.054045 -0.00585066 255 0 0
-0.213769 -0.0201274 0.405444 255 0 0
0.264543 -0.0205393 0.349776 255 0 0
0.0605164 0.00361577 0.0336444 255 0 0
0.0675242 -0.0681518 -0.039626 255 0 0
-0.294651 0.0659108 -0.0397223 255 0 0
0.229402 0.179621 0.456827 255 0 0
0.308228 0.048366 -0.00970844 255 0 0
-0.127912 0.0390311 0.537636 255 0 0
0.0506204 0.280433 0.100555 255 0 0
0.249164 0.220898 0.0614654 255 0 0
0.240254 -0.321973 -0.164514 255 0 0
-0.0779074 0.30211 0.280088 255 0 0
-0.074969 -0.170105 -0.047556 255 0 0
-0.283826 0.118083 0.365903 255 0 0
-0.0417164 -0.243422 0.367434 255 0 0
0.0173801 -0.189276 0.471344 255 0 0
0.236371 -0.426846 -0.105697 255 0 0
-0.201924 0.386638 0.139024 255 0 0
-0.0641575 -0.236416 -0.119515 255 0 0
0.272745 0.00852653 0.299196 255 0 0
0.0129778 -0.0680963 -0.0987585 255 0 0
-0.0542587 -0.133608 -0.126876 255 0 0
-0.306305 0.181952 0.0818501 255 0 0
-0.000955584 -0.376743 0.111182 255 0 0
0.120487 0.115897 0.555871 255 0 0
0.368608 0.0486463 0.0224023 255 0 0
-0.263318 0.262048 0.241595 255 0 0
0.217359 0.0223586 -0.0300775 255 0 0
-0.158604 -0.0198313 0.492752 255 0 0
0.332955 0.161769 0.0706044 255 0 0
0.114388 -0.120401 0.519229 255 0 0
-0.136003 0.0484201 0.113661 255 0 0
-0.282303 0.140318 -0.00121903 255 0 0
-0.0397514 0.0765486 0.0826114 255 0 0
-0.192074 0.176348 0.412992 255 0 0
-0.174467 -0.0478786 0.448728 255 0 0
0.090835 0.25531 0.38806 255 0 0
-0.00945224 -0.0741122 -0.0922419 255 0 0
0.0179912 -0.14482 0.514948 255 0 0
-0.186805 -0.118577 0.0867817 255 0 0
0.217351 -0.0769596 -0.109076 255 0 0
0.22858 -0.00557657 -0.0405132 255 0 0
0.13157 0.208323 0.463352 255 0 0
-0.0199044 -0.0878572 -0.124535 255 0 0
0.139186 -0.496183 -0.0583491 255 0 0
0.00544991 -0.0718607 -0.110547 255 0 0
-0.325125 -0.0472683 0.203413 255 0 0
0.349488 -0.0931165 0.171492 255 0 0
-0.309674 0.087671 0.336988 255 0 0
0.195868 -0.259003 0.27796 255 0 0
0.0584522 -0.0229444 0.0206535 255 0 0
-0.341225 0.162322 0.124511 255 0 0
-0.178623 0.31215 0.242123 255 0 0
0.160606 0.00822096 0.550423 255 0 0
0.223001 -0.446371 -0.0991523 255 0 0
-0.360043 0.045591 0.22074 255 0 0
-0.0244321 -0.346411 0.165881 255 0 0
-0.0107968 -0.25451 0.360613 255 0 0
-0.231221 0.312808 0.227735 255 0 0
0.2567 -0.0549337 -0.0186448 255 0 0
0.215343 0.0958824 0.0666018 255 0 0
-0.0195902 0.162059 0.109096 255 0 0
-0.118209 0.212436 0.391057 255 0 0
0.406162 0.0347154 0.110947 255 0 0
-0.248353 0.282613 0.244794 255 0 0
-0.272804 -0.0104068 0.340108 255 0 0
-0.273052 0.0188829 0.375731 255 0 0
-0.0555363 -0.334181 -0.0339273 255 0 0
0.39665 0.036866 0.0575493 255 0 0
-0.225443 0.369373 0.0534275 255 0 0
0.0601472 0.171526 0.123321 255 0 0
-0.308561 -0.0574676 0.218718 255 0 0
-0.239106 0.253849 0.266952 255 0 0
0.239223 -0.0200607 0.452395 255 0 0
-0.1393 0.290203 0.0629283 255 0 0
0.102892 0.173877 0.132206 255 0 0
-0.188704 0.110999 0.0612336 255 0 0
0.231657 -0.192958 -0.122006 255 0 0
0.137493 0.00688131 0.0170788 255 0 0
-0.21564 0.175444 0.393189 255 0 0
-0.345629 0.00758056 0.240637 255 0 0
-0.329689 0.0903769 0.270795 255 0 0
-0.0385805 -0.0958566 0.53822 255 0 0
0.26283 -0.171233 0.284851 255 0 0
0.285479 0.092756 0.398942 255 0 0
-0.152856 -0.0957803 0.444827 255 0 0
0.0855403 -0.214653 0.431266 255 0 0
-0.144458 0.243663 0.0981876 255 0 0
0.108411 0.283259 0.354333 255 0 0
-0.0534179 -0.140565 -0.00724736 255 0 0
0.155193 -0.436955 0.0565842 255 0 0
0.252864 0.157523 0.442847 255 0 0
-0.321275 -0.101412 0.0834027 255 0 0
-0.0677778 -0.265061 -0.0776653 255 0 0
-0.190045 -0.028108 0.439275 255 0 0
-0.0546066 -0.144512 0.00521434 255 0 0
-0.359697 0.11382 0.168982 255 0 0
0.246811 -0.14407 -0.105484 255 0 0
0.222788 0.137827 0.0743388 255 0 0
-0.148667 0.233271 0.353325 255 0 0
-0.198663 -0.186492 0.254026 255 0 0
0.354866 0.212348 0.206654 255 0 0
-0.032723 -0.367974 0.0759647 255 0 0
0.0353193 0.368328 0.167907 255 0 0
-0.169106 0.189694 0.405897 255 0 0
-0.127238 -0.145154 0.0798865 255 0 0
0.0634991 0.338566 0.131011 255 0 0
0.149922 -0.344154 -0.220491 255 0 0
0.126788 0.000587047 0.566272 255 0 0
-0.0397968 0.219615 0.399977 255 0 0
-0.111626 0.379273 0.154914 255 0 0
-0.177927 -0.172069 0.279151 255 0 0
-0.316153 -0.108936 0.134263 255 0 0
-0.251155 0.327486 0.077344 255 0 0
0.0691975 0.0762237 0.0786325 255 0 0
0.157817 -0.0552729 -0.101073 255 0 0
-0.289238 0.135232 0.29994 255 0 0
0.235998 -0.0276102 0.456315 255 0 0
-0.0406599 -0.340155 -0.11636 255 0 0
0.0204202 -0.431422 0.0156236 255 0 0
0.103021 0.244421 0.405918 255 0 0
0.209361 0.0411484 0.513507 255 0 0
0.238188 0.0103938 0.466983 255 0 0
0.0858201 0.31045 0.126794 255 0 0
0.157387 -0.216872 0.386293 255 0 0
0.010378 -0.441159 -0.0257775 255 0 0
-0.299321 0.161942 0.0331122 255 0 0
0.272385 0.254709 0.289595 255 0 0
0.236372 -0.0952454 -0.10353 255 0 0
0.254299 -0.135048 0.0131943 255 0 0
0.0209795 0.199225 0.442752 255 0 0
-0.0855509 -0.301848 0.210337 255 0 0
0.0147639 -0.276078 0.325652 255 0 0
0.211612 -0.253687 0.269912 255 0 0
-0.0630388 -0.139042 -0.0434083 255 0 0
-0.317925 0.152431 0.21825 255 0 0
-0.264996 0.172028 0.0350838 255 0 0
-0.0550636 0.207776 0.110746 255 0 0
0.218243 0.256416 0.361151 255 0 0
-0.272893 -0.117243 0.226562 255 0 0
-0.0932779 0.118539 0.112541 255 0 0
-0.0803987 -0.286464 0.247219 255 0 0
-0.0426429 0.245745 0.0710603 255 0 0
-0.0801941 -0.315724 0.180573 255 0 0
-0.0392414 -0.110825 0.00706886 255 0 0
-0.203246 -0.00421838 -0.00186762 255 0 0
0.279342 0.0401204 0.368095 255 0 0
-0.334709 -0.071433 0.0720611 255 0 0
0.236232 0.202809 0.0611743 255 0 0
0.269393 -0.0823283 0.296815 255 0 0
0.222829 0.090526 0.497809 255 0 0
0.0706312 0.0252906 0.0451475 255 0 0
0.112047 -0.209607 -0.201223 255 0 0
0.355248 -0.0742264 0.173563 255 0 0
0.0923298 0.336956 0.267777 255 0 0
0.174086 -0.455145 -0.148295 255 0 0
0.189761 0.122846 0.106699 255 0 0
0.013363 0.089217 0.573799 255 0 0
-0.128268 -0.0965515 0.0888028 255 0 0
-0.118831 0.386175 0.077771 255 0 0
-0.0756296 0.357672 0.205167 255 0 0
-0.150455 0.283045 0.288018 255 0 0
-0.0635775 -0.185415 0.0189639 255 0 0
0.252769 -0.185551 0.00483058 255 0 0
-0.0715112 -0.210112 -0.0184961 255 0 0
0.250183 -0.146156 -0.0112086 255 0 0
-0.172449 -0.0740078 0.418598 255 0 0
-0.171702 -0.0901139 0.372022 255 0 0
0.00531562 -0.231337 0.409139 255 0 0
-0.0368339 0.205069 0.111517 255 0 0
0.274512 -0.201383 0.244057 255 0 0
0.0987733 0.0679517 0.578874 255 0 0
-0.0476155 -0.189751 -0.147974 255 0 0
0.092805 -0.249172 0.371205 255 0 0
0.306936 -0.0964927 0.0603303 255 0 0
-0.148273 -0.0748945 0.0983107 255 0 0
0.215633 0.0525423 -0.0077559 255 0 0
0.192369 -0.137412 0.452158 255 0 0
0.0402899 0.36105 0.142084 255 0 0
-0.0596276 -0.300028 -0.0546018 255 0 0
0.201158 -0.120395 -0.144957 255 0 0
0.288789 0.230239 0.0665832 255 0 0
-0.064574 -0.273187 -0.0137511 255 0 0
-0.327768 -0.00225185 0.266975 255 0 0
-0.0773841 0.18616 0.125353 255 0 0
-0.344693 0.110311 0.0407563 255 0 0
0.189881 0.102312 0.106284 255 0 0
-0.0544153 -0.116259 -0.0612287 255 0 0
-0.222314 0.264461 0.0867366 255 0 0
-0.034158 -0.108066 -0.0258024 255 0 0
0.0415219 -0.479129 -0.154373 0 0 255
0.0521385 -0.479641 -0.164187 0 0 255
0.0647048 -0.479641 -0.164187 0 0 255
0.077271 -0.479641 -0.164187 0 0 255
0.0858004 -0.480666 -0.183813 0 0 255
0.0983324 -0.480666 -0.183813 0 0 255
0.11497 -0.479641 -0.164187 0 0 255
0.127536 -0.479641 -0.164187 0 0 255
0.140103 -0.479641 -0.164187 0 0 255
0.0163549 -0.466571 -0.154373 0 0 255
0.0289385 -0.466571 -0.154373 0 0 255
0.0415219 -0.466571 -0.154373 0 0 255
0.0541055 -0.466571 -0.154373 0 0 255
0.0647048 -0.4671 -0.164187 0 0 255
0.077271 -0.4671 -0.164187 0 0 255
0.0898373 -0.4671 -0.164187 0 0 255
0.102404 -0.4671 -0.164187 0 0 255
0.11497 -0.4671 -0.164187 0 0 255
0.127536 -0.4671 -0.164187 0 0 255
0.140103 -0.4671 -0.164187 0 0 255
0.152669 -0.4671 -0.164187 0 0 255
0.167357 -0.466571 -0.154373 0 0 255
0.00377154 -0.454013 -0.154373 0 0 255
0.0163549 -0.454013 -0.154373 0 0 255
0.0289385 -0.454013 -0.154373 0 0 255
0.0415219 -0.454013 -0.154373 0 0 255
0.0541055 -0.454013 -0.154373 0 0 255
0.0666889 -0.454013 -0.154373 0 0 255
0.077271 -0.454559 -0.164187 0 0 255
0.0898373 -0.454559 -0.164187 0 0 255
0.102404 -0.454559 -0.164187 0 0 255
0.11497 -0.454559 -0.164187 0 0 255
0.127536 -0.454559 -0.164187 0 0 255
0.140103 -0.454559 -0.164187 0 0 255
0.152669 -0.454559 -0.164187 0 0 255
0.167357 -0.454013 -0.154373 0 0 255
0.17994 -0.454013 -0.154373 0 0 255
-0.00881187 -0.441455 -0.154373 0 0 255
0.00377154 -0.441455 -0.154373 0 0 255
0.0163549 -0.441455 -0.154373 0 0 255
0.0289385 -0.441455 -0.154373 0 0 255
0.0415219 -0.441455 -0.154373 0 0 255
0.0521385 -0.442018 -0.164187 0 0 255
0.0647048 -0.442018 -0.164187 0 0 255
0.077271 -0.442018 -0.164187 0 0 255
0.0898373 -0.442018 -0.164187 0 0 255
0.102404 -0.442018 -0.164187 0 0 255
0.11497 -0.442018 -0.164187 0 0 255
0.127536 -0.442018 -0.164187 0 0 255
0.140103 -0.442018 -0.164187 0 0 255
0.152669 -0.442018 -0.164187 0 0 255
0.167357 -0.441455 -0.154373 0 0 255
0.17994 -0.441455 -0.154373 0 0 255
0.192524 -0.441455 -0.154373 0 0 255
-0.0139385 -0.426573 -0.115121 0 0 255
-0.00504912 -0.427735 -0.134747 0 0 255
0.00377154 -0.428897 -0.154373 0 0 255
0.0163549 -0.428897 -0.154373 0 0 255
0.0270058 -0.429477 -0.164187 0 0 255
0.0395722 -0.429477 -0.164187 0 0 255
0.0521385 -0.429477 -0.164187 0 0 255
0.0647048 -0.429477 -0.164187 0 0 255
0.077271 -0.429477 -0.164187 0 0 255
0.0898373 -0.429477 -0.164187 0 0 255
0.102404 -0.429477 -0.164187 0 0 255
0.11497 -0.429477 -0.164187 0 0 255
0.127536 -0.429477 -0.164187 0 0 255
0.140103 -0.429477 -0.164187 0 0 255
0.152669 -0.429477 -0.164187 0 0 255
0.167357 -0.428897 -0.154373 0 0 255
0.17994 -0.428897 -0.154373 0 0 255
0.192524 -0.428897 -0.154373 0 0 255
0.202934 -0.429477 -0.164187 0 0 255
-0.0374129 -0.413349 -0.105307 0 0 255
-0.0247436 -0.413349 -0.105307 0 0 255
-0.0120744 -0.413349 -0.105307 0 0 255
-0.00881187 -0.416339 -0.154373 0 0 255
0.00377154 -0.416339 -0.154373 0 0 255
0.0163549 -0.416339 -0.154373 0 0 255
0.0270058 -0.416937 -0.164187 0 0 255
0.0395722 -0.416937 -0.164187 0 0 255
0.0482044 -0.418133 -0.183813 0 0 255
0.0607365 -0.418133 -0.183813 0 0 255
0.0732683 -0.418133 -0.183813 0 0 255
0.0858004 -0.418133 -0.183813 0 0 255
0.0983324 -0.418133 -0.183813 0 0 255
0.110864 -0.418133 -0.183813 0 0 255
0.123396 -0.418133 -0.183813 0 0 255
0.135929 -0.418133 -0.183813 0 0 255
0.14846 -0.418133 -0.183813 0 0 255
0.165235 -0.416937 -0.164187 0 0 255
0.177802 -0.416937 -0.164187 0 0 255
0.190368 -0.416937 -0.164187 0 0 255
0.202934 -0.416937 -0.164187 0 0 255
-0.0374129 -0.400705 -0.105307 0 0 255
-0.0247436 -0.400705 -0.105307 0 0 255
-0.0120744 -0.400705 -0.105307 0 0 255
-0.00881187 -0.403781 -0.154373 0 0 255
0.0018732 -0.404396 -0.164187 0 0 255
0.0144395 -0.404396 -0.164187 0 0 255
0.0270058 -0.404396 -0.164187 0 0 255
0.0356725 -0.405626 -0.183813 0 0 255
0.0482044 -0.405626 -0.183813 0 0 255
0.0607365 -0.405626 -0.183813 0 0 255
0.0712671 -0.406241 -0.193626 0 0 255
0.083782 -0.406241 -0.193626 0 0 255
0.0962968 -0.406241 -0.193626 0 0 255
0.108812 -0.406241 -0.193626 0 0 255
0.121327 -0.406241 -0.193626 0 0 255
0.133841 -0.406241 -0.193626 0 0 255
0.146356 -0.406241 -0.193626 0 0 255
0.160993 -0.405626 -0.183813 0 0 255
0.173524 -0.405626 -0.183813 0 0 255
0.186057 -0.405626 -0.183813 0 0 255
0.198589 -0.405626 -0.183813 0 0 255
0.211121 -0.405626 -0.183813 0 0 255
-0.0210496 -0.386797 -0.0856807 0 0 255
-0.0139385 -0.388694 -0.115121 0 0 255
-0.00881187 -0.391223 -0.154373 0 0 255
0.0018732 -0.391855 -0.164187 0 0 255
0.0144395 -0.391855 -0.164187 0 0 255
0.0231404 -0.393119 -0.183813 0 0 255
0.0356725 -0.393119 -0.183813 0 0 255
0.0462373 -0.393751 -0.193626 0 0 255
0.0587522 -0.393751 -0.193626 0 0 255
0.0712671 -0.393751 -0.193626 0 0 255
0.083782 -0.393751 -0.193626 0 0 255
0.0922256 -0.395016 -0.213253 0 0 255
0.104706 -0.395016 -0.213253 0 0 255
0.117187 -0.395016 -0.213253 0 0 255
0.129667 -0.395016 -0.213253 0 0 255
0.142148 -0.395016 -0.213253 0 0 255
0.158871 -0.393751 -0.193626 0 0 255
0.171386 -0.393751 -0.193626 0 0 255
0.183901 -0.393751 -0.193626 0 0 255
0.196416 -0.393751 -0.193626 0 0 255
0.208931 -0.393751 -0.193626 0 0 255
-0.0247436 -0.375418 -0.105307 0 0 255
-0.0213953 -0.378664 -0.154373 0 0 255
-0.0106931 -0.379314 -0.164187 0 0 255
-0.00192363 -0.380612 -0.183813 0 0 255
0.0106083 -0.380612 -0.183813 0 0 255
0.0231404 -0.380612 -0.183813 0 0 255
0.0337224 -0.381262 -0.193626 0 0 255
0.0462373 -0.381262 -0.193626 0 0 255
0.0587522 -0.381262 -0.193626 0 0 255
0.0712671 -0.381262 -0.193626 0 0 255
0.083782 -0.381262 -0.193626 0 0 255
0.0922256 -0.38256 -0.213253 0 0 255
0.104706 -0.38256 -0.213253 0 0 255
0.117187 -0.38256 -0.213253 0 0 255
0.129667 -0.38256 -0.213253 0 0 255
0.142148 -0.38256 -0.213253 0 0 255
0.158871 -0.381262 -0.193626 0 0 255
0.171386 -0.381262 -0.193626 0 0 255
0.183901 -0.381262 -0.193626 0 0 255
0.196416 -0.381262 -0.193626 0 0 255
0.208931 -0.381262 -0.193626 0 0 255
0.221445 -0.381262 -0.193626 0 0 255
-0.0576355 -0.35611 -0.00717469 0 0 255
-0.0447951 -0.35611 -0.00717469 0 0 255
-0.0373927 -0.358109 -0.0366146 0 0 255
-0.0247436 -0.362774 -0.105307 0 0 255
-0.0213953 -0.366106 -0.154373 0 0 255
-0.0144557 -0.368106 -0.183813 0 0 255
-0.00382226 -0.368772 -0.193626 0 0 255
0.00869257 -0.368772 -0.193626 0 0 255
0.0212075 -0.368772 -0.193626 0 0 255
0.0337224 -0.368772 -0.193626 0 0 255
0.0423032 -0.370105 -0.213253 0 0 255
0.0547838 -0.370105 -0.213253 0 0 255
0.0672644 -0.370105 -0.213253 0 0 255
0.0797449 -0.370105 -0.213253 0 0 255
0.0922256 -0.370105 -0.213253 0 0 255
0.104706 -0.370105 -0.213253 0 0 255
0.117187 -0.370105 -0.213253 0 0 255
0.129667 -0.370105 -0.213253 0 0 255
0.142148 -0.370105 -0.213253 0 0 255
0.158871 -0.368772 -0.193626 0 0 255
0.171386 -0.368772 -0.193626 0 0 255
0.183901 -0.368772 -0.193626 0 0 255
0.196416 -0.368772 -0.193626 0 0 255
0.208931 -0.368772 -0.193626 0 0 255
0.221445 -0.368772 -0.193626 0 0 255
-0.0651922 -0.341245 0.0222646 0 0 255
-0.0558571 -0.342612 0.00263842 0 0 255
-0.0447951 -0.343296 -0.00717469 0 0 255
-0.0355799 -0.344663 -0.0268015 0 0 255
-0.0213953 -0.353548 -0.154373 0 0 255
-0.0144557 -0.355599 -0.183813 0 0 255
-0.00382226 -0.356283 -0.193626 0 0 255
0.00869257 -0.356283 -0.193626 0 0 255
0.0173421 -0.35765 -0.213253 0 0 255
0.0298226 -0.35765 -0.213253 0 0 255
0.0423032 -0.35765 -0.213253 0 0 255
0.0547838 -0.35765 -0.213253 0 0 255
0.0672644 -0.35765 -0.213253 0 0 255
0.0797449 -0.35765 -0.213253 0 0 255
0.09019 -0.358333 -0.223066 0 0 255
0.102653 -0.358333 -0.223066 0 0 255
0.115117 -0.358333 -0.223066 0 0 255
0.12758 -0.358333 -0.223066 0 0 255
0.142148 -0.35765 -0.213253 0 0 255
0.154629 -0.35765 -0.213253 0 0 255
0.167109 -0.35765 -0.213253 0 0 255
0.183901 -0.356283 -0.193626 0 0 255
0.196416 -0.356283 -0.193626 0 0 255
0.208931 -0.356283 -0.193626 0 0 255
0.223653 -0.355599 -0.183813 0 0 255
-0.0745959 -0.326978 0.0418914 0 0 255
-0.0651922 -0.328379 0.0222646 0 0 255
-0.0558571 -0.32978 0.00263842 0 0 255
-0.0447951 -0.330481 -0.00717469 0 0 255
-0.0355799 -0.331882 -0.0268015 0 0 255
-0.0232594 -0.341691 -0.164187 0 0 255
-0.0144557 -0.343092 -0.183813 0 0 255
-0.00382226 -0.343793 -0.193626 0 0 255
0.00486138 -0.345194 -0.213253 0 0 255
0.0173421 -0.345194 -0.213253 0 0 255
0.0298226 -0.345194 -0.213253 0 0 255
0.0423032 -0.345194 -0.213253 0 0 255
0.0547838 -0.345194 -0.213253 0 0 255
0.0672644 -0.345194 -0.213253 0 0 255
0.0777265 -0.345895 -0.223066 0 0 255
0.09019 -0.345895 -0.223066 0 0 255
0.102653 -0.345895 -0.223066 0 0 255
0.115117 -0.345895 -0.223066 0 0 255
0.12758 -0.345895 -0.223066 0 0 255
0.142148 -0.345194 -0.213253 0 0 255
0.154629 -0.345194 -0.213253 0 0 255
0.167109 -0.345194 -0.213253 0 0 255
0.183901 -0.343793 -0.193626 0 0 255
0.196416 -0.343793 -0.193626 0 0 255
0.208931 -0.343793 -0.193626 0 0 255
0.223653 -0.343092 -0.183813 0 0 255
-0.0857952 -0.31336 0.0517045 0 0 255
-0.0745959 -0.314078 0.0418914 0 0 255
-0.0651922 -0.315513 0.0222646 0 0 255
-0.0558571 -0.316949 0.00263842 0 0 255
-0.0447951 -0.317666 -0.00717469 0 0 255
-0.0373927 -0.319819 -0.0366146 0 0 255
-0.031923 -0.32269 -0.0758676 0 0 255
-0.0232594 -0.32915 -0.164187 0 0 255
-0.0144557 -0.330586 -0.183813 0 0 255
-0.00382226 -0.331303 -0.193626 0 0 255
0.00486138 -0.332739 -0.213253 0 0 255
0.0173421 -0.332739 -0.213253 0 0 255
0.0298226 -0.332739 -0.213253 0 0 255
0.0403361 -0.333457 -0.223066 0 0 255
0.0527996 -0.333457 -0.223066 0 0 255
0.065263 -0.333457 -0.223066 0 0 255
0.0777265 -0.333457 -0.223066 0 0 255
0.09019 -0.333457 -0.223066 0 0 255
0.102653 -0.333457 -0.223066 0 0 255
0.115117 -0.333457 -0.223066 0 0 255
0.12758 -0.333457 -0.223066 0 0 255
0.142148 -0.332739 -0.213253 0 0 255
0.154629 -0.332739 -0.213253 0 0 255
0.171386 -0.331303 -0.193626 0 0 255
0.183901 -0.331303 -0.193626 0 0 255
0.196416 -0.331303 -0.193626 0 0 255
0.208931 -0.331303 -0.193626 0 0 255
0.223653 -0.330586 -0.183813 0 0 255
0.236185 -0.330586 -0.183813 0 0 255
-0.104911 -0.297503 0.0909575 0 0 255
-0.0953189 -0.298973 0.0713313 0 0 255
-0.0857952 -0.300443 0.0517045 0 0 255
-0.0745959 -0.301177 0.0418914 0 0 255
-0.0651922 -0.302647 0.0222646 0 0 255
-0.0558571 -0.304117 0.00263842 0 0 255
-0.0447951 -0.304852 -0.00717469 0 0 255
-0.031923 -0.309996 -0.0758676 0 0 255
-0.0247436 -0.3122 -0.105307 0 0 255
-0.0232594 -0.316609 -0.164187 0 0 255
-0.0144557 -0.318079 -0.183813 0 0 255
-0.00382226 -0.318814 -0.193626 0 0 255
0.00486138 -0.320283 -0.213253 0 0 255
0.0173421 -0.320283 -0.213253 0 0 255
0.0298226 -0.320283 -0.213253 0 0 255
0.0403361 -0.321018 -0.223066 0 0 255
0.0527996 -0.321018 -0.223066 0 0 255
0.065263 -0.321018 -0.223066 0 0 255
0.0777265 -0.321018 -0.223066 0 0 255
0.0861187 -0.322488 -0.242692 0 0 255
0.0985478 -0.322488 -0.242692 0 0 255
0.110977 -0.322488 -0.242692 0 0 255
0.12758 -0.321018 -0.223066 0 0 255
0.142148 -0.320283 -0.213253 0 0 255
0.154629 -0.320283 -0.213253 0 0 255
0.167109 -0.320283 -0.213253 0 0 255
0.183901 -0.318814 -0.193626 0 0 255
0.196416 -0.318814 -0.193626 0 0 255
0.208931 -0.318814 -0.193626 0 0 255
0.221445 -0.318814 -0.193626 0 0 255
0.23396 -0.318814 -0.193626 0 0 255
-0.127618 -0.283013 0.110584 0 0 255
-0.117923 -0.284517 0.0909575 0 0 255
-0.104911 -0.284517 0.0909575 0 0 255
-0.0953189 -0.286021 0.0713313 0 0 255
-0.0857952 -0.287525 0.0517045 0 0 255
-0.0745959 -0.288277 0.0418914 0 0 255
-0.0651922 -0.289781 0.0222646 0 0 255
-0.0558571 -0.291285 0.00263842 0 0 255
-0.0446436 -0.297301 -0.0758676 0 0 255
-0.0337531 -0.298053 -0.0856807 0 0 255
-0.0247436 -0.299557 -0.105307 0 0 255
-0.0232594 -0.304068 -0.164187 0 0 255
-0.0144557 -0.305572 -0.183813 0 0 255
-0.00382226 -0.306324 -0.193626 0 0 255
0.00486138 -0.307828 -0.213253 0 0 255
0.0173421 -0.307828 -0.213253 0 0 255
0.0298226 -0.307828 -0.213253 0 0 255
0.0403361 -0.30858 -0.223066 0 0 255
0.0527996 -0.30858 -0.223066 0 0 255
0.065263 -0.30858 -0.223066 0 0 255
0.0777265 -0.30858 -0.223066 0 0 255
0.0861187 -0.310084 -0.242692 0 0 255
0.0985478 -0.310084 -0.242692 0 0 255
0.110977 -0.310084 -0.242692 0 0 255
0.123406 -0.310084 -0.242692 0 0 255
0.142148 -0.307828 -0.213253 0 0 255
0.154629 -0.307828 -0.213253 0 0 255
0.167109 -0.307828 -0.213253 0 0 255
0.183901 -0.306324 -0.193626 0 0 255
0.196416 -0.306324 -0.193626 0 0 255
0.208931 -0.306324 -0.193626 0 0 255
0.221445 -0.306324 -0.193626 0 0 255
0.23396 -0.306324 -0.193626 0 0 255
-0.143947 -0.271532 0.0909575 0 0 255
-0.130935 -0.271532 0.0909575 0 0 255
-0.117923 -0.271532 0.0909575 0 0 255
-0.104911 -0.271532 0.0909575 0 0 255
-0.0953189 -0.27307 0.0713313 0 0 255
-0.0857952 -0.274608 0.0517045 0 0 255
-0.0745959 -0.275377 0.0418914 0 0 255
-0.0651922 -0.276915 0.0222646 0 0 255
-0.0573641 -0.284606 -0.0758676 0 0 255
-0.0446436 -0.284606 -0.0758676 0 0 255
-0.0337531 -0.285375 -0.0856807 0 0 255
-0.0265905 -0.287682 -0.115121 0 0 255
-0.0232594 -0.291527 -0.164187 0 0 255
-0.0144557 -0.293066 -0.183813 0 0 255
-0.00382226 -0.293835 -0.193626 0 0 255
0.00486138 -0.295373 -0.213253 0 0 255
0.0173421 -0.295373 -0.213253 0 0 255
0.0298226 -0.295373 -0.213253 0 0 255
0.0403361 -0.296142 -0.223066 0 0 255
0.0527996 -0.296142 -0.223066 0 0 255
0.065263 -0.296142 -0.223066 0 0 255
0.0736896 -0.29768 -0.242692 0 0 255
0.0861187 -0.29768 -0.242692 0 0 255
0.0985478 -0.29768 -0.242692 0 0 255
0.110977 -0.29768 -0.242692 0 0 255
0.123406 -0.29768 -0.242692 0 0 255
0.142148 -0.295373 -0.213253 0 0 255
0.154629 -0.295373 -0.213253 0 0 255
0.167109 -0.295373 -0.213253 0 0 255
0.183901 -0.293835 -0.193626 0 0 255
0.196416 -0.293835 -0.193626 0 0 255
0.208931 -0.293835 -0.193626 0 0 255
0.221445 -0.293835 -0.193626 0 0 255
-0.153711 -0.256973 0.110584 0 0 255
-0.143947 -0.258546 0.0909575 0 0 255
-0.130935 -0.258546 0.0909575 0 0 255
-0.117923 -0.258546 0.0909575 0 0 255
-0.104911 -0.258546 0.0909575 0 0 255
-0.0953189 -0.260118 0.0713313 0 0 255
-0.0857952 -0.261691 0.0517045 0 0 255
-0.0745959 -0.262477 0.0418914 0 0 255
-0.0651922 -0.264049 0.0222646 0 0 255
-0.0591598 -0.272697 -0.0856807 0 0 255
-0.050082 -0.274269 -0.105307 0 0 255
-0.0374129 -0.274269 -0.105307 0 0 255
-0.0265905 -0.275056 -0.115121 0 0 255
-0.0232594 -0.278986 -0.164187 0 0 255
-0.0144557 -0.280559 -0.183813 0 0 255
-0.00382226 -0.281345 -0.193626 0 0 255
0.00486138 -0.282917 -0.213253 0 0 255
0.0173421 -0.282917 -0.213253 0 0 255
0.0298226 -0.282917 -0.213253 0 0 255
0.0403361 -0.283704 -0.223066 0 0 255
0.0527996 -0.283704 -0.223066 0 0 255
0.065263 -0.283704 -0.223066 0 0 255
0.0736896 -0.285276 -0.242692 0 0 255
0.0861187 -0.285276 -0.242692 0 0 255
0.0985478 -0.285276 -0.242692 0 0 255
0.110977 -0.285276 -0.242692 0 0 255
0.123406 -0.285276 -0.242692 0 0 255
0.142148 -0.282917 -0.213253 0 0 255
0.154629 -0.282917 -0.213253 0 0 255
0.171386 -0.281345 -0.193626 0 0 255
0.183901 -0.281345 -0.193626 0 0 255
0.198589 -0.280559 -0.183813 0 0 255
0.211121 -0.280559 -0.183813 0 0 255
0.223653 -0.280559 -0.183813 0 0 255
-0.166757 -0.243953 0.110584 0 0 255
-0.153711 -0.243953 0.110584 0 0 255
-0.143947 -0.24556 0.0909575 0 0 255
-0.130935 -0.24556 0.0909575 0 0 255
-0.117923 -0.24556 0.0909575 0 0 255
-0.104911 -0.24556 0.0909575 0 0 255
-0.0953189 -0.247167 0.0713313 0 0 255
-0.0857952 -0.248773 0.0517045 0 0 255
-0.0745959 -0.249576 0.0418914 0 0 255
-0.0700849 -0.259216 -0.0758676 0 0 255
-0.0591598 -0.260019 -0.0856807 0 0 255
-0.050082 -0.261626 -0.105307 0 0 255
-0.0374129 -0.261626 -0.105307 0 0 255
-0.0339788 -0.265642 -0.154373 0 0 255
-0.0232594 -0.266446 -0.164187 0 0 255
-0.0144557 -0.268052 -0.183813 0 0 255
-0.00382226 -0.268855 -0.193626 0 0 255
0.00869257 -0.268855 -0.193626 0 0 255
0.0173421 -0.270462 -0.213253 0 0 255
0.0298226 -0.270462 -0.213253 0 0 255
0.0403361 -0.271265 -0.223066 0 0 255
0.0527996 -0.271265 -0.223066 0 0 255
0.065263 -0.271265 -0.223066 0 0 255
0.0736896 -0.272872 -0.242692 0 0 255
0.0861187 -0.272872 -0.242692 0 0 255
0.0985478 -0.272872 -0.242692 0 0 255
0.110977 -0.272872 -0.242692 0 0 255
0.123406 -0.272872 -0.242692 0 0 255
0.142148 -0.270462 -0.213253 0 0 255
0.154629 -0.270462 -0.213253 0 0 255
0.171386 -0.268855 -0.193626 0 0 255
0.186057 -0.268052 -0.183813 0 0 255
0.198589 -0.268052 -0.183813 0 0 255
0.211121 -0.268052 -0.183813 0 0 255
-0.182983 -0.232574 0.0909575 0 0 255
-0.166757 -0.230934 0.110584 0 0 255
-0.153711 -0.230934 0.110584 0 0 255
-0.143947 -0.232574 0.0909575 0 0 255
-0.130935 -0.232574 0.0909575 0 0 255
-0.117923 -0.232574 0.0909575 0 0 255
-0.104911 -0.232574 0.0909575 0 0 255
-0.0953189 -0.234215 0.0713313 0 0 255
-0.0875222 -0.236676 0.0418914 0 0 255
-0.0780841 -0.238317 0.0222646 0 0 255
-0.0700849 -0.246521 -0.0758676 0 0 255
-0.0591598 -0.247341 -0.0856807 0 0 255
-0.050082 -0.248982 -0.105307 0 0 255
-0.0429023 -0.251443 -0.134747 0 0 255
-0.0339788 -0.253084 -0.154373 0 0 255
-0.0232594 -0.253905 -0.164187 0 0 255
-0.0144557 -0.255545 -0.183813 0 0 255
-0.00192363 -0.255545 -0.183813 0 0 255
0.00869257 -0.256366 -0.193626 0 0 255
0.0173421 -0.258007 -0.213253 0 0 255
0.0298226 -0.258007 -0.213253 0 0 255
0.0403361 -0.258827 -0.223066 0 0 255
0.0527996 -0.258827 -0.223066 0 0 255
0.065263 -0.258827 -0.223066 0 0 255
0.0777265 -0.258827 -0.223066 0 0 255
0.0861187 -0.260468 -0.242692 0 0 255
0.0985478 -0.260468 -0.242692 0 0 255
0.110977 -0.260468 -0.242692 0 0 255
0.12758 -0.258827 -0.223066 0 0 255
0.142148 -0.258007 -0.213253 0 0 255
0.158871 -0.256366 -0.193626 0 0 255
0.171386 -0.256366 -0.193626 0 0 255
0.186057 -0.255545 -0.183813 0 0 255
0.198589 -0.255545 -0.183813 0 0 255
0.211121 -0.255545 -0.183813 0 0 255
-0.182983 -0.219589 0.0909575 0 0 255
-0.166757 -0.217914 0.110584 0 0 255
-0.153711 -0.217914 0.110584 0 0 255
-0.143947 -0.219589 0.0909575 0 0 255
-0.130935 -0.219589 0.0909575 0 0 255
-0.117923 -0.219589 0.0909575 0 0 255
-0.104911 -0.219589 0.0909575 0 0 255
-0.0953189 -0.221264 0.0713313 0 0 255
-0.0875222 -0.223776 0.0418914 0 0 255
-0.0780841 -0.225451 0.0222646 0 0 255
-0.0718633 -0.234664 -0.0856807 0 0 255
-0.0591598 -0.234664 -0.0856807 0 0 255
-0.0518946 -0.237176 -0.115121 0 0 255
-0.0429023 -0.238851 -0.134747 0 0 255
-0.0339788 -0.240526 -0.154373 0 0 255
-0.0232594 -0.241364 -0.164187 0 0 255
-0.0144557 -0.243039 -0.183813 0 0 255
-0.00192363 -0.243039 -0.183813 0 0 255
0.00869257 -0.243876 -0.193626 0 0 255
0.0173421 -0.245551 -0.213253 0 0 255
0.0298226 -0.245551 -0.213253 0 0 255
0.0423032 -0.245551 -0.213253 0 0 255
0.0547838 -0.245551 -0.213253 0 0 255
0.065263 -0.246389 -0.223066 0 0 255
0.0777265 -0.246389 -0.223066 0 0 255
0.09019 -0.246389 -0.223066 0 0 255
0.102653 -0.246389 -0.223066 0 0 255
0.115117 -0.246389 -0.223066 0 0 255
0.12758 -0.246389 -0.223066 0 0 255
0.142148 -0.245551 -0.213253 0 0 255
0.158871 -0.243876 -0.193626 0 0 255
0.173524 -0.243039 -0.183813 0 0 255
0.186057 -0.243039 -0.183813 0 0 255
0.202934 -0.241364 -0.164187 0 0 255
0.2155 -0.241364 -0.164187 0 0 255
-0.195995 -0.206603 0.0909575 0 0 255
-0.182983 -0.206603 0.0909575 0 0 255
-0.166757 -0.204894 0.110584 0 0 255
-0.153711 -0.204894 0.110584 0 0 255
-0.140665 -0.204894 0.110584 0 0 255
-0.130935 -0.206603 0.0909575 0 0 255
-0.117923 -0.206603 0.0909575 0 0 255
-0.104911 -0.206603 0.0909575 0 0 255
-0.0953189 -0.208312 0.0713313 0 0 255
-0.0875222 -0.210876 0.0418914 0 0 255
-0.0828054 -0.221131 -0.0758676 0 0 255
-0.0718633 -0.221986 -0.0856807 0 0 255
-0.0627512 -0.223695 -0.105307 0 0 255
-0.0518946 -0.22455 -0.115121 0 0 255
-0.0429023 -0.226259 -0.134747 0 0 255
-0.0339788 -0.227968 -0.154373 0 0 255
-0.0232594 -0.228823 -0.164187 0 0 255
-0.0144557 -0.230532 -0.183813 0 0 255
-0.00192363 -0.230532 -0.183813 0 0 255
0.00869257 -0.231387 -0.193626 0 0 255
0.0173421 -0.233096 -0.213253 0 0 255
0.0298226 -0.233096 -0.213253 0 0 255
0.0423032 -0.233096 -0.213253 0 0 255
0.0547838 -0.233096 -0.213253 0 0 255
0.065263 -0.23395 -0.223066 0 0 255
0.0777265 -0.23395 -0.223066 0 0 255
0.09019 -0.23395 -0.223066 0 0 255
0.102653 -0.23395 -0.223066 0 0 255
0.115117 -0.23395 -0.223066 0 0 255
0.129667 -0.233096 -0.213253 0 0 255
0.146356 -0.231387 -0.193626 0 0 255
0.160993 -0.230532 -0.183813 0 0 255
0.173524 -0.230532 -0.183813 0 0 255
0.190368 -0.228823 -0.164187 0 0 255
0.202934 -0.228823 -0.164187 0 0 255
0.2155 -0.228823 -0.164187 0 0 255
-0.209007 -0.193617 0.0909575 0 0 255
-0.195995 -0.193617 0.0909575 0 0 255
-0.179804 -0.191874 0.110584 0 0 255
-0.166757 -0.191874 0.110584 0 0 255
-0.153711 -0.191874 0.110584 0 0 255
-0.140665 -0.191874 0.110584 0 0 255
-0.130935 -0.193617 0.0909575 0 0 255
-0.117923 -0.193617 0.0909575 0 0 255
-0.108297 -0.195361 0.0713313 0 0 255
-0.0987388 -0.197104 0.0517045 0 0 255
-0.0875222 -0.197976 0.0418914 0 0 255
-0.0828054 -0.208436 -0.0758676 0 0 255
-0.0718633 -0.209308 -0.0856807 0 0 255
-0.0645467 -0.211923 -0.115121 0 0 255
-0.0555201 -0.213667 -0.134747 0 0 255
-0.0465622 -0.21541 -0.154373 0 0 255
-0.0339788 -0.21541 -0.154373 0 0 255
-0.0232594 -0.216282 -0.164187 0 0 255
-0.0106931 -0.216282 -0.164187 0 0 255
-0.00192363 -0.218025 -0.183813 0 0 255
0.00869257 -0.218897 -0.193626 0 0 255
0.0212075 -0.218897 -0.193626 0 0 255
0.0298226 -0.22064 -0.213253 0 0 255
0.0423032 -0.22064 -0.213253 0 0 255
0.0547838 -0.22064 -0.213253 0 0 255
0.0672644 -0.22064 -0.213253 0 0 255
0.0797449 -0.22064 -0.213253 0 0 255
0.0922256 -0.22064 -0.213253 0 0 255
0.104706 -0.22064 -0.213253 0 0 255
0.117187 -0.22064 -0.213253 0 0 255
0.129667 -0.22064 -0.213253 0 0 255
0.146356 -0.218897 -0.193626 0 0 255
0.160993 -0.218025 -0.183813 0 0 255
0.173524 -0.218025 -0.183813 0 0 255
0.190368 -0.216282 -0.164187 0 0 255
0.202934 -0.216282 -0.164187 0 0 255
0.21769 -0.21541 -0.154373 0 0 255
-0.235032 -0.180631 0.0909575 0 0 255
-0.22202 -0.180631 0.0909575 0 0 255
-0.209007 -0.180631 0.0909575 0 0 255
-0.195995 -0.180631 0.0909575 0 0 255
-0.179804 -0.178854 0.110584 0 0 255
-0.166757 -0.178854 0.110584 0 0 255
-0.153711 -0.178854 0.110584 0 0 255
-0.140665 -0.178854 0.110584 0 0 255
-0.130935 -0.180631 0.0909575 0 0 255
-0.117923 -0.180631 0.0909575 0 0 255
-0.108297 -0.182409 0.0713313 0 0 255
-0.0987388 -0.184187 0.0517045 0 0 255
-0.0875222 -0.185075 0.0418914 0 0 255
-0.0828054 -0.195741 -0.0758676 0 0 255
-0.0754202 -0.198408 -0.105307 0 0 255
-0.0645467 -0.199297 -0.115121 0 0 255
-0.0555201 -0.201074 -0.134747 0 0 255
-0.0465622 -0.202852 -0.154373 0 0 255
-0.0339788 -0.202852 -0.154373 0 0 255
-0.0232594 -0.203741 -0.164187 0 0 255
-0.0106931 -0.203741 -0.164187 0 0 255
-0.00192363 -0.205519 -0.183813 0 0 255
0.0106083 -0.205519 -0.183813 0 0 255
0.0212075 -0.206407 -0.193626 0 0 255
0.0298226 -0.208185 -0.213253 0 0 255
0.0423032 -0.208185 -0.213253 0 0 255
0.0547838 -0.208185 -0.213253 0 0 255
0.0672644 -0.208185 -0.213253 0 0 255
0.0797449 -0.208185 -0.213253 0 0 255
0.0922256 -0.208185 -0.213253 0 0 255
0.104706 -0.208185 -0.213253 0 0 255
0.117187 -0.208185 -0.213253 0 0 255
0.133841 -0.206407 -0.193626 0 0 255
0.14846 -0.205519 -0.183813 0 0 255
0.165235 -0.203741 -0.164187 0 0 255
0.177802 -0.203741 -0.164187 0 0 255
0.192524 -0.202852 -0.154373 0 0 255
0.205107 -0.202852 -0.154373 0 0 255
-0.248044 -0.167646 0.0909575 0 0 255
-0.235032 -0.167646 0.0909575 0 0 255
-0.22202 -0.167646 0.0909575 0 0 255
-0.209007 -0.167646 0.0909575 0 0 255
-0.195995 -0.167646 0.0909575 0 0 255
-0.182983 -0.167646 0.0909575 0 0 255
-0.166757 -0.165834 0.110584 0 0 255
-0.153711 -0.165834 0.110584 0 0 255
-0.140665 -0.165834 0.110584 0 0 255
-0.127618 -0.165834 0.110584 0 0 255
-0.117923 -0.167646 0.0909575 0 0 255
-0.108297 -0.169457 0.0713313 0 0 255
-0.0987388 -0.171269 0.0517045 0 0 255
-0.0875222 -0.172175 0.0418914 0 0 255
-0.0754202 -0.185764 -0.105307 0 0 255
-0.0681378 -0.188482 -0.134747 0 0 255
-0.0591458 -0.190294 -0.154373 0 0 255
-0.0465622 -0.190294 -0.154373 0 0 255
-0.0358257 -0.1912 -0.164187 0 0 255
-0.0232594 -0.1912 -0.164187 0 0 255
-0.0106931 -0.1912 -0.164187 0 0 255
-0.00192363 -0.193012 -0.183813 0 0 255
0.0106083 -0.193012 -0.183813 0 0 255
0.0212075 -0.193918 -0.193626 0 0 255
0.0337224 -0.193918 -0.193626 0 0 255
0.0462373 -0.193918 -0.193626 0 0 255
0.0587522 -0.193918 -0.193626 0 0 255
0.0712671 -0.193918 -0.193626 0 0 255
0.083782 -0.193918 -0.193626 0 0 255
0.0962968 -0.193918 -0.193626 0 0 255
0.108812 -0.193918 -0.193626 0 0 255
0.121327 -0.193918 -0.193626 0 0 255
0.135929 -0.193012 -0.183813 0 0 255
0.152669 -0.1912 -0.164187 0 0 255
0.167357 -0.190294 -0.154373 0 0 255
0.17994 -0.190294 -0.154373 0 0 255
0.192524 -0.190294 -0.154373 0 0 255
0.205107 -0.190294 -0.154373 0 0 255
-0.26403 -0.156506 0.0713313 0 0 255
-0.248044 -0.15466 0.0909575 0 0 255
-0.235032 -0.15466 0.0909575 0 0 255
-0.22202 -0.15466 0.0909575 0 0 255
-0.209007 -0.15466 0.0909575 0 0 255
-0.195995 -0.15466 0.0909575 0 0 255
-0.182983 -0.15466 0.0909575 0 0 255
-0.166757 -0.152814 0.110584 0 0 255
-0.153711 -0.152814 0.110584 0 0 255
-0.140665 -0.152814 0.110584 0 0 255
-0.127618 -0.152814 0.110584 0 0 255
-0.117923 -0.15466 0.0909575 0 0 255
-0.104911 -0.15466 0.0909575 0 0 255
-0.0953189 -0.156506 0.0713313 0 0 255
-0.0857952 -0.158352 0.0517045 0 0 255
-0.0745959 -0.159275 0.0418914 0 0 255
-0.0754202 -0.173121 -0.105307 0 0 255
-0.0681378 -0.17589 -0.134747 0 0 255
-0.0591458 -0.177736 -0.154373 0 0 255
-0.0465622 -0.177736 -0.154373 0 0 255
-0.0358257 -0.178659 -0.164187 0 0 255
-0.0232594 -0.178659 -0.164187 0 0 255
-0.0106931 -0.178659 -0.164187 0 0 255
-0.00192363 -0.180505 -0.183813 0 0 255
0.0106083 -0.180505 -0.183813 0 0 255
0.0212075 -0.181428 -0.193626 0 0 255
0.0337224 -0.181428 -0.193626 0 0 255
0.0482044 -0.180505 -0.183813 0 0 255
0.0607365 -0.180505 -0.183813 0 0 255
0.0732683 -0.180505 -0.183813 0 0 255
0.0858004 -0.180505 -0.183813 0 0 255
0.0983324 -0.180505 -0.183813 0 0 255
0.110864 -0.180505 -0.183813 0 0 255
0.123396 -0.180505 -0.183813 0 0 255
0.140103 -0.178659 -0.164187 0 0 255
0.154773 -0.177736 -0.154373 0 0 255
0.167357 -0.177736 -0.154373 0 0 255
0.17994 -0.177736 -0.154373 0 0 255
0.192524 -0.177736 -0.154373 0 0 255
0.205107 -0.177736 -0.154373 0 0 255
0.22207 -0.17589 -0.134747 0 0 255
-0.289985 -0.143554 0.0713313 0 0 255
-0.277008 -0.143554 0.0713313 0 0 255
-0.26403 -0.143554 0.0713313 0 0 255
-0.251052 -0.143554 0.0713313 0 0 255
-0.235032 -0.141674 0.0909575 0 0 255
-0.22202 -0.141674 0.0909575 0 0 255
-0.209007 -0.141674 0.0909575 0 0 255
-0.195995 -0.141674 0.0909575 0 0 255
-0.182983 -0.141674 0.0909575 0 0 255
-0.166757 -0.139794 0.110584 0 0 255
-0.153711 -0.139794 0.110584 0 0 255
-0.140665 -0.139794 0.110584 0 0 255
-0.127618 -0.139794 0.110584 0 0 255
-0.117923 -0.141674 0.0909575 0 0 255
-0.104911 -0.141674 0.0909575 0 0 255
-0.0953189 -0.143554 0.0713313 0 0 255
-0.0857952 -0.145435 0.0517045 0 0 255
-0.0728518 -0.145435 0.0517045 0 0 255
-0.0681378 -0.163298 -0.134747 0 0 255
-0.0591458 -0.165178 -0.154373 0 0 255
-0.0465622 -0.165178 -0.154373 0 0 255
-0.0358257 -0.166118 -0.164187 0 0 255
-0.0232594 -0.166118 -0.164187 0 0 255
-0.0106931 -0.166118 -0.164187 0 0 255
-0.00192363 -0.167998 -0.183813 0 0 255
0.0106083 -0.167998 -0.183813 0 0 255
0.0212075 -0.168939 -0.193626 0 0 255
0.0337224 -0.168939 -0.193626 0 0 255
0.0482044 -0.167998 -0.183813 0 0 255
0.0607365 -0.167998 -0.183813 0 0 255
0.0732683 -0.167998 -0.183813 0 0 255
0.0858004 -0.167998 -0.183813 0 0 255
0.0983324 -0.167998 -0.183813 0 0 255
0.110864 -0.167998 -0.183813 0 0 255
0.123396 -0.167998 -0.183813 0 0 255
0.140103 -0.166118 -0.164187 0 0 255
0.154773 -0.165178 -0.154373 0 0 255
0.167357 -0.165178 -0.154373 0 0 255
0.17994 -0.165178 -0.154373 0 0 255
0.192524 -0.165178 -0.154373 0 0 255
0.205107 -0.165178 -0.154373 0 0 255
0.22207 -0.163298 -0.134747 0 0 255
-0.305834 -0.132517 0.0517045 0 0 255
-0.292891 -0.132517 0.0517045 0 0 255
-0.279947 -0.132517 0.0517045 0 0 255
-0.26403 -0.130603 0.0713313 0 0 255
-0.251052 -0.130603 0.0713313 0 0 255
-0.238074 -0.130603 0.0713313 0 0 255
-0.225096 -0.130603 0.0713313 0 0 255
-0.209007 -0.128688 0.0909575 0 0 255
-0.195995 -0.128688 0.0909575 0 0 255
-0.182983 -0.128688 0.0909575 0 0 255
-0.166757 -0.126774 0.110584 0 0 255
-0.153711 -0.126774 0.110584 0 0 255
-0.140665 -0.126774 0.110584 0 0 255
-0.127618 -0.126774 0.110584 0 0 255
-0.114572 -0.126774 0.110584 0 0 255
-0.104911 -0.128688 0.0909575 0 0 255
-0.0953189 -0.130603 0.0713313 0 0 255
-0.0857952 -0.132517 0.0517045 0 0 255
-0.0728518 -0.132517 0.0517045 0 0 255
-0.0681378 -0.150705 -0.134747 0 0 255
-0.0555201 -0.150705 -0.134747 0 0 255
-0.0465622 -0.15262 -0.154373 0 0 255
-0.0358257 -0.153577 -0.164187 0 0 255
-0.0232594 -0.153577 -0.164187 0 0 255
-0.0106931 -0.153577 -0.164187 0 0 255
0.0018732 -0.153577 -0.164187 0 0 255
0.0106083 -0.155492 -0.183813 0 0 255
0.0231404 -0.155492 -0.183813 0 0 255
0.0356725 -0.155492 -0.183813 0 0 255
0.0482044 -0.155492 -0.183813 0 0 255
0.0607365 -0.155492 -0.183813 0 0 255
0.0732683 -0.155492 -0.183813 0 0 255
0.0858004 -0.155492 -0.183813 0 0 255
0.0983324 -0.155492 -0.183813 0 0 255
0.110864 -0.155492 -0.183813 0 0 255
0.127536 -0.153577 -0.164187 0 0 255
0.140103 -0.153577 -0.164187 0 0 255
0.154773 -0.15262 -0.154373 0 0 255
0.167357 -0.15262 -0.154373 0 0 255
0.17994 -0.15262 -0.154373 0 0 255
0.196835 -0.150705 -0.134747 0 0 255
0.209453 -0.150705 -0.134747 0 0 255
0.22207 -0.150705 -0.134747 0 0 255
-0.305834 -0.1196 0.0517045 0 0 255
-0.292891 -0.1196 0.0517045 0 0 255
-0.279947 -0.1196 0.0517045 0 0 255
-0.267004 -0.1196 0.0517045 0 0 255
-0.25406 -0.1196 0.0517045 0 0 255
-0.238074 -0.117651 0.0713313 0 0 255
-0.225096 -0.117651 0.0713313 0 0 255
-0.212119 -0.117651 0.0713313 0 0 255
-0.195995 -0.115703 0.0909575 0 0 255
-0.182983 -0.115703 0.0909575 0 0 255
-0.166757 -0.113754 0.110584 0 0 255
-0.153711 -0.113754 0.110584 0 0 255
-0.140665 -0.113754 0.110584 0 0 255
-0.127618 -0.113754 0.110584 0 0 255
-0.114572 -0.113754 0.110584 0 0 255
-0.104911 -0.115703 0.0909575 0 0 255
-0.0953189 -0.117651 0.0713313 0 0 255
-0.0823412 -0.117651 0.0713313 0 0 255
-0.0728518 -0.1196 0.0517045 0 0 255
-0.0651922 -0.122523 0.0222646 0 0 255
-0.0681378 -0.138113 -0.134747 0 0 255
-0.0555201 -0.138113 -0.134747 0 0 255
-0.0465622 -0.140062 -0.154373 0 0 255
-0.0339788 -0.140062 -0.154373 0 0 255
-0.0232594 -0.141036 -0.164187 0 0 255
-0.0106931 -0.141036 -0.164187 0 0 255
0.0018732 -0.141036 -0.164187 0 0 255
0.0144395 -0.141036 -0.164187 0 0 255
0.0270058 -0.141036 -0.164187 0 0 255
0.0395722 -0.141036 -0.164187 0 0 255
0.0521385 -0.141036 -0.164187 0 0 255
0.0647048 -0.141036 -0.164187 0 0 255
0.077271 -0.141036 -0.164187 0 0 255
0.0858004 -0.142985 -0.183813 0 0 255
0.0983324 -0.142985 -0.183813 0 0 255
0.110864 -0.142985 -0.183813 0 0 255
0.123396 -0.142985 -0.183813 0 0 255
0.140103 -0.141036 -0.164187 0 0 255
0.154773 -0.140062 -0.154373 0 0 255
0.167357 -0.140062 -0.154373 0 0 255
0.184217 -0.138113 -0.134747 0 0 255
0.196835 -0.138113 -0.134747 0 0 255
0.209453 -0.138113 -0.134747 0 0 255
0.22207 -0.138113 -0.134747 0 0 255
0.302509 -0.1196 0.0517045 0 0 255
0.315452 -0.1196 0.0517045 0 0 255
-0.320196 -0.107674 0.0418914 0 0 255
-0.30727 -0.107674 0.0418914 0 0 255
-0.294344 -0.107674 0.0418914 0 0 255
-0.281417 -0.107674 0.0418914 0 0 255
-0.268491 -0.107674 0.0418914 0 0 255
-0.25406 -0.106683 0.0517045 0 0 255
-0.241117 -0.106683 0.0517045 0 0 255
-0.228173 -0.106683 0.0517045 0 0 255
-0.212119 -0.1047 0.0713313 0 0 255
-0.195995 -0.102717 0.0909575 0 0 255
-0.182983 -0.102717 0.0909575 0 0 255
-0.166757 -0.100734 0.110584 0 0 255
-0.153711 -0.100734 0.110584 0 0 255
-0.140665 -0.100734 0.110584 0 0 255
-0.127618 -0.100734 0.110584 0 0 255
-0.114572 -0.100734 0.110584 0 0 255
-0.104911 -0.102717 0.0909575 0 0 255
-0.0953189 -0.1047 0.0713313 0 0 255
-0.0857952 -0.106683 0.0517045 0 0 255
-0.0728518 -0.106683 0.0517045 0 0 255
-0.0616695 -0.107674 0.0418914 0 0 255
-0.0523002 -0.109657 0.0222646 0 0 255
-0.0681378 -0.125521 -0.134747 0 0 255
-0.0555201 -0.125521 -0.134747 0 0 255
-0.0465622 -0.127504 -0.154373 0 0 255
-0.0339788 -0.127504 -0.154373 0 0 255
-0.0232594 -0.128495 -0.164187 0 0 255
-0.0106931 -0.128495 -0.164187 0 0 255
0.0018732 -0.128495 -0.164187 0 0 255
0.0144395 -0.128495 -0.164187 0 0 255
0.0270058 -0.128495 -0.164187 0 0 255
0.0395722 -0.128495 -0.164187 0 0 255
0.0521385 -0.128495 -0.164187 0 0 255
0.0647048 -0.128495 -0.164187 0 0 255
0.077271 -0.128495 -0.164187 0 0 255
0.0898373 -0.128495 -0.164187 0 0 255
0.0983324 -0.130478 -0.183813 0 0 255
0.110864 -0.130478 -0.183813 0 0 255
0.123396 -0.130478 -0.183813 0 0 255
0.140103 -0.128495 -0.164187 0 0 255
0.154773 -0.127504 -0.154373 0 0 255
0.167357 -0.127504 -0.154373 0 0 255
0.184217 -0.125521 -0.134747 0 0 255
0.196835 -0.125521 -0.134747 0 0 255
0.209453 -0.125521 -0.134747 0 0 255
0.22207 -0.125521 -0.134747 0 0 255
0.300268 -0.107674 0.0418914 0 0 255
0.315452 -0.106683 0.0517045 0 0 255
0.328396 -0.106683 0.0517045 0 0 255
-0.335925 -0.0967912 0.0222646 0 0 255
-0.323033 -0.0967912 0.0222646 0 0 255
-0.310141 -0.0967912 0.0222646 0 0 255
-0.297249 -0.0967912 0.0222646 0 0 255
-0.284357 -0.0967912 0.0222646 0 0 255
-0.271465 -0.0967912 0.0222646 0 0 255
-0.258573 -0.0967912 0.0222646 0 0 255
-0.242638 -0.0947741 0.0418914 0 0 255
-0.228173 -0.0937655 0.0517045 0 0 255
-0.21523 -0.0937655 0.0517045 0 0 255
-0.199141 -0.0917483 0.0713313 0 0 255
-0.182983 -0.0897311 0.0909575 0 0 255
-0.166757 -0.0877139 0.110584 0 0 255
-0.153711 -0.0877139 0.110584 0 0 255
-0.140665 -0.0877139 0.110584 0 0 255
-0.127618 -0.0877139 0.110584 0 0 255
-0.114572 -0.0877139 0.110584 0 0 255
-0.104911 -0.0897311 0.0909575 0 0 255
-0.0953189 -0.0917483 0.0713313 0 0 255
-0.0857952 -0.0937655 0.0517045 0 0 255
-0.0728518 -0.0937655 0.0517045 0 0 255
-0.0616695 -0.0947741 0.0418914 0 0 255
-0.0523002 -0.0967912 0.0222646 0 0 255
-0.0555201 -0.112929 -0.134747 0 0 255
-0.0465622 -0.114946 -0.154373 0 0 255
-0.0358257 -0.115954 -0.164187 0 0 255
-0.0232594 -0.115954 -0.164187 0 0 255
-0.0106931 -0.115954 -0.164187 0 0 255
0.0018732 -0.115954 -0.164187 0 0 255
0.0144395 -0.115954 -0.164187 0 0 255
0.0270058 -0.115954 -0.164187 0 0 255
0.0395722 -0.115954 -0.164187 0 0 255
0.0521385 -0.115954 -0.164187 0 0 255
0.0647048 -0.115954 -0.164187 0 0 255
0.077271 -0.115954 -0.164187 0 0 255
0.0898373 -0.115954 -0.164187 0 0 255
0.102404 -0.115954 -0.164187 0 0 255
0.11497 -0.115954 -0.164187 0 0 255
0.127536 -0.115954 -0.164187 0 0 255
0.140103 -0.115954 -0.164187 0 0 255
0.158982 -0.112929 -0.134747 0 0 255
0.171599 -0.112929 -0.134747 0 0 255
0.184217 -0.112929 -0.134747 0 0 255
0.196835 -0.112929 -0.134747 0 0 255
0.209453 -0.112929 -0.134747 0 0 255
0.22207 -0.112929 -0.134747 0 0 255
0.300268 -0.0947741 0.0418914 0 0 255
0.313194 -0.0947741 0.0418914 0 0 255
0.32612 -0.0947741 0.0418914 0 0 255
-0.335925 -0.0839252 0.0222646 0 0 255
-0.323033 -0.0839252 0.0222646 0 0 255
-0.310141 -0.0839252 0.0222646 0 0 255
-0.297249 -0.0839252 0.0222646 0 0 255
-0.284357 -0.0839252 0.0222646 0 0 255
-0.271465 -0.0839252 0.0222646 0 0 255
-0.258573 -0.0839252 0.0222646 0 0 255
-0.245681 -0.0839252 0.0222646 0 0 255
-0.229712 -0.0818738 0.0418914 0 0 255
-0.21523 -0.0808481 0.0517045 0 0 255
-0.202287 -0.0808481 0.0517045 0 0 255
-0.186163 -0.0787967 0.0713313 0 0 255
-0.169971 -0.0767453 0.0909575 0 0 255
-0.153711 -0.0746939 0.110584 0 0 255
-0.140665 -0.0746939 0.110584 0 0 255
-0.127618 -0.0746939 0.110584 0 0 255
-0.114572 -0.0746939 0.110584 0 0 255
-0.104911 -0.0767453 0.0909575 0 0 255
-0.0953189 -0.0787967 0.0713313 0 0 255
-0.0823412 -0.0787967 0.0713313 0 0 255
-0.0728518 -0.0808481 0.0517045 0 0 255
-0.0599084 -0.0808481 0.0517045 0 0 255
-0.0487432 -0.0818738 0.0418914 0 0 255
-0.039408 -0.0839252 0.0222646 0 0 255
-0.0265161 -0.0839252 0.0222646 0 0 255
-0.0465622 -0.102388 -0.154373 0 0 255
-0.0358257 -0.103414 -0.164187 0 0 255
-0.0232594 -0.103414 -0.164187 0 0 255
-0.0106931 -0.103414 -0.164187 0 0 255
0.0018732 -0.103414 -0.164187 0 0 255
0.0144395 -0.103414 -0.164187 0 0 255
0.0270058 -0.103414 -0.164187 0 0 255
0.0395722 -0.103414 -0.164187 0 0 255
0.0521385 -0.103414 -0.164187 0 0 255
0.0647048 -0.103414 -0.164187 0 0 255
0.077271 -0.103414 -0.164187 0 0 255
0.0898373 -0.103414 -0.164187 0 0 255
0.102404 -0.103414 -0.164187 0 0 255
0.11497 -0.103414 -0.164187 0 0 255
0.127536 -0.103414 -0.164187 0 0 255
0.14219 -0.102388 -0.154373 0 0 255
0.158982 -0.100337 -0.134747 0 0 255
0.171599 -0.100337 -0.134747 0 0 255
0.184217 -0.100337 -0.134747 0 0 255
0.201146 -0.0982851 -0.115121 0 0 255
0.213798 -0.0982851 -0.115121 0 0 255
0.22645 -0.0982851 -0.115121 0 0 255
0.295785 -0.0839252 0.0222646 0 0 255
0.313194 -0.0818738 0.0418914 0 0 255
0.32612 -0.0818738 0.0418914 0 0 255
0.339047 -0.0818738 0.0418914 0 0 255
-0.348817 -0.0710592 0.0222646 0 0 255
-0.335925 -0.0710592 0.0222646 0 0 255
-0.32587 -0.0731448 0.00263842 0 0 255
-0.313012 -0.0731448 0.00263842 0 0 255
-0.300154 -0.0731448 0.00263842 0 0 255
-0.287297 -0.0731448 0.00263842 0 0 255
-0.274439 -0.0731448 0.00263842 0 0 255
-0.261581 -0.0731448 0.00263842 0 0 255
-0.248723 -0.0731448 0.00263842 0 0 255
-0.232789 -0.0710592 0.0222646 0 0 255
-0.216786 -0.0689736 0.0418914 0 0 255
-0.202287 -0.0679308 0.0517045 0 0 255
-0.186163 -0.0658452 0.0713313 0 0 255
-0.169971 -0.0637596 0.0909575 0 0 255
-0.153711 -0.0616739 0.110584 0 0 255
-0.140665 -0.0616739 0.110584 0 0 255
-0.127618 -0.0616739 0.110584 0 0 255
-0.114572 -0.0616739 0.110584 0 0 255
-0.101526 -0.0616739 0.110584 0 0 255
-0.0953189 -0.0658452 0.0713313 0 0 255
-0.0823412 -0.0658452 0.0713313 0 0 255
-0.0693634 -0.0658452 0.0713313 0 0 255
-0.0599084 -0.0679308 0.0517045 0 0 255
-0.0487432 -0.0689736 0.0418914 0 0 255
-0.0358169 -0.0689736 0.0418914 0 0 255
-0.0228906 -0.0689736 0.0418914 0 0 255
-0.0136241 -0.0710592 0.0222646 0 0 255
-0.0339788 -0.0898299 -0.154373 0 0 255
-0.0213953 -0.0898299 -0.154373 0 0 255
-0.00881187 -0.0898299 -0.154373 0 0 255
0.00377154 -0.0898299 -0.154373 0 0 255
0.0163549 -0.0898299 -0.154373 0 0 255
0.0289385 -0.0898299 -0.154373 0 0 255
0.0395722 -0.0908727 -0.164187 0 0 255
0.0521385 -0.0908727 -0.164187 0 0 255
0.0647048 -0.0908727 -0.164187 0 0 255
0.077271 -0.0908727 -0.164187 0 0 255
0.0918558 -0.0898299 -0.154373 0 0 255
0.104439 -0.0898299 -0.154373 0 0 255
0.117023 -0.0898299 -0.154373 0 0 255
0.129606 -0.0898299 -0.154373 0 0 255
0.146364 -0.0877443 -0.134747 0 0 255
0.158982 -0.0877443 -0.134747 0 0 255
0.175842 -0.0856587 -0.115121 0 0 255
0.188494 -0.0856587 -0.115121 0 0 255
0.201146 -0.0856587 -0.115121 0 0 255
0.215971 -0.0846158 -0.105307 0 0 255
0.295785 -0.0710592 0.0222646 0 0 255
0.313194 -0.0689736 0.0418914 0 0 255
0.32612 -0.0689736 0.0418914 0 0 255
0.339047 -0.0689736 0.0418914 0 0 255
-0.348817 -0.0581932 0.0222646 0 0 255
-0.335925 -0.0581932 0.0222646 0 0 255
-0.32587 -0.0603131 0.00263842 0 0 255
-0.313012 -0.0603131 0.00263842 0 0 255
-0.300154 -0.0603131 0.00263842 0 0 255
-0.287297 -0.0603131 0.00263842 0 0 255
-0.274439 -0.0603131 0.00263842 0 0 255
-0.261581 -0.0603131 0.00263842 0 0 255
-0.248723 -0.0603131 0.00263842 0 0 255
-0.232789 -0.0581932 0.0222646 0 0 255
-0.219897 -0.0581932 0.0222646 0 0 255
-0.202287 -0.0550135 0.0517045 0 0 255
-0.189343 -0.0550135 0.0517045 0 0 255
-0.169971 -0.0507738 0.0909575 0 0 255
-0.153711 -0.048654 0.110584 0 0 255
-0.140665 -0.048654 0.110584 0 0 255
-0.127618 -0.048654 0.110584 0 0 255
-0.114572 -0.048654 0.110584 0 0 255
-0.101526 -0.048654 0.110584 0 0 255
-0.0953189 -0.0528936 0.0713313 0 0 255
-0.0823412 -0.0528936 0.0713313 0 0 255
-0.0728518 -0.0550135 0.0517045 0 0 255
-0.0599084 -0.0550135 0.0517045 0 0 255
-0.0487432 -0.0560734 0.0418914 0 0 255
-0.0358169 -0.0560734 0.0418914 0 0 255
-0.0228906 -0.0560734 0.0418914 0 0 255
-0.0136241 -0.0581932 0.0222646 0 0 255
-0.000731865 -0.0581932 0.0222646 0 0 255
-0.0213953 -0.0772719 -0.154373 0 0 255
-0.00881187 -0.0772719 -0.154373 0 0 255
0.00377154 -0.0772719 -0.154373 0 0 255
0.0163549 -0.0772719 -0.154373 0 0 255
0.0289385 -0.0772719 -0.154373 0 0 255
0.0415219 -0.0772719 -0.154373 0 0 255
0.0541055 -0.0772719 -0.154373 0 0 255
0.0666889 -0.0772719 -0.154373 0 0 255
0.083275 -0.075152 -0.134747 0 0 255
0.0958929 -0.075152 -0.134747 0 0 255
0.112582 -0.0730322 -0.115121 0 0 255
0.125234 -0.0730322 -0.115121 0 0 255
0.137886 -0.0730322 -0.115121 0 0 255
0.150538 -0.0730322 -0.115121 0 0 255
0.16319 -0.0730322 -0.115121 0 0 255
0.177963 -0.0719722 -0.105307 0 0 255
0.190632 -0.0719722 -0.105307 0 0 255
0.203302 -0.0719722 -0.105307 0 0 255
0.220316 -0.0698524 -0.0856807 0 0 255
0.23521 -0.0687925 -0.0758676 0 0 255
0.252344 -0.0666726 -0.0562408 0 0 255
0.269548 -0.0645528 -0.0366146 0 0 255
0.308677 -0.0581932 0.0222646 0 0 255
0.32612 -0.0560734 0.0418914 0 0 255
0.339047 -0.0560734 0.0418914 0 0 255
0.351973 -0.0560734 0.0418914 0 0 255
-0.348817 -0.0453273 0.0222646 0 0 255
-0.335925 -0.0453273 0.0222646 0 0 255
-0.32587 -0.0474813 0.00263842 0 0 255
-0.313012 -0.0474813 0.00263842 0 0 255
-0.300154 -0.0474813 0.00263842 0 0 255
-0.287297 -0.0474813 0.00263842 0 0 255
-0.275926 -0.0485584 -0.00717469 0 0 255
-0.263085 -0.0485584 -0.00717469 0 0 255
-0.250245 -0.0485584 -0.00717469 0 0 255
-0.235866 -0.0474813 0.00263842 0 0 255
-0.223008 -0.0474813 0.00263842 0 0 255
-0.203859 -0.0431732 0.0418914 0 0 255
-0.189343 -0.0420962 0.0517045 0 0 255
-0.173185 -0.0399422 0.0713313 0 0 255
-0.156959 -0.0377881 0.0909575 0 0 255
-0.143947 -0.0377881 0.0909575 0 0 255
-0.127618 -0.035634 0.110584 0 0 255
-0.114572 -0.035634 0.110584 0 0 255
-0.101526 -0.035634 0.110584 0 0 255
-0.0953189 -0.0399422 0.0713313 0 0 255
-0.0823412 -0.0399422 0.0713313 0 0 255
-0.0728518 -0.0420962 0.0517045 0 0 255
-0.0599084 -0.0420962 0.0517045 0 0 255
-0.0487432 -0.0431732 0.0418914 0 0 255
-0.0358169 -0.0431732 0.0418914 0 0 255
-0.0228906 -0.0431732 0.0418914 0 0 255
-0.0099643 -0.0431732 0.0418914 0 0 255
0.00296216 -0.0431732 0.0418914 0 0 255
0.0121601 -0.0453273 0.0222646 0 0 255
0.025052 -0.0453273 0.0222646 0 0 255
0.0379441 -0.0453273 0.0222646 0 0 255
0.0546674 -0.0431732 0.0418914 0 0 255
0.0675937 -0.0431732 0.0418914 0 0 255
0.0766203 -0.0453273 0.0222646 0 0 255
0.101948 -0.0593286 -0.105307 0 0 255
0.114617 -0.0593286 -0.105307 0 0 255
0.127286 -0.0593286 -0.105307 0 0 255
0.139956 -0.0593286 -0.105307 0 0 255
0.152625 -0.0593286 -0.105307 0 0 255
0.169502 -0.0571746 -0.0856807 0 0 255
0.182206 -0.0571746 -0.0856807 0 0 255
0.194909 -0.0571746 -0.0856807 0 0 255
0.207613 -0.0571746 -0.0856807 0 0 255
0.222489 -0.0560976 -0.0758676 0 0 255
0.239589 -0.0539436 -0.0562408 0 0 255
0.252344 -0.0539436 -0.0562408 0 0 255
0.269548 -0.0517894 -0.0366146 0 0 255
0.289061 -0.0485584 -0.00717469 0 0 255
0.308677 -0.0453273 0.0222646 0 0 255
0.32612 -0.0431732 0.0418914 0 0 255
0.339047 -0.0431732 0.0418914 0 0 255
0.351973 -0.0431732 0.0418914 0 0 255
-0.361709 -0.0324613 0.0222646 0 0 255
-0.348817 -0.0324613 0.0222646 0 0 255
-0.335925 -0.0324613 0.0222646 0 0 255
-0.32587 -0.0346496 0.00263842 0 0 255
-0.313012 -0.0346496 0.00263842 0 0 255
-0.300154 -0.0346496 0.00263842 0 0 255
-0.288767 -0.0357437 -0.00717469 0 0 255
-0.2789 -0.037932 -0.0268015 0 0 255
-0.266094 -0.037932 -0.0268015 0 0 255
-0.253287 -0.037932 -0.0268015 0 0 255
-0.237404 -0.0357437 -0.00717469 0 0 255
-0.224563 -0.0357437 -0.00717469 0 0 255
-0.207005 -0.0324613 0.0222646 0 0 255
-0.190933 -0.0302729 0.0418914 0 0 255
-0.173185 -0.0269906 0.0713313 0 0 255
-0.160208 -0.0269906 0.0713313 0 0 255
-0.143947 -0.0248022 0.0909575 0 0 255
-0.130935 -0.0248022 0.0909575 0 0 255
-0.114572 -0.022614 0.110584 0 0 255
-0.101526 -0.022614 0.110584 0 0 255
-0.0918991 -0.0248022 0.0909575 0 0 255
-0.0823412 -0.0269906 0.0713313 0 0 255
-0.0693634 -0.0269906 0.0713313 0 0 255
-0.0599084 -0.0291789 0.0517045 0 0 255
-0.0487432 -0.0302729 0.0418914 0 0 255
-0.0358169 -0.0302729 0.0418914 0 0 255
-0.0228906 -0.0302729 0.0418914 0 0 255
-0.0099643 -0.0302729 0.0418914 0 0 255
0.00296216 -0.0302729 0.0418914 0 0 255
0.0121601 -0.0324613 0.0222646 0 0 255
0.025052 -0.0324613 0.0222646 0 0 255
0.0379441 -0.0324613 0.0222646 0 0 255
0.0546674 -0.0302729 0.0418914 0 0 255
0.0675937 -0.0302729 0.0418914 0 0 255
0.0766203 -0.0324613 0.0222646 0 0 255
0.0895124 -0.0324613 0.0222646 0 0 255
0.102404 -0.0324613 0.0222646 0 0 255
0.105985 -0.0444968 -0.0856807 0 0 255
0.118688 -0.0444968 -0.0856807 0 0 255
0.131392 -0.0444968 -0.0856807 0 0 255
0.139956 -0.0466851 -0.105307 0 0 255
0.152625 -0.0466851 -0.105307 0 0 255
0.169502 -0.0444968 -0.0856807 0 0 255
0.182206 -0.0444968 -0.0856807 0 0 255
0.194909 -0.0444968 -0.0856807 0 0 255
0.209769 -0.0434027 -0.0758676 0 0 255
0.222489 -0.0434027 -0.0758676 0 0 255
0.239589 -0.0412144 -0.0562408 0 0 255
0.256759 -0.0390261 -0.0366146 0 0 255
0.271772 -0.037932 -0.0268015 0 0 255
0.289061 -0.0357437 -0.00717469 0 0 255
0.301902 -0.0357437 -0.00717469 0 0 255
0.321569 -0.0324613 0.0222646 0 0 255
0.339047 -0.0302729 0.0418914 0 0 255
0.351973 -0.0302729 0.0418914 0 0 255
0.364899 -0.0302729 0.0418914 0 0 255
-0.361709 -0.0195953 0.0222646 0 0 255
-0.348817 -0.0195953 0.0222646 0 0 255
-0.335925 -0.0195953 0.0222646 0 0 255
-0.32587 -0.0218178 0.00263842 0 0 255
-0.313012 -0.0218178 0.00263842 0 0 255
-0.301607 -0.0229291 -0.00717469 0 0 255
-0.288767 -0.0229291 -0.00717469 0 0 255
-0.2789 -0.0251515 -0.0268015 0 0 255
-0.266094 -0.0251515 -0.0268015 0 0 255
-0.253287 -0.0251515 -0.0268015 0 0 255
-0.237404 -0.0229291 -0.00717469 0 0 255
-0.224563 -0.0229291 -0.00717469 0 0 255
-0.207005 -0.0195953 0.0222646 0 0 255
-0.190933 -0.0173728 0.0418914 0 0 255
-0.1764 -0.0162615 0.0517045 0 0 255
-0.160208 -0.014039 0.0713313 0 0 255
-0.143947 -0.0118166 0.0909575 0 0 255
-0.130935 -0.0118166 0.0909575 0 0 255
-0.114572 -0.00959404 0.110584 0 0 255
-0.101526 -0.00959404 0.110584 0 0 255
-0.0918991 -0.0118166 0.0909575 0 0 255
-0.0788871 -0.0118166 0.0909575 0 0 255
-0.0693634 -0.014039 0.0713313 0 0 255
-0.0599084 -0.0162615 0.0517045 0 0 255
-0.0487432 -0.0173728 0.0418914 0 0 255
-0.0358169 -0.0173728 0.0418914 0 0 255
-0.0228906 -0.0173728 0.0418914 0 0 255
-0.0099643 -0.0173728 0.0418914 0 0 255
0.00296216 -0.0173728 0.0418914 0 0 255
0.0158885 -0.0173728 0.0418914 0 0 255
0.0288146 -0.0173728 0.0418914 0 0 255
0.041741 -0.0173728 0.0418914 0 0 255
0.0546674 -0.0173728 0.0418914 0 0 255
0.0675937 -0.0173728 0.0418914 0 0 255
0.08052 -0.0173728 0.0418914 0 0 255
0.0934465 -0.0173728 0.0418914 0 0 255
0.106373 -0.0173728 0.0418914 0 0 255
0.115296 -0.0195953 0.0222646 0 0 255
0.118688 -0.031819 -0.0856807 0 0 255
0.131392 -0.031819 -0.0856807 0 0 255
0.144096 -0.031819 -0.0856807 0 0 255
0.156799 -0.031819 -0.0856807 0 0 255
0.171607 -0.0307078 -0.0758676 0 0 255
0.184327 -0.0307078 -0.0758676 0 0 255
0.197048 -0.0307078 -0.0758676 0 0 255
0.209769 -0.0307078 -0.0758676 0 0 255
0.23118 -0.0262628 -0.0366146 0 0 255
0.246159 -0.0251515 -0.0268015 0 0 255
0.258966 -0.0251515 -0.0268015 0 0 255
0.271772 -0.0251515 -0.0268015 0 0 255
0.289061 -0.0229291 -0.00717469 0 0 255
0.301902 -0.0229291 -0.00717469 0 0 255
0.321569 -0.0195953 0.0222646 0 0 255
0.334461 -0.0195953 0.0222646 0 0 255
0.347353 -0.0195953 0.0222646 0 0 255
0.364899 -0.0173728 0.0418914 0 0 255
-0.361709 -0.00672927 0.0222646 0 0 255
-0.348817 -0.00672927 0.0222646 0 0 255
-0.335925 -0.00672927 0.0222646 0 0 255
-0.32587 -0.00898595 0.00263842 0 0 255
-0.313012 -0.00898595 0.00263842 0 0 255
-0.301607 -0.0101144 -0.00717469 0 0 255
-0.288767 -0.0101144 -0.00717469 0 0 255
-0.2789 -0.0123711 -0.0268015 0 0 255
-0.266094 -0.0123711 -0.0268015 0 0 255
-0.253287 -0.0123711 -0.0268015 0 0 255
-0.237404 -0.0101144 -0.00717469 0 0 255
-0.223008 -0.00898595 0.00263842 0 0 255
-0.207005 -0.00672927 0.0222646 0 0 255
-0.189343 -0.00334423 0.0517045 0 0 255
-0.1764 -0.00334423 0.0517045 0 0 255
-0.160208 -0.00108748 0.0713313 0 0 255
-0.143947 0.00116919 0.0909575 0 0 255
-0.130935 0.00116919 0.0909575 0 0 255
-0.114572 0.00342586 0.110584 0 0 255
-0.101526 0.00342586 0.110584 0 0 255
-0.0918991 0.00116919 0.0909575 0 0 255
-0.0788871 0.00116919 0.0909575 0 0 255
-0.0693634 -0.00108748 0.0713313 0 0 255
-0.0599084 -0.00334423 0.0517045 0 0 255
-0.046965 -0.00334423 0.0517045 0 0 255
-0.0340214 -0.00334423 0.0517045 0 0 255
-0.0210778 -0.00334423 0.0517045 0 0 255
-0.00813439 -0.00334423 0.0517045 0 0 255
0.00296216 -0.0044726 0.0418914 0 0 255
0.0158885 -0.0044726 0.0418914 0 0 255
0.0288146 -0.0044726 0.0418914 0 0 255
0.041741 -0.0044726 0.0418914 0 0 255
0.0565829 -0.00334423 0.0517045 0 0 255
0.0695264 -0.00334423 0.0517045 0 0 255
0.08052 -0.0044726 0.0418914 0 0 255
0.0934465 -0.0044726 0.0418914 0 0 255
0.106373 -0.0044726 0.0418914 0 0 255
0.119299 -0.0044726 0.0418914 0 0 255
0.133445 -0.0180129 -0.0758676 0 0 255
0.146165 -0.0180129 -0.0758676 0 0 255
0.158886 -0.0180129 -0.0758676 0 0 255
0.20774 -0.0123711 -0.0268015 0 0 255
0.220547 -0.0123711 -0.0268015 0 0 255
0.233353 -0.0123711 -0.0268015 0 0 255
0.246159 -0.0123711 -0.0268015 0 0 255
0.258966 -0.0123711 -0.0268015 0 0 255
0.271772 -0.0123711 -0.0268015 0 0 255
0.289061 -0.0101144 -0.00717469 0 0 255
0.301902 -0.0101144 -0.00717469 0 0 255
0.314742 -0.0101144 -0.00717469 0 0 255
0.329876 -0.00898595 0.00263842 0 0 255
0.347353 -0.00672927 0.0222646 0 0 255
0.360245 -0.00672927 0.0222646 0 0 255
-0.361709 0.00613665 0.0222646 0 0 255
-0.348817 0.00613665 0.0222646 0 0 255
-0.335925 0.00613665 0.0222646 0 0 255
-0.32587 0.00384576 0.00263842 0 0 255
-0.313012 0.00384576 0.00263842 0 0 255
-0.301607 0.00270028 -0.00717469 0 0 255
-0.291706 0.000409313 -0.0268015 0 0 255
-0.2789 0.000409313 -0.0268015 0 0 255
-0.266094 0.000409313 -0.0268015 0 0 255
-0.253287 0.000409313 -0.0268015 0 0 255
-0.237404 0.00270028 -0.00717469 0 0 255
-0.224563 0.00270028 -0.00717469 0 0 255
-0.21015 0.00384576 0.00263842 0 0 255
-0.190933 0.00842768 0.0418914 0 0 255
-0.1764 0.00957309 0.0517045 0 0 255
-0.160208 0.011864 0.0713313 0 0 255
-0.143947 0.014155 0.0909575 0 0 255
-0.130935 0.014155 0.0909575 0 0 255
-0.114572 0.0164459 0.110584 0 0 255
-0.101526 0.0164459 0.110584 0 0 255
-0.0884792 0.0164459 0.110584 0 0 255
-0.0754329 0.0164459 0.110584 0 0 255
-0.0658749 0.014155 0.0909575 0 0 255
-0.0563854 0.011864 0.0713313 0 0 255
-0.046965 0.00957309 0.0517045 0 0 255
-0.0340214 0.00957309 0.0517045 0 0 255
-0.0210778 0.00957309 0.0517045 0 0 255
-0.00813439 0.00957309 0.0517045 0 0 255
0.00480903 0.00957309 0.0517045 0 0 255
0.0177524 0.00957309 0.0517045 0 0 255
0.030696 0.00957309 0.0517045 0 0 255
0.0436396 0.00957309 0.0517045 0 0 255
0.0565829 0.00957309 0.0517045 0 0 255
0.0695264 0.00957309 0.0517045 0 0 255
0.0824698 0.00957309 0.0517045 0 0 255
0.0954134 0.00957309 0.0517045 0 0 255
0.108357 0.00957309 0.0517045 0 0 255
0.1213 0.00957309 0.0517045 0 0 255
0.134244 0.00957309 0.0517045 0 0 255
0.147187 0.00957309 0.0517045 0 0 255
0.158078 0.00842768 0.0418914 0 0 255
0.173495 0.00270028 -0.00717469 0 0 255
0.186336 0.00270028 -0.00717469 0 0 255
0.199177 0.00270028 -0.00717469 0 0 255
0.20774 0.000409313 -0.0268015 0 0 255
0.220547 0.000409313 -0.0268015 0 0 255
0.233353 0.000409313 -0.0268015 0 0 255
0.246159 0.000409313 -0.0268015 0 0 255
0.258966 0.000409313 -0.0268015 0 0 255
0.27622 0.00270028 -0.00717469 0 0 255
0.289061 0.00270028 -0.00717469 0 0 255
0.301902 0.00270028 -0.00717469 0 0 255
0.314742 0.00270028 -0.00717469 0 0 255
0.329876 0.00384576 0.00263842 0 0 255
0.342733 0.00384576 0.00263842 0 0 255
0.355591 0.00384576 0.00263842 0 0 255
0.368449 0.00384576 0.00263842 0 0 255
-0.371901 0.0213278 0.0418914 0 0 255
-0.358975 0.0213278 0.0418914 0 0 255
-0.348817 0.0190027 0.0222646 0 0 255
-0.338728 0.0166775 0.00263842 0 0 255
-0.32587 0.0166775 0.00263842 0 0 255
-0.314448 0.0155149 -0.00717469 0 0 255
-0.305965 0.0120272 -0.0366146 0 0 255
-0.293176 0.0120272 -0.0366146 0 0 255
-0.280387 0.0120272 -0.0366146 0 0 255
-0.267598 0.0120272 -0.0366146 0 0 255
-0.253287 0.0131898 -0.0268015 0 0 255
-0.240481 0.0131898 -0.0268015 0 0 255
-0.224563 0.0155149 -0.00717469 0 0 255
-0.21015 0.0166775 0.00263842 0 0 255
-0.190933 0.0213278 0.0418914 0 0 255
-0.173185 0.0248155 0.0713313 0 0 255
-0.160208 0.0248155 0.0713313 0 0 255
-0.143947 0.0271407 0.0909575 0 0 255
-0.127618 0.0294659 0.110584 0 0 255
-0.114572 0.0294659 0.110584 0 0 255
-0.101526 0.0294659 0.110584 0 0 255
-0.0884792 0.0294659 0.110584 0 0 255
-0.0754329 0.0294659 0.110584 0 0 255
-0.0623867 0.0294659 0.110584 0 0 255
-0.0528629 0.0271407 0.0909575 0 0 255
-0.0434078 0.0248155 0.0713313 0 0 255
-0.0340214 0.0224904 0.0517045 0 0 255
-0.0210778 0.0224904 0.0517045 0 0 255
-0.00813439 0.0224904 0.0517045 0 0 255
0.00480903 0.0224904 0.0517045 0 0 255
0.0177524 0.0224904 0.0517045 0 0 255
0.030696 0.0224904 0.0517045 0 0 255
0.0436396 0.0224904 0.0517045 0 0 255
0.0565829 0.0224904 0.0517045 0 0 255
0.0695264 0.0224904 0.0517045 0 0 255
0.0824698 0.0224904 0.0517045 0 0 255
0.0954134 0.0224904 0.0517045 0 0 255
0.112325 0.0248155 0.0713313 0 0 255
0.125303 0.0248155 0.0713313 0 0 255
0.138281 0.0248155 0.0713313 0 0 255
0.147187 0.0224904 0.0517045 0 0 255
0.158078 0.0213278 0.0418914 0 0 255
0.166864 0.0190027 0.0222646 0 0 255
0.175582 0.0166775 0.00263842 0 0 255
0.18844 0.0166775 0.00263842 0 0 255
0.199177 0.0155149 -0.00717469 0 0 255
0.212017 0.0155149 -0.00717469 0 0 255
0.224858 0.0155149 -0.00717469 0 0 255
0.237698 0.0155149 -0.00717469 0 0 255
0.250539 0.0155149 -0.00717469 0 0 255
0.26338 0.0155149 -0.00717469 0 0 255
0.27622 0.0155149 -0.00717469 0 0 255
0.289061 0.0155149 -0.00717469 0 0 255
0.301902 0.0155149 -0.00717469 0 0 255
0.314742 0.0155149 -0.00717469 0 0 255
0.329876 0.0166775 0.00263842 0 0 255
0.342733 0.0166775 0.00263842 0 0 255
0.355591 0.0166775 0.00263842 0 0 255
0.368449 0.0166775 0.00263842 0 0 255
0.381307 0.0166775 0.00263842 0 0 255
-0.383495 0.0354077 0.0517045 0 0 255
-0.371901 0.034228 0.0418914 0 0 255
-0.361709 0.0318687 0.0222646 0 0 255
-0.351585 0.0295093 0.00263842 0 0 255
-0.340129 0.0283295 -0.00717469 0 0 255
-0.330125 0.0259702 -0.0268015 0 0 255
-0.317319 0.0259702 -0.0268015 0 0 255
-0.305965 0.0247906 -0.0366146 0 0 255
-0.293176 0.0247906 -0.0366146 0 0 255
-0.280387 0.0247906 -0.0366146 0 0 255
-0.267598 0.0247906 -0.0366146 0 0 255
-0.254809 0.0247906 -0.0366146 0 0 255
-0.24202 0.0247906 -0.0366146 0 0 255
-0.227675 0.0259702 -0.0268015 0 0 255
-0.21015 0.0295093 0.00263842 0 0 255
-0.1764 0.0354077 0.0517045 0 0 255
-0.160208 0.0377671 0.0713313 0 0 255
-0.140665 0.0424858 0.110584 0 0 255
-0.127618 0.0424858 0.110584 0 0 255
-0.114572 0.0424858 0.110584 0 0 255
-0.101526 0.0424858 0.110584 0 0 255
-0.0884792 0.0424858 0.110584 0 0 255
-0.0754329 0.0424858 0.110584 0 0 255
-0.0623867 0.0424858 0.110584 0 0 255
-0.0528629 0.0401265 0.0909575 0 0 255
-0.0398508 0.0401265 0.0909575 0 0 255
-0.03043 0.0377671 0.0713313 0 0 255
-0.0174522 0.0377671 0.0713313 0 0 255
-0.00447444 0.0377671 0.0713313 0 0 255
0.00480903 0.0354077 0.0517045 0 0 255
0.0177524 0.0354077 0.0517045 0 0 255
0.030696 0.0354077 0.0517045 0 0 255
0.0436396 0.0354077 0.0517045 0 0 255
0.0565829 0.0354077 0.0517045 0 0 255
0.0695264 0.0354077 0.0517045 0 0 255
0.0863698 0.0377671 0.0713313 0 0 255
0.0993475 0.0377671 0.0713313 0 0 255
0.112325 0.0377671 0.0713313 0 0 255
0.129306 0.0401265 0.0909575 0 0 255
0.138281 0.0377671 0.0713313 0 0 255
0.151259 0.0377671 0.0713313 0 0 255
0.160131 0.0354077 0.0517045 0 0 255
0.171004 0.034228 0.0418914 0 0 255
0.179757 0.0318687 0.0222646 0 0 255
0.192649 0.0318687 0.0222646 0 0 255
0.201298 0.0295093 0.00263842 0 0 255
0.212017 0.0283295 -0.00717469 0 0 255
0.224858 0.0283295 -0.00717469 0 0 255
0.237698 0.0283295 -0.00717469 0 0 255
0.250539 0.0283295 -0.00717469 0 0 255
0.26338 0.0283295 -0.00717469 0 0 255
0.27622 0.0283295 -0.00717469 0 0 255
0.289061 0.0283295 -0.00717469 0 0 255
0.301902 0.0283295 -0.00717469 0 0 255
0.314742 0.0283295 -0.00717469 0 0 255
0.329876 0.0295093 0.00263842 0 0 255
0.342733 0.0295093 0.00263842 0 0 255
0.355591 0.0295093 0.00263842 0 0 255
0.368449 0.0295093 0.00263842 0 0 255
0.381307 0.0295093 0.00263842 0 0 255
-0.383495 0.048325 0.0517045 0 0 255
-0.371901 0.0471283 0.0418914 0 0 255
-0.361709 0.0447346 0.0222646 0 0 255
-0.351585 0.0423411 0.00263842 0 0 255
-0.340129 0.0411442 -0.00717469 0 0 255
-0.330125 0.0387507 -0.0268015 0 0 255
-0.318755 0.0375539 -0.0366146 0 0 255
-0.305965 0.0375539 -0.0366146 0 0 255
-0.293176 0.0375539 -0.0366146 0 0 255
-0.280387 0.0375539 -0.0366146 0 0 255
-0.267598 0.0375539 -0.0366146 0 0 255
-0.254809 0.0375539 -0.0366146 0 0 255
-0.24202 0.0375539 -0.0366146 0 0 255
-0.227675 0.0387507 -0.0268015 0 0 255
-0.189343 0.048325 0.0517045 0 0 255
-0.1764 0.048325 0.0517045 0 0 255
-0.156959 0.0531122 0.0909575 0 0 255
-0.140665 0.0555058 0.110584 0 0 255
-0.127618 0.0555058 0.110584 0 0 255
-0.112896 0.0567026 0.120397 0 0 255
-0.0998329 0.0567026 0.120397 0 0 255
-0.0867694 0.0567026 0.120397 0 0 255
-0.0754329 0.0555058 0.110584 0 0 255
-0.0623867 0.0555058 0.110584 0 0 255
-0.0493403 0.0555058 0.110584 0 0 255
-0.0398508 0.0531122 0.0909575 0 0 255
-0.03043 0.0507186 0.0713313 0 0 255
-0.0174522 0.0507186 0.0713313 0 0 255
-0.00813439 0.048325 0.0517045 0 0 255
0.00480903 0.048325 0.0517045 0 0 255
0.0177524 0.048325 0.0517045 0 0 255
0.030696 0.048325 0.0517045 0 0 255
0.0436396 0.048325 0.0517045 0 0 255
0.0565829 0.048325 0.0517045 0 0 255
0.073392 0.0507186 0.0713313 0 0 255
0.0863698 0.0507186 0.0713313 0 0 255
0.0993475 0.0507186 0.0713313 0 0 255
0.116294 0.0531122 0.0909575 0 0 255
0.129306 0.0531122 0.0909575 0 0 255
0.142318 0.0531122 0.0909575 0 0 255
0.15533 0.0531122 0.0909575 0 0 255
0.164236 0.0507186 0.0713313 0 0 255
0.177214 0.0507186 0.0713313 0 0 255
0.186018 0.048325 0.0517045 0 0 255
0.196857 0.0471283 0.0418914 0 0 255
0.205541 0.0447346 0.0222646 0 0 255
0.214156 0.0423411 0.00263842 0 0 255
0.224858 0.0411442 -0.00717469 0 0 255
0.237698 0.0411442 -0.00717469 0 0 255
0.250539 0.0411442 -0.00717469 0 0 255
0.26338 0.0411442 -0.00717469 0 0 255
0.27622 0.0411442 -0.00717469 0 0 255
0.289061 0.0411442 -0.00717469 0 0 255
0.301902 0.0411442 -0.00717469 0 0 255
0.314742 0.0411442 -0.00717469 0 0 255
0.329876 0.0423411 0.00263842 0 0 255
0.342733 0.0423411 0.00263842 0 0 255
0.355591 0.0423411 0.00263842 0 0 255
0.368449 0.0423411 0.00263842 0 0 255
0.381307 0.0423411 0.00263842 0 0 255
-0.383495 0.0612424 0.0517045 0 0 255
-0.370552 0.0612424 0.0517045 0 0 255
-0.361709 0.0576007 0.0222646 0 0 255
-0.351585 0.0551728 0.00263842 0 0 255
-0.340129 0.0539589 -0.00717469 0 0 255
-0.330125 0.0515311 -0.0268015 0 0 255
-0.318755 0.0503173 -0.0366146 0 0 255
-0.305965 0.0503173 -0.0366146 0 0 255
-0.293176 0.0503173 -0.0366146 0 0 255
-0.280387 0.0503173 -0.0366146 0 0 255
-0.267598 0.0503173 -0.0366146 0 0 255
-0.254809 0.0503173 -0.0366146 0 0 255
-0.24202 0.0503173 -0.0366146 0 0 255
-0.227675 0.0515311 -0.0268015 0 0 255
-0.186163 0.0636701 0.0713313 0 0 255
-0.173185 0.0636701 0.0713313 0 0 255
-0.153711 0.0685258 0.110584 0 0 255
-0.139023 0.0697396 0.120397 0 0 255
-0.12596 0.0697396 0.120397 0 0 255
-0.112896 0.0697396 0.120397 0 0 255
-0.0998329 0.0697396 0.120397 0 0 255
-0.0867694 0.0697396 0.120397 0 0 255
-0.0754329 0.0685258 0.110584 0 0 255
-0.0623867 0.0685258 0.110584 0 0 255
-0.0493403 0.0685258 0.110584 0 0 255
-0.0398508 0.066098 0.0909575 0 0 255
-0.03043 0.0636701 0.0713313 0 0 255
-0.0174522 0.0636701 0.0713313 0 0 255
-0.00813439 0.0612424 0.0517045 0 0 255
0.00480903 0.0612424 0.0517045 0 0 255
0.021481 0.0636701 0.0713313 0 0 255
0.030696 0.0612424 0.0517045 0 0 255
0.0436396 0.0612424 0.0517045 0 0 255
0.0604142 0.0636701 0.0713313 0 0 255
0.073392 0.0636701 0.0713313 0 0 255
0.0902695 0.066098 0.0909575 0 0 255
0.103282 0.066098 0.0909575 0 0 255
0.116294 0.066098 0.0909575 0 0 255
0.129306 0.066098 0.0909575 0 0 255
0.142318 0.066098 0.0909575 0 0 255
0.15533 0.066098 0.0909575 0 0 255
0.168342 0.066098 0.0909575 0 0 255
0.177214 0.0636701 0.0713313 0 0 255
0.190192 0.0636701 0.0713313 0 0 255
0.20317 0.0636701 0.0713313 0 0 255
0.209783 0.0600285 0.0418914 0 0 255
0.218433 0.0576007 0.0222646 0 0 255
0.227014 0.0551728 0.00263842 0 0 255
0.237698 0.0539589 -0.00717469 0 0 255
0.250539 0.0539589 -0.00717469 0 0 255
0.26338 0.0539589 -0.00717469 0 0 255
0.27622 0.0539589 -0.00717469 0 0 255
0.289061 0.0539589 -0.00717469 0 0 255
0.301902 0.0539589 -0.00717469 0 0 255
0.314742 0.0539589 -0.00717469 0 0 255
0.329876 0.0551728 0.00263842 0 0 255
0.342733 0.0551728 0.00263842 0 0 255
0.355591 0.0551728 0.00263842 0 0 255
0.368449 0.0551728 0.00263842 0 0 255
0.381307 0.0551728 0.00263842 0 0 255
-0.383495 0.0741597 0.0517045 0 0 255
-0.367852 0.0766217 0.0713313 0 0 255
-0.357608 0.0741597 0.0517045 0 0 255
-0.348817 0.0704667 0.0222646 0 0 255
-0.338728 0.0680046 0.00263842 0 0 255
-0.330125 0.0643116 -0.0268015 0 0 255
-0.318755 0.0630805 -0.0366146 0 0 255
-0.305965 0.0630805 -0.0366146 0 0 255
-0.293176 0.0630805 -0.0366146 0 0 255
-0.280387 0.0630805 -0.0366146 0 0 255
-0.267598 0.0630805 -0.0366146 0 0 255
-0.254809 0.0630805 -0.0366146 0 0 255
-0.240481 0.0643116 -0.0268015 0 0 255
-0.224563 0.0667735 -0.00717469 0 0 255
-0.186163 0.0766217 0.0713313 0 0 255
-0.173185 0.0766217 0.0713313 0 0 255
-0.153711 0.0815457 0.110584 0 0 255
-0.139023 0.0827767 0.120397 0 0 255
-0.12596 0.0827767 0.120397 0 0 255
-0.112896 0.0827767 0.120397 0 0 255
-0.0998329 0.0827767 0.120397 0 0 255
-0.0867694 0.0827767 0.120397 0 0 255
-0.0737059 0.0827767 0.120397 0 0 255
-0.0623867 0.0815457 0.110584 0 0 255
-0.0493403 0.0815457 0.110584 0 0 255
-0.0398508 0.0790837 0.0909575 0 0 255
-0.0268389 0.0790837 0.0909575 0 0 255
-0.0138268 0.0790837 0.0909575 0 0 255
-0.00447444 0.0766217 0.0713313 0 0 255
0.0085032 0.0766217 0.0713313 0 0 255
0.021481 0.0766217 0.0713313 0 0 255
0.0344588 0.0766217 0.0713313 0 0 255
0.0474366 0.0766217 0.0713313 0 0 255
0.0604142 0.0766217 0.0713313 0 0 255
0.073392 0.0766217 0.0713313 0 0 255
0.0902695 0.0790837 0.0909575 0 0 255
0.103282 0.0790837 0.0909575 0 0 255
0.116294 0.0790837 0.0909575 0 0 255
0.129306 0.0790837 0.0909575 0 0 255
0.142318 0.0790837 0.0909575 0 0 255
0.15533 0.0790837 0.0909575 0 0 255
0.168342 0.0790837 0.0909575 0 0 255
0.181354 0.0790837 0.0909575 0 0 255
0.190192 0.0766217 0.0713313 0 0 255
0.20317 0.0766217 0.0713313 0 0 255
0.211905 0.0741597 0.0517045 0 0 255
0.22271 0.0729287 0.0418914 0 0 255
0.227014 0.0680046 0.00263842 0 0 255
0.239871 0.0680046 0.00263842 0 0 255
0.252729 0.0680046 0.00263842 0 0 255
0.265587 0.0680046 0.00263842 0 0 255
0.27622 0.0667735 -0.00717469 0 0 255
0.289061 0.0667735 -0.00717469 0 0 255
0.301902 0.0667735 -0.00717469 0 0 255
0.317018 0.0680046 0.00263842 0 0 255
0.329876 0.0680046 0.00263842 0 0 255
0.342733 0.0680046 0.00263842 0 0 255
0.355591 0.0680046 0.00263842 0 0 255
0.368449 0.0680046 0.00263842 0 0 255
-0.367852 0.0895733 0.0713313 0 0 255
-0.357608 0.087077 0.0517045 0 0 255
-0.346049 0.0858289 0.0418914 0 0 255
-0.338728 0.0808364 0.00263842 0 0 255
-0.330125 0.077092 -0.0268015 0 0 255
-0.317319 0.077092 -0.0268015 0 0 255
-0.304513 0.077092 -0.0268015 0 0 255
-0.291706 0.077092 -0.0268015 0 0 255
-0.280387 0.075844 -0.0366146 0 0 255
-0.267598 0.075844 -0.0366146 0 0 255
-0.253287 0.077092 -0.0268015 0 0 255
-0.240481 0.077092 -0.0268015 0 0 255
-0.224563 0.0795882 -0.00717469 0 0 255
-0.186163 0.0895733 0.0713313 0 0 255
-0.173185 0.0895733 0.0713313 0 0 255
-0.153711 0.0945657 0.110584 0 0 255
-0.139023 0.0958138 0.120397 0 0 255
-0.12596 0.0958138 0.120397 0 0 255
-0.112896 0.0958138 0.120397 0 0 255
-0.0998329 0.0958138 0.120397 0 0 255
-0.0867694 0.0958138 0.120397 0 0 255
-0.0737059 0.0958138 0.120397 0 0 255
-0.0623867 0.0945657 0.110584 0 0 255
-0.0493403 0.0945657 0.110584 0 0 255
-0.0398508 0.0920695 0.0909575 0 0 255
-0.0268389 0.0920695 0.0909575 0 0 255
-0.0138268 0.0920695 0.0909575 0 0 255
-0.00447444 0.0895733 0.0713313 0 0 255
0.0085032 0.0895733 0.0713313 0 0 255
0.021481 0.0895733 0.0713313 0 0 255
0.0344588 0.0895733 0.0713313 0 0 255
0.0474366 0.0895733 0.0713313 0 0 255
0.0604142 0.0895733 0.0713313 0 0 255
0.0772575 0.0920695 0.0909575 0 0 255
0.0902695 0.0920695 0.0909575 0 0 255
0.103282 0.0920695 0.0909575 0 0 255
0.116294 0.0920695 0.0909575 0 0 255
0.129306 0.0920695 0.0909575 0 0 255
0.142318 0.0920695 0.0909575 0 0 255
0.15533 0.0920695 0.0909575 0 0 255
0.168342 0.0920695 0.0909575 0 0 255
0.181354 0.0920695 0.0909575 0 0 255
0.194366 0.0920695 0.0909575 0 0 255
0.207378 0.0920695 0.0909575 0 0 255
0.216147 0.0895733 0.0713313 0 0 255
0.224848 0.087077 0.0517045 0 0 255
0.231325 0.0833326 0.0222646 0 0 255
0.239871 0.0808364 0.00263842 0 0 255
0.252729 0.0808364 0.00263842 0 0 255
0.265587 0.0808364 0.00263842 0 0 255
0.278444 0.0808364 0.00263842 0 0 255
0.291302 0.0808364 0.00263842 0 0 255
0.30416 0.0808364 0.00263842 0 0 255
0.317018 0.0808364 0.00263842 0 0 255
0.329876 0.0808364 0.00263842 0 0 255
0.347353 0.0833326 0.0222646 0 0 255
0.355591 0.0808364 0.00263842 0 0 255
0.368449 0.0808364 0.00263842 0 0 255
-0.370552 0.0999943 0.0517045 0 0 255
-0.357608 0.0999943 0.0517045 0 0 255
-0.346049 0.0987291 0.0418914 0 0 255
-0.335925 0.0961987 0.0222646 0 0 255
-0.32587 0.0936681 0.00263842 0 0 255
-0.317319 0.0898725 -0.0268015 0 0 255
-0.304513 0.0898725 -0.0268015 0 0 255
-0.291706 0.0898725 -0.0268015 0 0 255
-0.2789 0.0898725 -0.0268015 0 0 255
-0.266094 0.0898725 -0.0268015 0 0 255
-0.253287 0.0898725 -0.0268015 0 0 255
-0.240481 0.0898725 -0.0268015 0 0 255
-0.224563 0.0924029 -0.00717469 0 0 255
-0.169971 0.105055 0.0909575 0 0 255
-0.152087 0.108851 0.120397 0 0 255
-0.135741 0.111381 0.140024 0 0 255
-0.122643 0.111381 0.140024 0 0 255
-0.109545 0.111381 0.140024 0 0 255
-0.0998329 0.108851 0.120397 0 0 255
-0.0867694 0.108851 0.120397 0 0 255
-0.0737059 0.108851 0.120397 0 0 255
-0.0623867 0.107586 0.110584 0 0 255
-0.0493403 0.107586 0.110584 0 0 255
-0.0398508 0.105055 0.0909575 0 0 255
-0.0268389 0.105055 0.0909575 0 0 255
-0.0138268 0.105055 0.0909575 0 0 255
-0.000814777 0.105055 0.0909575 0 0 255
0.0121972 0.105055 0.0909575 0 0 255
0.0252094 0.105055 0.0909575 0 0 255
0.0382214 0.105055 0.0909575 0 0 255
0.0512335 0.105055 0.0909575 0 0 255
0.0642454 0.105055 0.0909575 0 0 255
0.0811229 0.107586 0.110584 0 0 255
0.0941693 0.107586 0.110584 0 0 255
0.107216 0.107586 0.110584 0 0 255
0.120262 0.107586 0.110584 0 0 255
0.133308 0.107586 0.110584 0 0 255
0.146355 0.107586 0.110584 0 0 255
0.159401 0.107586 0.110584 0 0 255
0.172447 0.107586 0.110584 0 0 255
0.185494 0.107586 0.110584 0 0 255
0.19854 0.107586 0.110584 0 0 255
0.211586 0.107586 0.110584 0 0 255
0.22039 0.105055 0.0909575 0 0 255
0.229125 0.102525 0.0713313 0 0 255
0.235636 0.0987291 0.0418914 0 0 255
0.244217 0.0961987 0.0222646 0 0 255
0.257109 0.0961987 0.0222646 0 0 255
0.270001 0.0961987 0.0222646 0 0 255
0.282893 0.0961987 0.0222646 0 0 255
0.295785 0.0961987 0.0222646 0 0 255
0.308677 0.0961987 0.0222646 0 0 255
0.321569 0.0961987 0.0222646 0 0 255
0.334461 0.0961987 0.0222646 0 0 255
0.347353 0.0961987 0.0222646 0 0 255
0.360245 0.0961987 0.0222646 0 0 255
0.373137 0.0961987 0.0222646 0 0 255
-0.370552 0.112912 0.0517045 0 0 255
-0.357608 0.112912 0.0517045 0 0 255
-0.346049 0.111629 0.0418914 0 0 255
-0.335925 0.109065 0.0222646 0 0 255
-0.32587 0.1065 0.00263842 0 0 255
-0.314448 0.105218 -0.00717469 0 0 255
-0.301607 0.105218 -0.00717469 0 0 255
-0.291706 0.102653 -0.0268015 0 0 255
-0.2789 0.102653 -0.0268015 0 0 255
-0.266094 0.102653 -0.0268015 0 0 255
-0.253287 0.102653 -0.0268015 0 0 255
-0.237404 0.105218 -0.00717469 0 0 255
-0.223008 0.1065 0.00263842 0 0 255
-0.186163 0.115476 0.0713313 0 0 255
-0.148838 0.124453 0.140024 0 0 255
-0.132458 0.127017 0.15965 0 0 255
-0.122643 0.124453 0.140024 0 0 255
-0.109545 0.124453 0.140024 0 0 255
-0.0964474 0.124453 0.140024 0 0 255
-0.0833495 0.124453 0.140024 0 0 255
-0.0737059 0.121888 0.120397 0 0 255
-0.0606424 0.121888 0.120397 0 0 255
-0.0493403 0.120606 0.110584 0 0 255
-0.0362939 0.120606 0.110584 0 0 255
-0.0268389 0.118041 0.0909575 0 0 255
-0.0138268 0.118041 0.0909575 0 0 255
-0.000814777 0.118041 0.0909575 0 0 255
0.0121972 0.118041 0.0909575 0 0 255
0.0252094 0.118041 0.0909575 0 0 255
0.041984 0.120606 0.110584 0 0 255
0.0550304 0.120606 0.110584 0 0 255
0.0680766 0.120606 0.110584 0 0 255
0.0811229 0.120606 0.110584 0 0 255
0.0941693 0.120606 0.110584 0 0 255
0.107216 0.120606 0.110584 0 0 255
0.120262 0.120606 0.110584 0 0 255
0.133308 0.120606 0.110584 0 0 255
0.146355 0.120606 0.110584 0 0 255
0.159401 0.120606 0.110584 0 0 255
0.172447 0.120606 0.110584 0 0 255
0.185494 0.120606 0.110584 0 0 255
0.19854 0.120606 0.110584 0 0 255
0.211586 0.120606 0.110584 0 0 255
0.22039 0.118041 0.0909575 0 0 255
0.233402 0.118041 0.0909575 0 0 255
0.237791 0.112912 0.0517045 0 0 255
0.248562 0.111629 0.0418914 0 0 255
0.261489 0.111629 0.0418914 0 0 255
0.274415 0.111629 0.0418914 0 0 255
0.282893 0.109065 0.0222646 0 0 255
0.295785 0.109065 0.0222646 0 0 255
0.308677 0.109065 0.0222646 0 0 255
0.32612 0.111629 0.0418914 0 0 255
0.339047 0.111629 0.0418914 0 0 255
0.351973 0.111629 0.0418914 0 0 255
0.364899 0.111629 0.0418914 0 0 255
-0.357608 0.125829 0.0517045 0 0 255
-0.346049 0.12453 0.0418914 0 0 255
-0.335925 0.121931 0.0222646 0 0 255
-0.32587 0.119332 0.00263842 0 0 255
-0.313012 0.119332 0.00263842 0 0 255
-0.301607 0.118032 -0.00717469 0 0 255
-0.288767 0.118032 -0.00717469 0 0 255
-0.275926 0.118032 -0.00717469 0 0 255
-0.263085 0.118032 -0.00717469 0 0 255
-0.250245 0.118032 -0.00717469 0 0 255
-0.235866 0.119332 0.00263842 0 0 255
-0.16515 0.134925 0.120397 0 0 255
-0.148838 0.137524 0.140024 0 0 255
-0.132458 0.140123 0.15965 0 0 255
-0.122643 0.137524 0.140024 0 0 255
-0.109545 0.137524 0.140024 0 0 255
-0.0964474 0.137524 0.140024 0 0 255
-0.0833495 0.137524 0.140024 0 0 255
-0.0737059 0.134925 0.120397 0 0 255
-0.0606424 0.134925 0.120397 0 0 255
-0.0493403 0.133626 0.110584 0 0 255
-0.0362939 0.133626 0.110584 0 0 255
-0.0232477 0.133626 0.110584 0 0 255
-0.0102013 0.133626 0.110584 0 0 255
0.00284503 0.133626 0.110584 0 0 255
0.0158914 0.133626 0.110584 0 0 255
0.0289376 0.133626 0.110584 0 0 255
0.041984 0.133626 0.110584 0 0 255
0.0550304 0.133626 0.110584 0 0 255
0.0680766 0.133626 0.110584 0 0 255
0.0811229 0.133626 0.110584 0 0 255
0.0941693 0.133626 0.110584 0 0 255
0.109183 0.134925 0.120397 0 0 255
0.122246 0.134925 0.120397 0 0 255
0.13531 0.134925 0.120397 0 0 255
0.146355 0.133626 0.110584 0 0 255
0.159401 0.133626 0.110584 0 0 255
0.172447 0.133626 0.110584 0 0 255
0.185494 0.133626 0.110584 0 0 255
0.19854 0.133626 0.110584 0 0 255
0.211586 0.133626 0.110584 0 0 255
0.22039 0.131027 0.0909575 0 0 255
0.233402 0.131027 0.0909575 0 0 255
0.242103 0.128428 0.0713313 0 0 255
0.250735 0.125829 0.0517045 0 0 255
0.263678 0.125829 0.0517045 0 0 255
0.274415 0.12453 0.0418914 0 0 255
0.287341 0.12453 0.0418914 0 0 255
0.300268 0.12453 0.0418914 0 0 255
0.313194 0.12453 0.0418914 0 0 255
0.32612 0.12453 0.0418914 0 0 255
0.339047 0.12453 0.0418914 0 0 255
0.351973 0.12453 0.0418914 0 0 255
0.364899 0.12453 0.0418914 0 0 255
-0.357608 0.138746 0.0517045 0 0 255
-0.346049 0.13743 0.0418914 0 0 255
-0.335925 0.134797 0.0222646 0 0 255
-0.32587 0.132163 0.00263842 0 0 255
-0.313012 0.132163 0.00263842 0 0 255
-0.300154 0.132163 0.00263842 0 0 255
-0.287297 0.132163 0.00263842 0 0 255
-0.275926 0.130847 -0.00717469 0 0 255
-0.263085 0.130847 -0.00717469 0 0 255
-0.248723 0.132163 0.00263842 0 0 255
-0.232789 0.134797 0.0222646 0 0 255
-0.216786 0.13743 0.0418914 0 0 255
-0.202287 0.138746 0.0517045 0 0 255
-0.16515 0.147962 0.120397 0 0 255
-0.148838 0.150595 0.140024 0 0 255
-0.132458 0.153228 0.15965 0 0 255
-0.122643 0.150595 0.140024 0 0 255
-0.109545 0.150595 0.140024 0 0 255
-0.0964474 0.150595 0.140024 0 0 255
-0.0833495 0.150595 0.140024 0 0 255
-0.0737059 0.147962 0.120397 0 0 255
-0.0606424 0.147962 0.120397 0 0 255
-0.0493403 0.146646 0.110584 0 0 255
-0.0362939 0.146646 0.110584 0 0 255
-0.0232477 0.146646 0.110584 0 0 255
-0.0102013 0.146646 0.110584 0 0 255
0.00284503 0.146646 0.110584 0 0 255
0.0158914 0.146646 0.110584 0 0 255
0.0289376 0.146646 0.110584 0 0 255
0.041984 0.146646 0.110584 0 0 255
0.056929 0.147962 0.120397 0 0 255
0.0699923 0.147962 0.120397 0 0 255
0.0830558 0.147962 0.120397 0 0 255
0.0961193 0.147962 0.120397 0 0 255
0.109183 0.147962 0.120397 0 0 255
0.122246 0.147962 0.120397 0 0 255
0.13531 0.147962 0.120397 0 0 255
0.148373 0.147962 0.120397 0 0 255
0.161437 0.147962 0.120397 0 0 255
0.1745 0.147962 0.120397 0 0 255
0.185494 0.146646 0.110584 0 0 255
0.19854 0.146646 0.110584 0 0 255
0.211586 0.146646 0.110584 0 0 255
0.224633 0.146646 0.110584 0 0 255
0.233402 0.144012 0.0909575 0 0 255
0.242103 0.141379 0.0713313 0 0 255
0.255081 0.141379 0.0713313 0 0 255
0.263678 0.138746 0.0517045 0 0 255
0.276622 0.138746 0.0517045 0 0 255
0.289565 0.138746 0.0517045 0 0 255
0.300268 0.13743 0.0418914 0 0 255
0.313194 0.13743 0.0418914 0 0 255
0.328396 0.138746 0.0517045 0 0 255
0.339047 0.13743 0.0418914 0 0 255
0.351973 0.13743 0.0418914 0 0 255
-0.344665 0.151664 0.0517045 0 0 255
-0.333122 0.15033 0.0418914 0 0 255
-0.323033 0.147663 0.0222646 0 0 255
-0.310141 0.147663 0.0222646 0 0 255
-0.297249 0.147663 0.0222646 0 0 255
-0.284357 0.147663 0.0222646 0 0 255
-0.271465 0.147663 0.0222646 0 0 255
-0.258573 0.147663 0.0222646 0 0 255
-0.245681 0.147663 0.0222646 0 0 255
-0.229712 0.15033 0.0418914 0 0 255
-0.21523 0.151664 0.0517045 0 0 255
-0.202287 0.151664 0.0517045 0 0 255
-0.16515 0.160999 0.120397 0 0 255
-0.148838 0.163667 0.140024 0 0 255
-0.135741 0.163667 0.140024 0 0 255
-0.122643 0.163667 0.140024 0 0 255
-0.109545 0.163667 0.140024 0 0 255
-0.0964474 0.163667 0.140024 0 0 255
-0.0833495 0.163667 0.140024 0 0 255
-0.0702518 0.163667 0.140024 0 0 255
-0.0606424 0.160999 0.120397 0 0 255
-0.047579 0.160999 0.120397 0 0 255
-0.0362939 0.159666 0.110584 0 0 255
-0.0232477 0.159666 0.110584 0 0 255
-0.00838854 0.160999 0.120397 0 0 255
0.00467494 0.160999 0.120397 0 0 255
0.0177384 0.160999 0.120397 0 0 255
0.0308019 0.160999 0.120397 0 0 255
0.0438655 0.160999 0.120397 0 0 255
0.056929 0.160999 0.120397 0 0 255
0.0699923 0.160999 0.120397 0 0 255
0.0830558 0.160999 0.120397 0 0 255
0.0961193 0.160999 0.120397 0 0 255
0.109183 0.160999 0.120397 0 0 255
0.122246 0.160999 0.120397 0 0 255
0.13531 0.160999 0.120397 0 0 255
0.148373 0.160999 0.120397 0 0 255
0.161437 0.160999 0.120397 0 0 255
0.1745 0.160999 0.120397 0 0 255
0.185494 0.159666 0.110584 0 0 255
0.19854 0.159666 0.110584 0 0 255
0.211586 0.159666 0.110584 0 0 255
0.224633 0.159666 0.110584 0 0 255
0.233402 0.156998 0.0909575 0 0 255
0.242103 0.154331 0.0713313 0 0 255
0.255081 0.154331 0.0713313 0 0 255
0.268058 0.154331 0.0713313 0 0 255
0.276622 0.151664 0.0517045 0 0 255
0.289565 0.151664 0.0517045 0 0 255
0.302509 0.151664 0.0517045 0 0 255
0.315452 0.151664 0.0517045 0 0 255
0.328396 0.151664 0.0517045 0 0 255
0.341339 0.151664 0.0517045 0 0 255
0.354283 0.151664 0.0517045 0 0 255
-0.344665 0.164581 0.0517045 0 0 255
-0.331721 0.164581 0.0517045 0 0 255
-0.320196 0.16323 0.0418914 0 0 255
-0.30727 0.16323 0.0418914 0 0 255
-0.297249 0.160529 0.0222646 0 0 255
-0.284357 0.160529 0.0222646 0 0 255
-0.268491 0.16323 0.0418914 0 0 255
-0.255565 0.16323 0.0418914 0 0 255
-0.242638 0.16323 0.0418914 0 0 255
-0.228173 0.164581 0.0517045 0 0 255
-0.21523 0.164581 0.0517045 0 0 255
-0.195995 0.169984 0.0909575 0 0 255
-0.182983 0.169984 0.0909575 0 0 255
-0.16515 0.174036 0.120397 0 0 255
-0.148838 0.176738 0.140024 0 0 255
-0.135741 0.176738 0.140024 0 0 255
-0.122643 0.176738 0.140024 0 0 255
-0.109545 0.176738 0.140024 0 0 255
-0.0964474 0.176738 0.140024 0 0 255
-0.0833495 0.176738 0.140024 0 0 255
-0.0737059 0.174036 0.120397 0 0 255
-0.0606424 0.174036 0.120397 0 0 255
-0.047579 0.174036 0.120397 0 0 255
-0.0345155 0.174036 0.120397 0 0 255
-0.0214519 0.174036 0.120397 0 0 255
-0.00838854 0.174036 0.120397 0 0 255
0.00467494 0.174036 0.120397 0 0 255
0.0177384 0.174036 0.120397 0 0 255
0.0308019 0.174036 0.120397 0 0 255
0.0438655 0.174036 0.120397 0 0 255
0.056929 0.174036 0.120397 0 0 255
0.0699923 0.174036 0.120397 0 0 255
0.0830558 0.174036 0.120397 0 0 255
0.100019 0.176738 0.140024 0 0 255
0.113117 0.176738 0.140024 0 0 255
0.122246 0.174036 0.120397 0 0 255
0.13531 0.174036 0.120397 0 0 255
0.148373 0.174036 0.120397 0 0 255
0.161437 0.174036 0.120397 0 0 255
0.1745 0.174036 0.120397 0 0 255
0.185494 0.172685 0.110584 0 0 255
0.19854 0.172685 0.110584 0 0 255
0.211586 0.172685 0.110584 0 0 255
0.224633 0.172685 0.110584 0 0 255
0.233402 0.169984 0.0909575 0 0 255
0.246414 0.169984 0.0909575 0 0 255
0.259426 0.169984 0.0909575 0 0 255
0.268058 0.167282 0.0713313 0 0 255
0.281036 0.167282 0.0713313 0 0 255
0.294014 0.167282 0.0713313 0 0 255
0.302509 0.164581 0.0517045 0 0 255
0.315452 0.164581 0.0517045 0 0 255
0.328396 0.164581 0.0517045 0 0 255
0.341339 0.164581 0.0517045 0 0 255
-0.331721 0.177498 0.0517045 0 0 255
-0.320196 0.17613 0.0418914 0 0 255
-0.30727 0.17613 0.0418914 0 0 255
-0.294344 0.17613 0.0418914 0 0 255
-0.281417 0.17613 0.0418914 0 0 255
-0.268491 0.17613 0.0418914 0 0 255
-0.25406 0.177498 0.0517045 0 0 255
-0.241117 0.177498 0.0517045 0 0 255
-0.225096 0.180234 0.0713313 0 0 255
-0.212119 0.180234 0.0713313 0 0 255
-0.195995 0.18297 0.0909575 0 0 255
-0.178214 0.187073 0.120397 0 0 255
-0.16515 0.187073 0.120397 0 0 255
-0.148838 0.189809 0.140024 0 0 255
-0.135741 0.189809 0.140024 0 0 255
-0.122643 0.189809 0.140024 0 0 255
-0.112896 0.187073 0.120397 0 0 255
-0.0998329 0.187073 0.120397 0 0 255
-0.0867694 0.187073 0.120397 0 0 255
-0.0737059 0.187073 0.120397 0 0 255
-0.0606424 0.187073 0.120397 0 0 255
-0.047579 0.187073 0.120397 0 0 255
-0.0362939 0.185706 0.110584 0 0 255
-0.0232477 0.185706 0.110584 0 0 255
-0.00838854 0.187073 0.120397 0 0 255
0.00467494 0.187073 0.120397 0 0 255
0.0177384 0.187073 0.120397 0 0 255
0.0308019 0.187073 0.120397 0 0 255
0.0438655 0.187073 0.120397 0 0 255
0.056929 0.187073 0.120397 0 0 255
0.0699923 0.187073 0.120397 0 0 255
0.0830558 0.187073 0.120397 0 0 255
0.100019 0.189809 0.140024 0 0 255
0.109183 0.187073 0.120397 0 0 255
0.122246 0.187073 0.120397 0 0 255
0.13531 0.187073 0.120397 0 0 255
0.148373 0.187073 0.120397 0 0 255
0.161437 0.187073 0.120397 0 0 255
0.172447 0.185706 0.110584 0 0 255
0.185494 0.185706 0.110584 0 0 255
0.194366 0.18297 0.0909575 0 0 255
0.207378 0.18297 0.0909575 0 0 255
0.22039 0.18297 0.0909575 0 0 255
0.233402 0.18297 0.0909575 0 0 255
0.246414 0.18297 0.0909575 0 0 255
0.255081 0.180234 0.0713313 0 0 255
0.268058 0.180234 0.0713313 0 0 255
0.281036 0.180234 0.0713313 0 0 255
0.294014 0.180234 0.0713313 0 0 255
0.302509 0.177498 0.0517045 0 0 255
0.315452 0.177498 0.0517045 0 0 255
0.328396 0.177498 0.0517045 0 0 255
0.341339 0.177498 0.0517045 0 0 255
-0.320196 0.189031 0.0418914 0 0 255
-0.30727 0.189031 0.0418914 0 0 255
-0.294344 0.189031 0.0418914 0 0 255
-0.279947 0.190416 0.0517045 0 0 255
-0.267004 0.190416 0.0517045 0 0 255
-0.25406 0.190416 0.0517045 0 0 255
-0.238074 0.193186 0.0713313 0 0 255
-0.225096 0.193186 0.0713313 0 0 255
-0.212119 0.193186 0.0713313 0 0 255
-0.195995 0.195956 0.0909575 0 0 255
-0.179804 0.198726 0.110584 0 0 255
-0.16515 0.20011 0.120397 0 0 255
-0.152087 0.20011 0.120397 0 0 255
-0.139023 0.20011 0.120397 0 0 255
-0.12596 0.20011 0.120397 0 0 255
-0.112896 0.20011 0.120397 0 0 255
-0.0998329 0.20011 0.120397 0 0 255
-0.0867694 0.20011 0.120397 0 0 255
-0.0737059 0.20011 0.120397 0 0 255
-0.0606424 0.20011 0.120397 0 0 255
-0.047579 0.20011 0.120397 0 0 255
-0.0362939 0.198726 0.110584 0 0 255
-0.0232477 0.198726 0.110584 0 0 255
-0.00838854 0.20011 0.120397 0 0 255
0.00467494 0.20011 0.120397 0 0 255
0.0177384 0.20011 0.120397 0 0 255
0.0308019 0.20011 0.120397 0 0 255
0.0438655 0.20011 0.120397 0 0 255
0.056929 0.20011 0.120397 0 0 255
0.0699923 0.20011 0.120397 0 0 255
0.0830558 0.20011 0.120397 0 0 255
0.100019 0.20288 0.140024 0 0 255
0.109183 0.20011 0.120397 0 0 255
0.122246 0.20011 0.120397 0 0 255
0.13531 0.20011 0.120397 0 0 255
0.146355 0.198726 0.110584 0 0 255
0.159401 0.198726 0.110584 0 0 255
0.172447 0.198726 0.110584 0 0 255
0.185494 0.198726 0.110584 0 0 255
0.194366 0.195956 0.0909575 0 0 255
0.207378 0.195956 0.0909575 0 0 255
0.22039 0.195956 0.0909575 0 0 255
0.233402 0.195956 0.0909575 0 0 255
0.246414 0.195956 0.0909575 0 0 255
0.255081 0.193186 0.0713313 0 0 255
0.268058 0.193186 0.0713313 0 0 255
0.281036 0.193186 0.0713313 0 0 255
0.294014 0.193186 0.0713313 0 0 255
0.302509 0.190416 0.0517045 0 0 255
0.315452 0.190416 0.0517045 0 0 255
0.328396 0.190416 0.0517045 0 0 255
0.341339 0.190416 0.0517045 0 0 255
-0.318778 0.203333 0.0517045 0 0 255
-0.305834 0.203333 0.0517045 0 0 255
-0.289985 0.206137 0.0713313 0 0 255
-0.277008 0.206137 0.0713313 0 0 255
-0.26403 0.206137 0.0713313 0 0 255
-0.251052 0.206137 0.0713313 0 0 255
-0.238074 0.206137 0.0713313 0 0 255
-0.22202 0.208941 0.0909575 0 0 255
-0.209007 0.208941 0.0909575 0 0 255
-0.195995 0.208941 0.0909575 0 0 255
-0.179804 0.211745 0.110584 0 0 255
-0.166757 0.211745 0.110584 0 0 255
-0.152087 0.213148 0.120397 0 0 255
-0.139023 0.213148 0.120397 0 0 255
-0.127618 0.211745 0.110584 0 0 255
-0.114572 0.211745 0.110584 0 0 255
-0.101526 0.211745 0.110584 0 0 255
-0.0884792 0.211745 0.110584 0 0 255
-0.0754329 0.211745 0.110584 0 0 255
-0.0623867 0.211745 0.110584 0 0 255
-0.0493403 0.211745 0.110584 0 0 255
-0.0362939 0.211745 0.110584 0 0 255
-0.0232477 0.211745 0.110584 0 0 255
-0.00838854 0.213148 0.120397 0 0 255
0.00467494 0.213148 0.120397 0 0 255
0.0177384 0.213148 0.120397 0 0 255
0.0308019 0.213148 0.120397 0 0 255
0.0438655 0.213148 0.120397 0 0 255
0.056929 0.213148 0.120397 0 0 255
0.0699923 0.213148 0.120397 0 0 255
0.0830558 0.213148 0.120397 0 0 255
0.0961193 0.213148 0.120397 0 0 255
0.109183 0.213148 0.120397 0 0 255
0.120262 0.211745 0.110584 0 0 255
0.133308 0.211745 0.110584 0 0 255
0.146355 0.211745 0.110584 0 0 255
0.159401 0.211745 0.110584 0 0 255
0.172447 0.211745 0.110584 0 0 255
0.181354 0.208941 0.0909575 0 0 255
0.194366 0.208941 0.0909575 0 0 255
0.207378 0.208941 0.0909575 0 0 255
0.22039 0.208941 0.0909575 0 0 255
0.233402 0.208941 0.0909575 0 0 255
0.246414 0.208941 0.0909575 0 0 255
0.259426 0.208941 0.0909575 0 0 255
0.268058 0.206137 0.0713313 0 0 255
0.281036 0.206137 0.0713313 0 0 255
0.294014 0.206137 0.0713313 0 0 255
0.306992 0.206137 0.0713313 0 0 255
0.315452 0.203333 0.0517045 0 0 255
0.328396 0.203333 0.0517045 0 0 255
0.341339 0.203333 0.0517045 0 0 255
-0.302963 0.219089 0.0713313 0 0 255
-0.289985 0.219089 0.0713313 0 0 255
-0.277008 0.219089 0.0713313 0 0 255
-0.26403 0.219089 0.0713313 0 0 255
-0.251052 0.219089 0.0713313 0 0 255
-0.235032 0.221927 0.0909575 0 0 255
-0.22202 0.221927 0.0909575 0 0 255
-0.209007 0.221927 0.0909575 0 0 255
-0.195995 0.221927 0.0909575 0 0 255
-0.179804 0.224765 0.110584 0 0 255
-0.166757 0.224765 0.110584 0 0 255
-0.153711 0.224765 0.110584 0 0 255
-0.140665 0.224765 0.110584 0 0 255
-0.127618 0.224765 0.110584 0 0 255
-0.114572 0.224765 0.110584 0 0 255
-0.101526 0.224765 0.110584 0 0 255
-0.0884792 0.224765 0.110584 0 0 255
-0.0754329 0.224765 0.110584 0 0 255
-0.0623867 0.224765 0.110584 0 0 255
-0.0493403 0.224765 0.110584 0 0 255
-0.0362939 0.224765 0.110584 0 0 255
-0.0232477 0.224765 0.110584 0 0 255
-0.0102013 0.224765 0.110584 0 0 255
0.00284503 0.224765 0.110584 0 0 255
0.0177384 0.226185 0.120397 0 0 255
0.0308019 0.226185 0.120397 0 0 255
0.0438655 0.226185 0.120397 0 0 255
0.056929 0.226185 0.120397 0 0 255
0.0699923 0.226185 0.120397 0 0 255
0.0830558 0.226185 0.120397 0 0 255
0.0961193 0.226185 0.120397 0 0 255
0.109183 0.226185 0.120397 0 0 255
0.120262 0.224765 0.110584 0 0 255
0.133308 0.224765 0.110584 0 0 255
0.146355 0.224765 0.110584 0 0 255
0.159401 0.224765 0.110584 0 0 255
0.172447 0.224765 0.110584 0 0 255
0.181354 0.221927 0.0909575 0 0 255
0.194366 0.221927 0.0909575 0 0 255
0.207378 0.221927 0.0909575 0 0 255
0.22039 0.221927 0.0909575 0 0 255
0.233402 0.221927 0.0909575 0 0 255
0.246414 0.221927 0.0909575 0 0 255
0.255081 0.219089 0.0713313 0 0 255
0.268058 0.219089 0.0713313 0 0 255
0.276622 0.21625 0.0517045 0 0 255
0.289565 0.21625 0.0517045 0 0 255
0.302509 0.21625 0.0517045 0 0 255
0.315452 0.21625 0.0517045 0 0 255
0.328396 0.21625 0.0517045 0 0 255
0.341339 0.21625 0.0517045 0 0 255
-0.300092 0.234913 0.0909575 0 0 255
-0.28708 0.234913 0.0909575 0 0 255
-0.274068 0.234913 0.0909575 0 0 255
-0.261056 0.234913 0.0909575 0 0 255
-0.248044 0.234913 0.0909575 0 0 255
-0.235032 0.234913 0.0909575 0 0 255
-0.22202 0.234913 0.0909575 0 0 255
-0.212119 0.23204 0.0713313 0 0 255
-0.199141 0.23204 0.0713313 0 0 255
-0.179804 0.237785 0.110584 0 0 255
-0.166757 0.237785 0.110584 0 0 255
-0.153711 0.237785 0.110584 0 0 255
-0.143947 0.234913 0.0909575 0 0 255
-0.130935 0.234913 0.0909575 0 0 255
-0.117923 0.234913 0.0909575 0 0 255
-0.104911 0.234913 0.0909575 0 0 255
-0.0918991 0.234913 0.0909575 0 0 255
-0.0788871 0.234913 0.0909575 0 0 255
-0.0658749 0.234913 0.0909575 0 0 255
-0.0528629 0.234913 0.0909575 0 0 255
-0.0362939 0.237785 0.110584 0 0 255
-0.0232477 0.237785 0.110584 0 0 255
-0.0102013 0.237785 0.110584 0 0 255
0.00284503 0.237785 0.110584 0 0 255
0.0158914 0.237785 0.110584 0 0 255
0.0308019 0.239222 0.120397 0 0 255
0.0438655 0.239222 0.120397 0 0 255
0.0550304 0.237785 0.110584 0 0 255
0.0680766 0.237785 0.110584 0 0 255
0.0830558 0.239222 0.120397 0 0 255
0.0961193 0.239222 0.120397 0 0 255
0.109183 0.239222 0.120397 0 0 255
0.120262 0.237785 0.110584 0 0 255
0.133308 0.237785 0.110584 0 0 255
0.146355 0.237785 0.110584 0 0 255
0.159401 0.237785 0.110584 0 0 255
0.168342 0.234913 0.0909575 0 0 255
0.181354 0.234913 0.0909575 0 0 255
0.194366 0.234913 0.0909575 0 0 255
0.207378 0.234913 0.0909575 0 0 255
0.22039 0.234913 0.0909575 0 0 255
0.233402 0.234913 0.0909575 0 0 255
0.246414 0.234913 0.0909575 0 0 255
0.255081 0.23204 0.0713313 0 0 255
0.263678 0.229167 0.0517045 0 0 255
0.276622 0.229167 0.0517045 0 0 255
0.289565 0.229167 0.0517045 0 0 255
0.302509 0.229167 0.0517045 0 0 255
0.315452 0.229167 0.0517045 0 0 255
0.328396 0.229167 0.0517045 0 0 255
-0.297221 0.250805 0.110584 0 0 255
-0.28708 0.247898 0.0909575 0 0 255
-0.274068 0.247898 0.0909575 0 0 255
-0.261056 0.247898 0.0909575 0 0 255
-0.248044 0.247898 0.0909575 0 0 255
-0.235032 0.247898 0.0909575 0 0 255
-0.225096 0.244992 0.0713313 0 0 255
-0.212119 0.244992 0.0713313 0 0 255
-0.199141 0.244992 0.0713313 0 0 255
-0.182983 0.247898 0.0909575 0 0 255
-0.166757 0.250805 0.110584 0 0 255
-0.153711 0.250805 0.110584 0 0 255
-0.143947 0.247898 0.0909575 0 0 255
-0.130935 0.247898 0.0909575 0 0 255
-0.117923 0.247898 0.0909575 0 0 255
-0.104911 0.247898 0.0909575 0 0 255
-0.0918991 0.247898 0.0909575 0 0 255
-0.0788871 0.247898 0.0909575 0 0 255
-0.0658749 0.247898 0.0909575 0 0 255
-0.0528629 0.247898 0.0909575 0 0 255
-0.0398508 0.247898 0.0909575 0 0 255
-0.0268389 0.247898 0.0909575 0 0 255
-0.0138268 0.247898 0.0909575 0 0 255
0.00284503 0.250805 0.110584 0 0 255
0.0158914 0.250805 0.110584 0 0 255
0.0289376 0.250805 0.110584 0 0 255
0.041984 0.250805 0.110584 0 0 255
0.0550304 0.250805 0.110584 0 0 255
0.0680766 0.250805 0.110584 0 0 255
0.0830558 0.252259 0.120397 0 0 255
0.0961193 0.252259 0.120397 0 0 255
0.107216 0.250805 0.110584 0 0 255
0.120262 0.250805 0.110584 0 0 255
0.133308 0.250805 0.110584 0 0 255
0.146355 0.250805 0.110584 0 0 255
0.159401 0.250805 0.110584 0 0 255
0.168342 0.247898 0.0909575 0 0 255
0.181354 0.247898 0.0909575 0 0 255
0.194366 0.247898 0.0909575 0 0 255
0.207378 0.247898 0.0909575 0 0 255
0.22039 0.247898 0.0909575 0 0 255
0.233402 0.247898 0.0909575 0 0 255
0.246414 0.247898 0.0909575 0 0 255
0.255081 0.244992 0.0713313 0 0 255
0.263678 0.242085 0.0517045 0 0 255
0.276622 0.242085 0.0517045 0 0 255
0.289565 0.242085 0.0517045 0 0 255
0.300268 0.240631 0.0418914 0 0 255
0.313194 0.240631 0.0418914 0 0 255
0.328396 0.242085 0.0517045 0 0 255
-0.284174 0.263825 0.110584 0 0 255
-0.274068 0.260884 0.0909575 0 0 255
-0.261056 0.260884 0.0909575 0 0 255
-0.248044 0.260884 0.0909575 0 0 255
-0.235032 0.260884 0.0909575 0 0 255
-0.225096 0.257943 0.0713313 0 0 255
-0.212119 0.257943 0.0713313 0 0 255
-0.199141 0.257943 0.0713313 0 0 255
-0.182983 0.260884 0.0909575 0 0 255
-0.169971 0.260884 0.0909575 0 0 255
-0.156959 0.260884 0.0909575 0 0 255
-0.143947 0.260884 0.0909575 0 0 255
-0.130935 0.260884 0.0909575 0 0 255
-0.117923 0.260884 0.0909575 0 0 255
-0.104911 0.260884 0.0909575 0 0 255
-0.0918991 0.260884 0.0909575 0 0 255
-0.0823412 0.257943 0.0713313 0 0 255
-0.0693634 0.257943 0.0713313 0 0 255
-0.0563854 0.257943 0.0713313 0 0 255
-0.0434078 0.257943 0.0713313 0 0 255
-0.0268389 0.260884 0.0909575 0 0 255
-0.0138268 0.260884 0.0909575 0 0 255
-0.000814777 0.260884 0.0909575 0 0 255
0.0158914 0.263825 0.110584 0 0 255
0.0289376 0.263825 0.110584 0 0 255
0.041984 0.263825 0.110584 0 0 255
0.0550304 0.263825 0.110584 0 0 255
0.0680766 0.263825 0.110584 0 0 255
0.0811229 0.263825 0.110584 0 0 255
0.0961193 0.265296 0.120397 0 0 255
0.107216 0.263825 0.110584 0 0 255
0.120262 0.263825 0.110584 0 0 255
0.133308 0.263825 0.110584 0 0 255
0.146355 0.263825 0.110584 0 0 255
0.159401 0.263825 0.110584 0 0 255
0.172447 0.263825 0.110584 0 0 255
0.181354 0.260884 0.0909575 0 0 255
0.194366 0.260884 0.0909575 0 0 255
0.207378 0.260884 0.0909575 0 0 255
0.22039 0.260884 0.0909575 0 0 255
0.233402 0.260884 0.0909575 0 0 255
0.242103 0.257943 0.0713313 0 0 255
0.250735 0.255002 0.0517045 0 0 255
0.263678 0.255002 0.0517045 0 0 255
0.276622 0.255002 0.0517045 0 0 255
0.289565 0.255002 0.0517045 0 0 255
0.300268 0.253532 0.0418914 0 0 255
0.313194 0.253532 0.0418914 0 0 255
-0.284174 0.276845 0.110584 0 0 255
-0.274068 0.27387 0.0909575 0 0 255
-0.261056 0.27387 0.0909575 0 0 255
-0.248044 0.27387 0.0909575 0 0 255
-0.238074 0.270895 0.0713313 0 0 255
-0.225096 0.270895 0.0713313 0 0 255
-0.212119 0.270895 0.0713313 0 0 255
-0.199141 0.270895 0.0713313 0 0 255
-0.182983 0.27387 0.0909575 0 0 255
-0.169971 0.27387 0.0909575 0 0 255
-0.156959 0.27387 0.0909575 0 0 255
-0.143947 0.27387 0.0909575 0 0 255
-0.134252 0.270895 0.0713313 0 0 255
-0.121274 0.270895 0.0713313 0 0 255
-0.108297 0.270895 0.0713313 0 0 255
-0.0953189 0.270895 0.0713313 0 0 255
-0.0823412 0.270895 0.0713313 0 0 255
-0.0693634 0.270895 0.0713313 0 0 255
-0.0563854 0.270895 0.0713313 0 0 255
-0.0434078 0.270895 0.0713313 0 0 255
-0.03043 0.270895 0.0713313 0 0 255
-0.0174522 0.270895 0.0713313 0 0 255
-0.000814777 0.27387 0.0909575 0 0 255
0.0121972 0.27387 0.0909575 0 0 255
0.0252094 0.27387 0.0909575 0 0 255
0.041984 0.276845 0.110584 0 0 255
0.0550304 0.276845 0.110584 0 0 255
0.0680766 0.276845 0.110584 0 0 255
0.0811229 0.276845 0.110584 0 0 255
0.0961193 0.278333 0.120397 0 0 255
0.107216 0.276845 0.110584 0 0 255
0.120262 0.276845 0.110584 0 0 255
0.133308 0.276845 0.110584 0 0 255
0.146355 0.276845 0.110584 0 0 255
0.159401 0.276845 0.110584 0 0 255
0.172447 0.276845 0.110584 0 0 255
0.185494 0.276845 0.110584 0 0 255
0.194366 0.27387 0.0909575 0 0 255
0.207378 0.27387 0.0909575 0 0 255
0.22039 0.27387 0.0909575 0 0 255
0.233402 0.27387 0.0909575 0 0 255
0.242103 0.270895 0.0713313 0 0 255
0.250735 0.267919 0.0517045 0 0 255
0.263678 0.267919 0.0517045 0 0 255
0.276622 0.267919 0.0517045 0 0 255
0.289565 0.267919 0.0517045 0 0 255
-0.284174 0.289865 0.110584 0 0 255
-0.274068 0.286856 0.0909575 0 0 255
-0.261056 0.286856 0.0909575 0 0 255
-0.251052 0.283846 0.0713313 0 0 255
-0.238074 0.283846 0.0713313 0 0 255
-0.225096 0.283846 0.0713313 0 0 255
-0.212119 0.283846 0.0713313 0 0 255
-0.199141 0.283846 0.0713313 0 0 255
-0.182983 0.286856 0.0909575 0 0 255
-0.169971 0.286856 0.0909575 0 0 255
-0.156959 0.286856 0.0909575 0 0 255
-0.14723 0.283846 0.0713313 0 0 255
-0.134252 0.283846 0.0713313 0 0 255
-0.121274 0.283846 0.0713313 0 0 255
-0.108297 0.283846 0.0713313 0 0 255
-0.0987388 0.280837 0.0517045 0 0 255
-0.0857952 0.280837 0.0517045 0 0 255
-0.0728518 0.280837 0.0517045 0 0 255
-0.0599084 0.280837 0.0517045 0 0 255
-0.046965 0.280837 0.0517045 0 0 255
-0.03043 0.283846 0.0713313 0 0 255
-0.0174522 0.283846 0.0713313 0 0 255
-0.00447444 0.283846 0.0713313 0 0 255
0.0121972 0.286856 0.0909575 0 0 255
0.0252094 0.286856 0.0909575 0 0 255
0.0382214 0.286856 0.0909575 0 0 255
0.0550304 0.289865 0.110584 0 0 255
0.0680766 0.289865 0.110584 0 0 255
0.0830558 0.29137 0.120397 0 0 255
0.0961193 0.29137 0.120397 0 0 255
0.109183 0.29137 0.120397 0 0 255
0.122246 0.29137 0.120397 0 0 255
0.13531 0.29137 0.120397 0 0 255
0.148373 0.29137 0.120397 0 0 255
0.159401 0.289865 0.110584 0 0 255
0.172447 0.289865 0.110584 0 0 255
0.185494 0.289865 0.110584 0 0 255
0.19854 0.289865 0.110584 0 0 255
0.211586 0.289865 0.110584 0 0 255
0.224633 0.289865 0.110584 0 0 255
0.233402 0.286856 0.0909575 0 0 255
0.242103 0.283846 0.0713313 0 0 255
0.250735 0.280837 0.0517045 0 0 255
0.263678 0.280837 0.0517045 0 0 255
0.276622 0.280837 0.0517045 0 0 255
-0.284174 0.302885 0.110584 0 0 255
-0.274068 0.299841 0.0909575 0 0 255
-0.26403 0.296798 0.0713313 0 0 255
-0.251052 0.296798 0.0713313 0 0 255
-0.238074 0.296798 0.0713313 0 0 255
-0.225096 0.296798 0.0713313 0 0 255
-0.21523 0.293754 0.0517045 0 0 255
-0.202287 0.293754 0.0517045 0 0 255
-0.186163 0.296798 0.0713313 0 0 255
-0.173185 0.296798 0.0713313 0 0 255
-0.160208 0.296798 0.0713313 0 0 255
-0.14723 0.296798 0.0713313 0 0 255
-0.134252 0.296798 0.0713313 0 0 255
-0.124626 0.293754 0.0517045 0 0 255
-0.111682 0.293754 0.0517045 0 0 255
-0.0987388 0.293754 0.0517045 0 0 255
-0.0857952 0.293754 0.0517045 0 0 255
-0.0728518 0.293754 0.0517045 0 0 255
-0.0599084 0.293754 0.0517045 0 0 255
-0.046965 0.293754 0.0517045 0 0 255
-0.0340214 0.293754 0.0517045 0 0 255
-0.0210778 0.293754 0.0517045 0 0 255
-0.00447444 0.296798 0.0713313 0 0 255
0.0085032 0.296798 0.0713313 0 0 255
0.0252094 0.299841 0.0909575 0 0 255
0.0382214 0.299841 0.0909575 0 0 255
0.0512335 0.299841 0.0909575 0 0 255
0.0680766 0.302885 0.110584 0 0 255
0.0830558 0.304407 0.120397 0 0 255
0.100019 0.307451 0.140024 0 0 255
0.109183 0.304407 0.120397 0 0 255
0.122246 0.304407 0.120397 0 0 255
0.13531 0.304407 0.120397 0 0 255
0.148373 0.304407 0.120397 0 0 255
0.161437 0.304407 0.120397 0 0 255
0.172447 0.302885 0.110584 0 0 255
0.185494 0.302885 0.110584 0 0 255
0.19854 0.302885 0.110584 0 0 255
0.211586 0.302885 0.110584 0 0 255
0.224633 0.302885 0.110584 0 0 255
0.237679 0.302885 0.110584 0 0 255
0.242103 0.296798 0.0713313 0 0 255
0.250735 0.293754 0.0517045 0 0 255
-0.284174 0.315905 0.110584 0 0 255
-0.274068 0.312827 0.0909575 0 0 255
-0.26403 0.309749 0.0713313 0 0 255
-0.251052 0.309749 0.0713313 0 0 255
-0.238074 0.309749 0.0713313 0 0 255
-0.228173 0.306671 0.0517045 0 0 255
-0.21523 0.306671 0.0517045 0 0 255
-0.202287 0.306671 0.0517045 0 0 255
-0.186163 0.309749 0.0713313 0 0 255
-0.173185 0.309749 0.0713313 0 0 255
-0.160208 0.309749 0.0713313 0 0 255
-0.14723 0.309749 0.0713313 0 0 255
-0.137569 0.306671 0.0517045 0 0 255
-0.124626 0.306671 0.0517045 0 0 255
-0.111682 0.306671 0.0517045 0 0 255
-0.0987388 0.306671 0.0517045 0 0 255
-0.0875222 0.305132 0.0418914 0 0 255
-0.0745959 0.305132 0.0418914 0 0 255
-0.0599084 0.306671 0.0517045 0 0 255
-0.046965 0.306671 0.0517045 0 0 255
-0.0340214 0.306671 0.0517045 0 0 255
-0.0210778 0.306671 0.0517045 0 0 255
-0.00813439 0.306671 0.0517045 0 0 255
0.0085032 0.309749 0.0713313 0 0 255
0.0252094 0.312827 0.0909575 0 0 255
0.0382214 0.312827 0.0909575 0 0 255
0.0512335 0.312827 0.0909575 0 0 255
0.0680766 0.315905 0.110584 0 0 255
0.0830558 0.317444 0.120397 0 0 255
0.100019 0.320522 0.140024 0 0 255
0.113117 0.320522 0.140024 0 0 255
0.126215 0.320522 0.140024 0 0 255
0.139312 0.320522 0.140024 0 0 255
0.15241 0.320522 0.140024 0 0 255
0.161437 0.317444 0.120397 0 0 255
0.1745 0.317444 0.120397 0 0 255
0.187564 0.317444 0.120397 0 0 255
0.200627 0.317444 0.120397 0 0 255
0.213691 0.317444 0.120397 0 0 255
-0.28708 0.325813 0.0909575 0 0 255
-0.274068 0.325813 0.0909575 0 0 255
-0.26403 0.322701 0.0713313 0 0 255
-0.251052 0.322701 0.0713313 0 0 255
-0.238074 0.322701 0.0713313 0 0 255
-0.228173 0.319589 0.0517045 0 0 255
-0.21523 0.319589 0.0517045 0 0 255
-0.202287 0.319589 0.0517045 0 0 255
-0.186163 0.322701 0.0713313 0 0 255
-0.173185 0.322701 0.0713313 0 0 255
-0.160208 0.322701 0.0713313 0 0 255
-0.14723 0.322701 0.0713313 0 0 255
-0.137569 0.319589 0.0517045 0 0 255
-0.124626 0.319589 0.0517045 0 0 255
-0.111682 0.319589 0.0517045 0 0 255
-0.0987388 0.319589 0.0517045 0 0 255
-0.0875222 0.318033 0.0418914 0 0 255
-0.0745959 0.318033 0.0418914 0 0 255
-0.0599084 0.319589 0.0517045 0 0 255
-0.046965 0.319589 0.0517045 0 0 255
-0.0340214 0.319589 0.0517045 0 0 255
-0.0210778 0.319589 0.0517045 0 0 255
-0.00813439 0.319589 0.0517045 0 0 255
0.0085032 0.322701 0.0713313 0 0 255
0.0252094 0.325813 0.0909575 0 0 255
0.0382214 0.325813 0.0909575 0 0 255
0.0550304 0.328925 0.110584 0 0 255
0.0699923 0.330481 0.120397 0 0 255
0.0869213 0.333594 0.140024 0 0 255
0.100019 0.333594 0.140024 0 0 255
0.117051 0.336706 0.15965 0 0 255
0.130183 0.336706 0.15965 0 0 255
-0.28708 0.338799 0.0909575 0 0 255
-0.274068 0.338799 0.0909575 0 0 255
-0.26403 0.335652 0.0713313 0 0 255
-0.251052 0.335652 0.0713313 0 0 255
-0.241117 0.332506 0.0517045 0 0 255
-0.228173 0.332506 0.0517045 0 0 255
-0.21523 0.332506 0.0517045 0 0 255
-0.202287 0.332506 0.0517045 0 0 255
-0.186163 0.335652 0.0713313 0 0 255
-0.173185 0.335652 0.0713313 0 0 255
-0.160208 0.335652 0.0713313 0 0 255
-0.14723 0.335652 0.0713313 0 0 255
-0.134252 0.335652 0.0713313 0 0 255
-0.124626 0.332506 0.0517045 0 0 255
-0.111682 0.332506 0.0517045 0 0 255
-0.0987388 0.332506 0.0517045 0 0 255
-0.0857952 0.332506 0.0517045 0 0 255
-0.0728518 0.332506 0.0517045 0 0 255
-0.0599084 0.332506 0.0517045 0 0 255
-0.0434078 0.335652 0.0713313 0 0 255
-0.03043 0.335652 0.0713313 0 0 255
-0.0174522 0.335652 0.0713313 0 0 255
-0.00447444 0.335652 0.0713313 0 0 255
0.0121972 0.338799 0.0909575 0 0 255
0.0252094 0.338799 0.0909575 0 0 255
0.041984 0.341945 0.110584 0 0 255
0.0550304 0.341945 0.110584 0 0 255
0.0699923 0.343518 0.120397 0 0 255
0.0869213 0.346665 0.140024 0 0 255
-0.28708 0.351784 0.0909575 0 0 255
-0.274068 0.351784 0.0909575 0 0 255
-0.26403 0.348604 0.0713313 0 0 255
-0.251052 0.348604 0.0713313 0 0 255
-0.241117 0.345423 0.0517045 0 0 255
-0.228173 0.345423 0.0517045 0 0 255
-0.21523 0.345423 0.0517045 0 0 255
-0.202287 0.345423 0.0517045 0 0 255
-0.186163 0.348604 0.0713313 0 0 255
-0.1764 0.345423 0.0517045 0 0 255
-0.163456 0.345423 0.0517045 0 0 255
-0.150513 0.345423 0.0517045 0 0 255
-0.137569 0.345423 0.0517045 0 0 255
-0.124626 0.345423 0.0517045 0 0 255
-0.111682 0.345423 0.0517045 0 0 255
-0.0987388 0.345423 0.0517045 0 0 255
-0.0857952 0.345423 0.0517045 0 0 255
-0.0728518 0.345423 0.0517045 0 0 255
-0.0563854 0.348604 0.0713313 0 0 255
-0.0434078 0.348604 0.0713313 0 0 255
-0.03043 0.348604 0.0713313 0 0 255
-0.0138268 0.351784 0.0909575 0 0 255
-0.000814777 0.351784 0.0909575 0 0 255
0.0158914 0.354965 0.110584 0 0 255
0.0289376 0.354965 0.110584 0 0 255
0.0438655 0.356555 0.120397 0 0 255
-0.28708 0.36477 0.0909575 0 0 255
-0.274068 0.36477 0.0909575 0 0 255
-0.26403 0.361555 0.0713313 0 0 255
-0.251052 0.361555 0.0713313 0 0 255
-0.238074 0.361555 0.0713313 0 0 255
-0.228173 0.358341 0.0517045 0 0 255
-0.21523 0.358341 0.0517045 0 0 255
-0.202287 0.358341 0.0517045 0 0 255
-0.186163 0.361555 0.0713313 0 0 255
-0.1764 0.358341 0.0517045 0 0 255
-0.163456 0.358341 0.0517045 0 0 255
-0.150513 0.358341 0.0517045 0 0 255
-0.137569 0.358341 0.0517045 0 0 255
-0.124626 0.358341 0.0517045 0 0 255
-0.111682 0.358341 0.0517045 0 0 255
-0.0953189 0.361555 0.0713313 0 0 255
-0.0823412 0.361555 0.0713313 0 0 255
-0.0693634 0.361555 0.0713313 0 0 255
-0.0528629 0.36477 0.0909575 0 0 255
-0.0398508 0.36477 0.0909575 0 0 255
-0.0232477 0.367985 0.110584 0 0 255
-0.0102013 0.367985 0.110584 0 0 255
0.00467494 0.369592 0.120397 0 0 255
0.0177384 0.369592 0.120397 0 0 255
0.0308019 0.369592 0.120397 0 0 255
-0.274068 0.377756 0.0909575 0 0 255
-0.26403 0.374507 0.0713313 0 0 255
-0.251052 0.374507 0.0713313 0 0 255
-0.238074 0.374507 0.0713313 0 0 255
-0.228173 0.371258 0.0517045 0 0 255
-0.21523 0.371258 0.0517045 0 0 255
-0.202287 0.371258 0.0517045 0 0 255
-0.186163 0.374507 0.0713313 0 0 255
-0.1764 0.371258 0.0517045 0 0 255
-0.163456 0.371258 0.0517045 0 0 255
-0.150513 0.371258 0.0517045 0 0 255
-0.137569 0.371258 0.0517045 0 0 255
-0.121274 0.374507 0.0713313 0 0 255
-0.108297 0.374507 0.0713313 0 0 255
-0.0953189 0.374507 0.0713313 0 0 255
-0.0823412 0.374507 0.0713313 0 0 255
-0.0693634 0.374507 0.0713313 0 0 255
-0.0528629 0.377756 0.0909575 0 0 255
-0.0362939 0.381005 0.110584 0 0 255
-0.0232477 0.381005 0.110584 0 0 255
-0.00838854 0.38263 0.120397 0 0 255
0.00467494 0.38263 0.120397 0 0 255
-0.277008 0.387458 0.0713313 0 0 255
-0.26403 0.387458 0.0713313 0 0 255
-0.251052 0.387458 0.0713313 0 0 255
-0.241117 0.384175 0.0517045 0 0 255
-0.228173 0.384175 0.0517045 0 0 255
-0.21523 0.384175 0.0517045 0 0 255
-0.202287 0.384175 0.0517045 0 0 255
-0.186163 0.387458 0.0713313 0 0 255
-0.1764 0.384175 0.0517045 0 0 255
-0.163456 0.384175 0.0517045 0 0 255
-0.150513 0.384175 0.0517045 0 0 255
-0.137569 0.384175 0.0517045 0 0 255
-0.121274 0.387458 0.0713313 0 0 255
-0.108297 0.387458 0.0713313 0 0 255
-0.0953189 0.387458 0.0713313 0 0 255
-0.0788871 0.390742 0.0909575 0 0 255
-0.0658749 0.390742 0.0909575 0 0 255
-0.25406 0.397093 0.0517045 0 0 255
-0.241117 0.397093 0.0517045 0 0 255
-0.229712 0.395434 0.0418914 0 0 255
-0.216786 0.395434 0.0418914 0 0 255
-0.202287 0.397093 0.0517045 0 0 255
-0.186163 0.40041 0.0713313 0 0 255
-0.173185 0.40041 0.0713313 0 0 255
-0.163456 0.397093 0.0517045 0 0 255
-0.150513 0.397093 0.0517045 0 0 255
-0.241117 0.41001 0.0517045 0 0 255
-0.229712 0.408334 0.0418914 0 0 255
-0.216786 0.408334 0.0418914 0 0 255
-0.202287 0.41001 0.0517045 0 0 255
-0.186163 0.413362 0.0713313 0 0 255
-0.173185 0.413362 0.0713313 0 0 255
