ply
format ascii 1.0
comment Created by Open3D
element vertex 2730
property double x
property double y
property double z
property double nx
property double ny
property double nz
property uchar red
property uchar green
property uchar blue
end_header
0.0415219 -0.479129 -0.154373 -0.18576 -0.03135 -0.982095 84 112 83
0.0521385 -0.479641 -0.164187 -0.226982 0.0254535 -0.973566 95 115 98
0.0647048 -0.479641 -0.164187 -0.199722 0.0608093 -0.977964 107 123 117
0.077271 -0.479641 -0.164187 -0.141877 0.0756792 -0.986987 115 126 124
0.0858004 -0.480666 -0.183813 -0.103568 0.119172 -0.987457 109 125 120
0.0983324 -0.480666 -0.183813 -0.0301483 0.137022 -0.990109 117 132 130
0.11497 -0.479641 -0.164187 0.0248831 0.108193 -0.993818 120 135 131
0.127536 -0.479641 -0.164187 0.0981837 0.0841966 -0.9916 119 135 129
0.140103 -0.479641 -0.164187 0.132445 0.0445253 -0.99019 113 137 123
0.0163549 -0.466571 -0.154373 -0.196891 -0.0883591 -0.976436 78 112 68
0.0289385 -0.466571 -0.154373 -0.156931 -0.105158 -0.981995 81 112 75
0.0415219 -0.466571 -0.154373 -0.159189 -0.0817753 -0.983855 90 113 86
0.0541055 -0.466571 -0.154373 -0.204147 0.00997639 -0.978889 105 121 109
0.0647048 -0.4671 -0.164187 0.230175 -0.0830548 0.969598 110 126 119
0.077271 -0.4671 -0.164187 -0.165364 0.0971248 -0.981439 118 129 127
0.0898373 -0.4671 -0.164187 0.0659501 -0.109231 0.991826 122 133 133
0.102404 -0.4671 -0.164187 0.00218429 -0.118073 0.993002 124 135 134
0.11497 -0.4671 -0.164187 -0.0484432 -0.108582 0.992906 124 137 133
0.127536 -0.4671 -0.164187 0.124541 0.092629 -0.987881 123 136 130
0.140103 -0.4671 -0.164187 0.148444 0.0471167 -0.987798 117 138 125
0.152669 -0.4671 -0.164187 0.173832 -0.125638 -0.976728 110 136 118
0.167357 -0.466571 -0.154373 0.140607 -0.0781096 -0.98698 96 138 108
0.00377154 -0.454013 -0.154373 -0.353177 -0.245003 -0.902906 82 113 67
0.0163549 -0.454013 -0.154373 -0.184322 -0.139054 -0.97298 84 112 72
0.0289385 -0.454013 -0.154373 0.149223 0.107175 0.982978 85 113 80
0.0415219 -0.454013 -0.154373 0.155142 0.118117 0.980806 91 115 91
0.0541055 -0.454013 -0.154373 -0.152587 -0.0754282 -0.985407 106 126 116
0.0666889 -0.454013 -0.154373 0.143168 0.046439 0.988608 114 131 126
0.077271 -0.454559 -0.164187 0.158181 -0.113348 0.980883 119 134 133
0.0898373 -0.454559 -0.164187 0.0717075 -0.116382 0.990613 124 137 138
0.102404 -0.454559 -0.164187 -0.00349963 -0.130481 0.991445 127 140 140
0.11497 -0.454559 -0.164187 0.0242129 0.0712501 -0.997165 127 141 138
0.127536 -0.454559 -0.164187 -0.0473051 0.166546 0.984898 125 141 134
0.140103 -0.454559 -0.164187 -0.149167 0.168386 0.974369 120 139 129
0.152669 -0.454559 -0.164187 0.226746 -0.195614 -0.954108 114 136 122
0.167357 -0.454013 -0.154373 0.172514 -0.169407 -0.97033 99 139 111
0.17994 -0.454013 -0.154373 0.195998 -0.313053 -0.929291 91 137 100
-0.00881187 -0.441455 -0.154373 -0.402455 -0.237609 -0.884065 83 116 69
0.00377154 -0.441455 -0.154373 0.36528 0.233498 0.901138 85 114 72
0.0163549 -0.441455 -0.154373 -0.20764 -0.177464 -0.961973 89 114 76
0.0289385 -0.441455 -0.154373 0.120666 0.172891 0.977522 88 115 85
0.0415219 -0.441455 -0.154373 0.166855 0.222473 0.960555 94 118 97
0.0521385 -0.442018 -0.164187 0.20185 0.298384 0.932858 105 122 111
0.0647048 -0.442018 -0.164187 0.179617 0.302105 0.9362 118 134 131
0.077271 -0.442018 -0.164187 0.121339 0.277974 0.952894 124 138 138
0.0898373 -0.442018 -0.164187 0.0399204 0.268361 0.962491 128 142 143
0.102404 -0.442018 -0.164187 0.0375068 0.258562 0.965266 132 143 144
0.11497 -0.442018 -0.164187 0.0339594 0.23455 0.971511 132 144 142
0.127536 -0.442018 -0.164187 0.0469235 0.218935 0.974611 130 143 139
0.140103 -0.442018 -0.164187 -0.139716 0.19326 0.971149 126 141 133
0.152669 -0.442018 -0.164187 -0.215561 0.27191 0.937869 119 137 126
0.167357 -0.441455 -0.154373 0.214032 -0.303329 -0.928537 103 139 112
0.17994 -0.441455 -0.154373 0.177897 -0.421138 -0.889379 95 138 101
0.192524 -0.441455 -0.154373 0.20485 -0.518354 -0.830269 87 138 95
-0.0139385 -0.426573 -0.115121 0.867477 0.247707 0.431422 129 113 90
-0.00504912 -0.427735 -0.134747 0.809534 0.166448 0.562983 100 116 81
0.00377154 -0.428897 -0.154373 0.449138 0.25677 0.855771 84 114 79
0.0163549 -0.428897 -0.154373 0.272301 0.229489 0.934445 88 115 84
0.0270058 -0.429477 -0.164187 0.241011 0.304089 0.921653 92 116 92
0.0395722 -0.429477 -0.164187 0.245638 0.40802 0.879308 100 119 104
0.0521385 -0.429477 -0.164187 0.236711 0.432192 0.87016 110 124 117
0.0647048 -0.429477 -0.164187 0.14665 0.476141 0.867054 121 139 136
0.077271 -0.429477 -0.164187 0.0995239 0.468759 0.877702 129 143 143
0.0898373 -0.429477 -0.164187 0.0215405 0.466226 0.884403 134 148 147
0.102404 -0.429477 -0.164187 0.00436166 0.449819 0.893109 136 149 148
0.11497 -0.429477 -0.164187 0.00423581 0.449826 0.893106 136 148 147
0.127536 -0.429477 -0.164187 -0.0900001 0.445878 0.890558 135 146 144
0.140103 -0.429477 -0.164187 -0.168521 0.426448 0.888675 131 143 138
0.152669 -0.429477 -0.164187 -0.213982 0.409032 0.887077 122 139 131
0.167357 -0.428897 -0.154373 -0.209903 0.403556 0.890552 104 138 114
0.17994 -0.428897 -0.154373 0.149531 -0.51642 -0.843179 98 138 102
0.192524 -0.428897 -0.154373 0.149001 -0.557968 -0.816376 90 138 96
0.202934 -0.429477 -0.164187 0.144323 -0.580826 -0.801132 83 137 89
-0.0374129 -0.413349 -0.105307 0.900404 0.252483 0.354295 157 121 106
-0.0247436 -0.413349 -0.105307 0.895235 0.210193 0.392904 156 122 104
-0.0120744 -0.413349 -0.105307 0.895235 0.210193 0.392904 158 120 104
-0.00881187 -0.416339 -0.154373 0.736368 0.328088 0.59171 83 118 83
0.00377154 -0.416339 -0.154373 0.471766 0.32206 0.820801 88 115 86
0.0163549 -0.416339 -0.154373 0.374513 0.307187 0.874858 94 116 91
0.0270058 -0.416937 -0.164187 0.341577 0.38024 0.859501 98 117 100
0.0395722 -0.416937 -0.164187 0.316176 0.493316 0.810353 106 121 110
0.0482044 -0.418133 -0.183813 0.274214 0.529348 0.802868 100 129 122
0.0607365 -0.418133 -0.183813 0.169289 0.538765 0.825272 109 134 132
0.0732683 -0.418133 -0.183813 0.0947274 0.566798 0.818393 112 142 141
0.0858004 -0.418133 -0.183813 0.074875 0.60906 0.789582 118 146 147
0.0983324 -0.418133 -0.183813 0.0674522 0.648577 0.758154 123 151 152
0.110864 -0.418133 -0.183813 0.0211898 0.695139 0.718563 124 151 151
0.123396 -0.418133 -0.183813 -0.0144016 0.699296 0.714687 121 149 147
0.135929 -0.418133 -0.183813 -0.141574 0.675876 0.72329 118 146 142
0.14846 -0.418133 -0.183813 -0.191086 0.634486 0.748941 111 143 135
0.165235 -0.416937 -0.164187 -0.170852 0.599652 0.78181 117 139 125
0.177802 -0.416937 -0.164187 -0.160891 0.611032 0.775083 101 138 104
0.190368 -0.416937 -0.164187 0.0937105 -0.59808 -0.795939 93 138 96
0.202934 -0.416937 -0.164187 0.0673715 -0.576259 -0.814485 88 137 90
-0.0374129 -0.400705 -0.105307 0.92568 0.211011 0.313993 168 126 112
-0.0247436 -0.400705 -0.105307 0.887833 0.257386 0.381451 167 126 109
-0.0120744 -0.400705 -0.105307 0.887833 0.257386 0.381451 170 125 109
-0.00881187 -0.403781 -0.154373 0.784044 0.380534 0.490377 87 117 94
0.0018732 -0.404396 -0.164187 0.436308 0.394392 0.808758 92 116 95
0.0144395 -0.404396 -0.164187 0.441741 0.434498 0.784905 99 116 100
0.0270058 -0.404396 -0.164187 0.404212 0.460528 0.79027 103 119 108
0.0356725 -0.405626 -0.183813 0.378985 0.484324 0.788543 96 125 117
0.0482044 -0.405626 -0.183813 0.312607 0.47583 0.822109 104 132 127
0.0607365 -0.405626 -0.183813 0.212841 0.517876 0.828555 113 137 136
0.0712671 -0.406241 -0.193626 0.201907 0.581307 0.788236 112 144 145
0.083782 -0.406241 -0.193626 0.163152 0.612988 0.773063 116 147 151
0.0962968 -0.406241 -0.193626 0.140851 0.646756 0.749578 122 152 155
0.108812 -0.406241 -0.193626 0.0815788 0.676336 0.732061 121 153 155
0.121327 -0.406241 -0.193626 -0.0440034 0.701812 0.711002 119 151 151
0.133841 -0.406241 -0.193626 -0.166908 0.683707 0.710413 116 148 145
0.146356 -0.406241 -0.193626 -0.231078 0.632869 0.738972 108 145 139
0.160993 -0.405626 -0.183813 -0.231681 0.609356 0.758294 104 143 131
0.173524 -0.405626 -0.183813 -0.116176 0.577055 0.8084 95 140 120
0.186057 -0.405626 -0.183813 -0.0995768 0.579598 0.808795 89 141 105
0.198589 -0.405626 -0.183813 0.0296279 -0.568871 -0.821893 84 141 96
0.211121 -0.405626 -0.183813 0.159253 -0.510131 -0.845225 79 142 85
-0.0210496 -0.386797 -0.0856807 0.96999 0.113197 0.215186 200 136 115
-0.0139385 -0.388694 -0.115121 0.877774 0.241219 0.413915 170 126 113
-0.00881187 -0.391223 -0.154373 0.770325 0.400222 0.49641 94 119 100
0.0018732 -0.391855 -0.164187 0.466398 0.511877 0.721426 99 118 102
0.0144395 -0.391855 -0.164187 0.399983 0.5217 0.753553 104 119 107
0.0231404 -0.393119 -0.183813 0.372202 0.545606 0.750852 86 123 112
0.0356725 -0.393119 -0.183813 0.332595 0.527934 0.781452 97 127 121
0.0462373 -0.393751 -0.193626 0.258013 0.521812 0.813106 102 133 130
0.0587522 -0.393751 -0.193626 0.241321 0.490757 0.837211 109 139 139
0.0712671 -0.393751 -0.193626 0.214567 0.502107 0.837765 112 145 147
0.083782 -0.393751 -0.193626 0.208446 0.520468 0.828048 116 148 152
0.0922256 -0.395016 -0.213253 0.226192 0.511442 0.829014 110 150 156
0.104706 -0.395016 -0.213253 0.169428 0.515148 0.840188 110 150 157
0.117187 -0.395016 -0.213253 0.0774017 0.541761 0.836961 110 149 156
0.129667 -0.395016 -0.213253 -0.214362 0.498798 0.839791 109 148 153
0.142148 -0.395016 -0.213253 -0.29461 0.464353 0.835213 104 145 147
0.158871 -0.393751 -0.193626 -0.264562 0.498537 0.825511 103 146 133
0.171386 -0.393751 -0.193626 -0.205629 0.477277 0.854355 95 143 122
0.183901 -0.393751 -0.193626 -0.0916144 0.445 0.890832 90 143 108
0.196416 -0.393751 -0.193626 -0.10513 0.381724 0.918278 85 143 99
0.208931 -0.393751 -0.193626 0.134509 -0.345537 -0.928715 83 143 91
-0.0247436 -0.375418 -0.105307 0.966921 0.113852 0.228257 192 135 121
-0.0213953 -0.378664 -0.154373 0.84876 0.395364 0.351133 86 118 114
-0.0106931 -0.379314 -0.164187 0.717236 0.447716 0.533969 89 115 115
-0.00192363 -0.380612 -0.183813 0.544063 0.547988 0.635378 76 119 108
0.0106083 -0.380612 -0.183813 0.427031 0.57655 0.696588 78 120 111
0.0231404 -0.380612 -0.183813 0.344819 0.602329 0.719931 83 126 115
0.0337224 -0.381262 -0.193626 0.279883 0.581286 0.76405 87 128 122
0.0462373 -0.381262 -0.193626 0.205784 0.498798 0.841934 98 134 130
0.0587522 -0.381262 -0.193626 0.215036 0.472918 0.854464 107 141 138
0.0712671 -0.381262 -0.193626 0.22144 0.479911 0.848911 111 147 145
0.083782 -0.381262 -0.193626 0.208419 0.49448 0.843831 115 150 150
0.0922256 -0.38256 -0.213253 0.230189 0.422057 0.876859 108 150 154
0.104706 -0.38256 -0.213253 0.180357 0.42613 0.886501 109 151 156
0.117187 -0.38256 -0.213253 0.0725556 0.409434 0.90945 110 151 156
0.129667 -0.38256 -0.213253 -0.223026 0.355984 0.907488 108 150 153
0.142148 -0.38256 -0.213253 -0.312097 0.349992 0.883233 105 148 147
0.158871 -0.381262 -0.193626 -0.311368 0.345389 0.8853 109 149 134
0.171386 -0.381262 -0.193626 -0.260834 0.266503 0.92787 101 145 125
0.183901 -0.381262 -0.193626 -0.115135 0.250595 0.961221 96 145 111
0.196416 -0.381262 -0.193626 -0.0890691 0.162257 0.98272 91 144 102
0.208931 -0.381262 -0.193626 0.145486 -0.219841 -0.964626 89 145 94
0.221445 -0.381262 -0.193626 0.187465 -0.135845 -0.972832 86 150 84
-0.0576355 -0.35611 -0.00717469 0.925304 0.121951 0.359084 205 135 75
-0.0447951 -0.35611 -0.00717469 0.933777 0.096811 0.344513 209 134 74
-0.0373927 -0.358109 -0.0366146 0.967289 0.0646288 0.245308 212 138 87
-0.0247436 -0.362774 -0.105307 0.978335 0.111791 0.174249 204 139 126
-0.0213953 -0.366106 -0.154373 0.869124 0.331286 0.367252 93 115 120
-0.0144557 -0.368106 -0.183813 0.676388 0.407149 0.613782 80 116 115
-0.00382226 -0.368772 -0.193626 0.580038 0.486588 0.65329 74 117 110
0.00869257 -0.368772 -0.193626 0.432515 0.538341 0.72327 76 121 113
0.0212075 -0.368772 -0.193626 0.326022 0.553439 0.76643 78 126 116
0.0337224 -0.368772 -0.193626 0.227539 0.521456 0.82238 86 130 122
0.0423032 -0.370105 -0.213253 0.20011 0.497051 0.844332 78 129 127
0.0547838 -0.370105 -0.213253 0.157711 0.490479 0.857064 85 131 133
0.0672644 -0.370105 -0.213253 0.209128 0.440955 0.872825 91 137 141
0.0797449 -0.370105 -0.213253 0.195665 0.394749 0.897713 98 142 147
0.0922256 -0.370105 -0.213253 0.183514 0.346832 0.919799 103 147 151
0.104706 -0.370105 -0.213253 0.108309 0.296664 0.94882 105 148 153
0.117187 -0.370105 -0.213253 -0.0372909 0.180869 0.9828 106 148 154
0.129667 -0.370105 -0.213253 -0.197541 0.202155 0.959224 107 149 152
0.142148 -0.370105 -0.213253 -0.314327 0.251162 0.915487 104 147 147
0.158871 -0.368772 -0.193626 -0.374986 0.22812 0.898525 113 152 136
0.171386 -0.368772 -0.193626 -0.285838 0.189955 0.939262 105 147 127
0.183901 -0.368772 -0.193626 -0.150114 0.129801 0.980111 102 147 114
0.196416 -0.368772 -0.193626 -0.128366 0.0654146 0.989567 98 147 105
0.208931 -0.368772 -0.193626 0.192802 -0.0634756 -0.979182 95 147 98
0.221445 -0.368772 -0.193626 0.133537 -0.0403777 -0.990221 90 150 85
-0.0651922 -0.341245 0.0222646 0.862827 -0.0213475 0.505049 195 123 66
-0.0558571 -0.342612 0.00263842 0.865128 -0.0174734 0.501247 211 134 73
-0.0447951 -0.343296 -0.00717469 0.925304 0.121951 0.359084 215 133 72
-0.0355799 -0.344663 -0.0268015 0.950844 0.165176 0.261939 226 137 87
-0.0213953 -0.353548 -0.154373 0.906214 0.255135 0.337168 97 114 124
-0.0144557 -0.355599 -0.183813 0.764864 0.288876 0.57579 83 115 117
-0.00382226 -0.356283 -0.193626 0.687146 0.334593 0.644886 75 112 113
0.00869257 -0.356283 -0.193626 0.466373 0.37672 0.800362 76 114 112
0.0173421 -0.35765 -0.213253 0.340697 0.39179 0.85465 61 116 108
0.0298226 -0.35765 -0.213253 0.244384 0.416487 0.87568 64 117 112
0.0423032 -0.35765 -0.213253 0.208869 0.397929 0.893323 71 124 120
0.0547838 -0.35765 -0.213253 0.131873 0.420423 0.897694 79 127 128
0.0672644 -0.35765 -0.213253 0.121243 0.397539 0.90954 86 133 135
0.0797449 -0.35765 -0.213253 0.169786 0.341982 0.924241 92 138 141
0.09019 -0.358333 -0.223066 0.124036 0.263749 0.956583 89 138 143
0.102653 -0.358333 -0.223066 0.0698947 0.205359 0.976188 96 142 146
0.115117 -0.358333 -0.223066 -0.0559626 0.176273 0.982749 99 144 148
0.12758 -0.358333 -0.223066 -0.132674 0.139375 0.981311 101 144 146
0.142148 -0.35765 -0.213253 -0.295421 0.162073 0.94152 104 146 145
0.154629 -0.35765 -0.213253 -0.415071 0.16848 0.894053 112 153 134
0.167109 -0.35765 -0.213253 -0.405727 0.175621 0.896963 109 150 129
0.183901 -0.356283 -0.193626 -0.221334 0.0570469 0.973528 113 154 116
0.196416 -0.356283 -0.193626 -0.223142 -0.00410662 0.974777 111 154 111
0.208931 -0.356283 -0.193626 0.107119 0.00995718 -0.994196 108 155 103
0.223653 -0.355599 -0.183813 0.125638 -0.0285343 -0.991666 103 157 93
-0.0745959 -0.326978 0.0418914 0.852991 -0.0208491 0.52151 173 111 66
-0.0651922 -0.328379 0.0222646 0.849905 -0.0170066 0.526662 200 123 66
-0.0558571 -0.32978 0.00263842 0.865128 -0.0174734 0.501247 219 134 74
-0.0447951 -0.330481 -0.00717469 0.931408 0.0976417 0.350635 221 133 74
-0.0355799 -0.331882 -0.0268015 0.940502 0.189811 0.281828 233 137 87
-0.0232594 -0.341691 -0.164187 0.860854 0.169805 0.479684 104 112 125
-0.0144557 -0.343092 -0.183813 0.803831 0.176207 0.56816 88 113 116
-0.00382226 -0.343793 -0.193626 0.687106 0.178531 0.704281 79 110 111
0.00486138 -0.345194 -0.213253 0.46503 0.261518 0.845787 56 111 101
0.0173421 -0.345194 -0.213253 0.373446 0.248548 0.893735 55 110 100
0.0298226 -0.345194 -0.213253 0.253685 0.287818 0.923474 52 111 100
0.0423032 -0.345194 -0.213253 0.167098 0.26286 0.950254 57 113 105
0.0547838 -0.345194 -0.213253 0.157448 0.243324 0.957081 64 115 110
0.0672644 -0.345194 -0.213253 0.100609 0.196684 0.975291 71 120 116
0.0777265 -0.345895 -0.223066 0.168155 0.280351 0.945054 66 118 118
0.09019 -0.345895 -0.223066 0.162488 0.331767 0.929262 79 124 126
0.102653 -0.345895 -0.223066 0.0655154 0.345278 0.936211 84 126 129
0.115117 -0.345895 -0.223066 -0.122409 0.257021 0.958622 91 129 132
0.12758 -0.345895 -0.223066 -0.197229 0.161023 0.967043 95 132 133
0.142148 -0.345194 -0.213253 -0.317303 0.104568 0.942541 101 136 135
0.154629 -0.345194 -0.213253 -0.410002 0.129375 0.902862 118 155 133
0.167109 -0.345194 -0.213253 -0.404765 0.14158 0.903394 116 152 130
0.183901 -0.343793 -0.193626 -0.336914 0.0585449 0.939713 123 159 120
0.196416 -0.343793 -0.193626 -0.235954 -0.00701182 0.971739 120 159 113
0.208931 -0.343793 -0.193626 0.106499 0.00195618 -0.994311 117 159 108
0.223653 -0.343092 -0.183813 0.105501 -0.0162554 -0.994286 111 161 98
-0.0857952 -0.31336 0.0517045 0.853011 -0.00232156 0.521887 170 106 59
-0.0745959 -0.314078 0.0418914 0.854566 0.000661469 0.519342 183 111 65
-0.0651922 -0.315513 0.0222646 0.849683 -0.0219099 0.526838 211 122 69
-0.0558571 -0.316949 0.00263842 0.865128 -0.0174734 0.501247 225 134 78
-0.0447951 -0.317666 -0.00717469 0.937029 0.101613 0.334143 229 134 77
-0.0373927 -0.319819 -0.0366146 0.931104 0.248628 0.266889 236 139 90
-0.031923 -0.32269 -0.0758676 0.947212 0.25706 0.191596 232 155 139
-0.0232594 -0.32915 -0.164187 0.866414 0.0828709 0.492401 105 112 125
-0.0144557 -0.330586 -0.183813 0.823225 0.0720081 0.563129 89 113 115
-0.00382226 -0.331303 -0.193626 0.725779 0.0422891 0.686627 79 110 109
0.00486138 -0.332739 -0.213253 0.541023 0.121477 0.832188 55 109 97
0.0173421 -0.332739 -0.213253 0.416801 0.105076 0.902904 53 108 95
0.0298226 -0.332739 -0.213253 0.256188 0.137403 0.956812 50 110 95
0.0403361 -0.333457 -0.223066 0.129964 0.140098 0.981571 41 108 91
0.0527996 -0.333457 -0.223066 0.122331 0.165431 0.978605 44 108 94
0.065263 -0.333457 -0.223066 0.180279 0.242373 0.953286 55 112 103
0.0777265 -0.333457 -0.223066 0.216399 0.292313 0.931517 61 115 109
0.09019 -0.333457 -0.223066 0.192432 0.369288 0.909173 73 120 117
0.102653 -0.333457 -0.223066 0.125199 0.393268 0.91086 83 124 123
0.115117 -0.333457 -0.223066 -0.200084 0.3223 0.925251 89 127 127
0.12758 -0.333457 -0.223066 -0.319374 0.260651 0.911077 95 132 130
0.142148 -0.332739 -0.213253 -0.351731 0.0905992 0.931706 102 136 132
0.154629 -0.332739 -0.213253 -0.403011 0.0749552 0.912121 122 158 133
0.171386 -0.331303 -0.193626 -0.385705 0.0689401 0.920043 130 161 128
0.183901 -0.331303 -0.193626 -0.363767 0.0326987 0.930916 129 163 121
0.196416 -0.331303 -0.193626 -0.225985 0.026985 0.973757 127 163 117
0.208931 -0.331303 -0.193626 -0.0983637 0.032462 0.994621 124 163 111
0.223653 -0.330586 -0.183813 0.121867 -0.0116216 -0.992478 119 165 103
0.236185 -0.330586 -0.183813 0.12357 0.016345 -0.992201 117 165 103
-0.104911 -0.297503 0.0909575 0.705429 -0.00607118 0.708754 124 82 54
-0.0953189 -0.298973 0.0713313 0.790506 0.00471457 0.612436 137 85 53
-0.0857952 -0.300443 0.0517045 0.845784 -0.00106586 0.533525 186 97 64
-0.0745959 -0.301177 0.0418914 0.857263 0.00153612 0.514877 198 104 71
-0.0651922 -0.302647 0.0222646 0.848449 -0.0069279 0.529232 216 122 71
-0.0558571 -0.304117 0.00263842 0.8616 -0.0146795 0.507375 231 134 81
-0.0447951 -0.304852 -0.00717469 0.933838 0.0942542 0.345056 234 133 81
-0.031923 -0.309996 -0.0758676 0.928691 0.312839 0.199159 238 153 143
-0.0247436 -0.3122 -0.105307 0.962824 0.209974 0.169942 229 153 147
-0.0232594 -0.316609 -0.164187 0.91077 0.0205409 0.412403 108 112 125
-0.0144557 -0.318079 -0.183813 0.823881 0.0399804 0.565351 88 112 113
-0.00382226 -0.318814 -0.193626 0.7352 0.0117079 0.677749 77 109 107
0.00486138 -0.320283 -0.213253 0.566474 0.0549321 0.822247 52 106 92
0.0173421 -0.320283 -0.213253 0.412602 0.019246 0.910708 50 105 90
0.0298226 -0.320283 -0.213253 0.243218 0.0437317 0.968985 47 107 88
0.0403361 -0.321018 -0.223066 0.16723 0.10435 0.98038 38 105 84
0.0527996 -0.321018 -0.223066 0.262003 0.154201 0.952668 41 105 87
0.065263 -0.321018 -0.223066 0.302431 0.231634 0.924598 55 110 95
0.0777265 -0.321018 -0.223066 0.333653 0.294223 0.895605 58 111 100
0.0861187 -0.322488 -0.242692 0.245022 0.329006 0.911987 53 108 98
0.0985478 -0.322488 -0.242692 0.109064 0.393373 0.912887 74 117 113
0.110977 -0.322488 -0.242692 -0.106738 0.376073 0.920422 81 122 118
0.12758 -0.321018 -0.223066 -0.413745 0.247102 0.876217 92 129 123
0.142148 -0.320283 -0.213253 -0.451321 0.103777 0.886307 104 138 130
0.154629 -0.320283 -0.213253 -0.456724 0.0153738 0.889476 127 161 132
0.167109 -0.320283 -0.213253 -0.427721 -0.0380177 0.903111 124 158 131
0.183901 -0.318814 -0.193626 -0.347581 -0.0336373 0.937046 136 168 124
0.196416 -0.318814 -0.193626 -0.181981 0.0155359 0.983179 135 169 120
0.208931 -0.318814 -0.193626 -0.109715 -0.0168691 0.99382 133 170 116
0.221445 -0.318814 -0.193626 0.113904 0.0268816 -0.993128 121 169 106
0.23396 -0.318814 -0.193626 0.113053 0.0298514 -0.99314 119 169 107
-0.127618 -0.283013 0.110584 -0.447378 -0.0525622 -0.892799 94 83 63
-0.117923 -0.284517 0.0909575 -0.607305 -0.0224105 -0.794152 114 76 60
-0.104911 -0.284517 0.0909575 -0.654359 0.00542829 -0.756165 130 79 53
-0.0953189 -0.286021 0.0713313 0.774475 0.00224258 0.632601 143 83 52
-0.0857952 -0.287525 0.0517045 0.838864 0.029987 0.543515 194 96 65
-0.0745959 -0.288277 0.0418914 0.868705 0.0518928 0.492604 203 102 71
-0.0651922 -0.289781 0.0222646 0.858805 0.0315619 0.51133 230 121 84
-0.0558571 -0.291285 0.00263842 0.868959 0.0363081 0.493551 239 133 84
-0.0446436 -0.297301 -0.0758676 0.853836 0.427151 0.2975 241 150 147
-0.0337531 -0.298053 -0.0856807 0.87679 0.385117 0.287965 244 149 147
-0.0247436 -0.299557 -0.105307 0.928384 0.282191 0.241808 230 152 151
-0.0232594 -0.304068 -0.164187 0.888677 -0.00774227 0.458468 107 112 125
-0.0144557 -0.305572 -0.183813 0.810649 -0.0251567 0.584991 87 111 112
-0.00382226 -0.306324 -0.193626 0.734029 -0.0380648 0.678051 76 108 104
0.00486138 -0.307828 -0.213253 0.563213 -0.0244293 0.82595 50 105 88
0.0173421 -0.307828 -0.213253 0.427853 -0.00430318 0.903838 48 104 85
0.0298226 -0.307828 -0.213253 0.273822 -0.00666082 0.961757 45 106 83
0.0403361 -0.30858 -0.223066 0.205461 0.032127 0.978138 36 104 79
0.0527996 -0.30858 -0.223066 0.313806 0.104214 0.943751 38 104 81
0.065263 -0.30858 -0.223066 0.349683 0.159072 0.923265 55 109 89
0.0777265 -0.30858 -0.223066 0.382485 0.208409 0.90015 57 109 93
0.0861187 -0.310084 -0.242692 0.311722 0.245853 0.917816 50 107 91
0.0985478 -0.310084 -0.242692 0.126958 0.32209 0.938158 73 117 109
0.110977 -0.310084 -0.242692 -0.178479 0.333937 0.925544 80 121 113
0.123406 -0.310084 -0.242692 -0.462801 0.192695 0.865265 84 123 117
0.142148 -0.307828 -0.213253 -0.556391 0.0453669 0.829681 106 140 128
0.154629 -0.307828 -0.213253 -0.519842 -0.00301148 0.854257 130 164 133
0.167109 -0.307828 -0.213253 -0.441444 -0.0437068 0.896224 130 163 133
0.183901 -0.306324 -0.193626 -0.319866 -0.0974034 0.942443 143 174 127
0.196416 -0.306324 -0.193626 -0.221519 -0.044966 0.974119 142 174 123
0.208931 -0.306324 -0.193626 -0.10813 -0.0670884 0.99187 139 174 119
0.221445 -0.306324 -0.193626 0.126419 0.0535701 -0.990529 129 172 110
0.23396 -0.306324 -0.193626 0.126419 0.0535701 -0.990529 127 173 111
-0.143947 -0.271532 0.0909575 -0.426033 -0.091281 -0.900091 114 73 68
-0.130935 -0.271532 0.0909575 -0.451057 -0.0584463 -0.890579 113 70 63
-0.117923 -0.271532 0.0909575 -0.552571 -0.093416 -0.828214 121 71 59
-0.104911 -0.271532 0.0909575 0.619832 0.0133761 0.78462 135 73 54
-0.0953189 -0.27307 0.0713313 0.786152 0.00968356 0.617957 151 77 54
-0.0857952 -0.274608 0.0517045 0.846775 0.0506282 0.529536 202 91 67
-0.0745959 -0.275377 0.0418914 0.872618 0.0828089 0.481333 211 99 75
-0.0651922 -0.276915 0.0222646 0.864927 0.0766661 0.496008 236 118 90
-0.0573641 -0.284606 -0.0758676 0.820394 0.444603 0.359558 239 142 152
-0.0446436 -0.284606 -0.0758676 0.844935 0.446219 0.294912 244 150 147
-0.0337531 -0.285375 -0.0856807 0.833156 0.421082 0.358525 244 149 147
-0.0265905 -0.287682 -0.115121 0.911074 0.323594 0.255404 223 141 154
-0.0232594 -0.291527 -0.164187 0.913675 0.0125286 0.406253 109 114 124
-0.0144557 -0.293066 -0.183813 0.799683 -0.0642391 0.596976 88 113 111
-0.00382226 -0.293835 -0.193626 0.723745 -0.0882498 0.684402 75 110 103
0.00486138 -0.295373 -0.213253 0.570753 -0.0681025 0.818293 48 107 85
0.0173421 -0.295373 -0.213253 0.451778 -0.0513722 0.89065 46 106 83
0.0298226 -0.295373 -0.213253 0.273956 -0.0132416 0.961651 43 107 80
0.0403361 -0.296142 -0.223066 0.273847 -0.00675473 0.961749 34 105 75
0.0527996 -0.296142 -0.223066 0.360826 0.0653944 0.930338 37 105 77
0.065263 -0.296142 -0.223066 0.418697 0.0680233 0.905575 55 113 86
0.0736896 -0.29768 -0.242692 0.398615 0.0992184 0.911736 48 110 85
0.0861187 -0.29768 -0.242692 0.336842 0.0920732 0.937049 50 110 88
0.0985478 -0.29768 -0.242692 0.198427 0.146052 0.969173 72 119 107
0.110977 -0.29768 -0.242692 -0.251942 0.198308 0.947206 78 124 113
0.123406 -0.29768 -0.242692 -0.509512 0.0618223 0.85824 82 125 118
0.142148 -0.295373 -0.213253 -0.602948 -0.0506643 0.79617 111 150 131
0.154629 -0.295373 -0.213253 -0.561992 -0.0731626 0.823901 133 169 135
0.167109 -0.295373 -0.213253 -0.459303 -0.0977881 0.882881 132 167 135
0.183901 -0.293835 -0.193626 -0.349383 -0.156963 0.923739 147 177 132
0.196416 -0.293835 -0.193626 -0.206699 -0.182598 0.961214 146 178 128
0.208931 -0.293835 -0.193626 0.0822959 0.137617 -0.987061 145 178 123
0.221445 -0.293835 -0.193626 0.120933 0.108198 -0.986746 136 177 114
-0.153711 -0.256973 0.110584 -0.224363 0.0475746 -0.973344 110 77 67
-0.143947 -0.258546 0.0909575 -0.280411 -0.0482284 -0.958668 123 71 68
-0.130935 -0.258546 0.0909575 0.412801 0.100952 0.905209 123 67 63
-0.117923 -0.258546 0.0909575 0.418497 0.0531454 0.906662 130 67 61
-0.104911 -0.258546 0.0909575 0.560703 0.0333692 0.827345 145 69 56
-0.0953189 -0.260118 0.0713313 0.764328 0.0392347 0.643633 161 73 57
-0.0857952 -0.261691 0.0517045 0.869348 0.0759717 0.488326 206 90 71
-0.0745959 -0.262477 0.0418914 0.875132 0.0831471 0.476687 215 97 78
-0.0651922 -0.264049 0.0222646 0.869364 0.0955952 0.484838 240 118 93
-0.0591598 -0.272697 -0.0856807 0.801009 0.399647 0.445722 233 128 156
-0.050082 -0.274269 -0.105307 0.832536 0.402052 0.381102 225 127 160
-0.0374129 -0.274269 -0.105307 0.832536 0.402052 0.381102 228 133 159
-0.0265905 -0.275056 -0.115121 0.882873 0.354224 0.308319 219 127 157
-0.0232594 -0.278986 -0.164187 0.887862 0.00017968 0.460109 116 114 124
-0.0144557 -0.280559 -0.183813 0.782113 -0.0877414 0.616928 88 113 111
-0.00382226 -0.281345 -0.193626 0.712231 -0.114919 0.692474 76 110 102
0.00486138 -0.282917 -0.213253 0.590211 -0.112968 0.799306 48 108 85
0.0173421 -0.282917 -0.213253 0.468237 -0.053712 0.881969 47 107 83
0.0298226 -0.282917 -0.213253 0.321723 -0.0456016 0.945735 44 108 80
0.0403361 -0.283704 -0.223066 0.276879 -0.00690149 0.96088 34 108 75
0.0527996 -0.283704 -0.223066 0.355228 -0.00281877 0.934776 37 108 77
0.065263 -0.283704 -0.223066 0.420938 -0.00676131 0.907064 56 116 87
0.0736896 -0.285276 -0.242692 0.39975 -0.0274914 0.916212 49 113 86
0.0861187 -0.285276 -0.242692 0.340159 -0.0283716 0.93994 51 113 89
0.0985478 -0.285276 -0.242692 0.255337 -0.0212726 0.966618 73 123 107
0.110977 -0.285276 -0.242692 -0.335426 -0.114916 0.935031 79 127 114
0.123406 -0.285276 -0.242692 -0.506809 -0.0755142 0.858744 83 129 119
0.142148 -0.282917 -0.213253 -0.603858 -0.117188 0.788431 113 153 133
0.154629 -0.282917 -0.213253 -0.583487 -0.166142 0.794946 134 171 137
0.171386 -0.281345 -0.193626 -0.438514 -0.22863 0.869157 149 177 139
0.183901 -0.281345 -0.193626 -0.353708 -0.234277 0.905541 152 181 135
0.198589 -0.280559 -0.183813 0.21502 0.257949 -0.941928 154 182 131
0.211121 -0.280559 -0.183813 0.174674 0.267755 -0.947521 154 182 121
0.223653 -0.280559 -0.183813 0.2068 0.245017 -0.947207 146 181 118
-0.166757 -0.243953 0.110584 -0.0582852 0.184478 -0.981107 132 68 76
-0.153711 -0.243953 0.110584 -0.221973 -0.00515353 -0.975039 130 65 68
-0.143947 -0.24556 0.0909575 0.293333 -0.0192499 0.955816 133 67 70
-0.130935 -0.24556 0.0909575 0.376339 -0.00160367 0.926481 132 64 64
-0.117923 -0.24556 0.0909575 0.349003 -0.023393 0.93683 138 63 62
-0.104911 -0.24556 0.0909575 0.467267 -0.00642383 0.884093 157 64 59
-0.0953189 -0.247167 0.0713313 0.778589 0.0411465 0.626184 171 68 60
-0.0857952 -0.248773 0.0517045 0.86952 0.0851852 0.486497 211 88 75
-0.0745959 -0.249576 0.0418914 0.887792 0.10893 0.447169 220 98 82
-0.0700849 -0.259216 -0.0758676 0.818709 0.376182 0.433823 224 117 154
-0.0591598 -0.260019 -0.0856807 0.811057 0.382309 0.442748 231 119 157
-0.050082 -0.261626 -0.105307 0.835012 0.393576 0.384517 225 125 157
-0.0374129 -0.261626 -0.105307 0.835003 0.393283 0.384835 228 128 157
-0.0339788 -0.265642 -0.154373 0.916266 0.129091 0.3792 120 112 127
-0.0232594 -0.266446 -0.164187 0.826256 -0.013669 0.563128 121 114 124
-0.0144557 -0.268052 -0.183813 0.76316 -0.0962513 0.639001 92 116 111
-0.00382226 -0.268855 -0.193626 0.702589 -0.119068 0.701563 81 112 103
0.00869257 -0.268855 -0.193626 0.624981 -0.110866 0.772728 79 118 103
0.0173421 -0.270462 -0.213253 0.508728 -0.103117 0.85473 48 110 85
0.0298226 -0.270462 -0.213253 0.343857 -0.102961 0.93336 46 112 82
0.0403361 -0.271265 -0.223066 0.278447 -0.0592768 0.958621 34 112 77
0.0527996 -0.271265 -0.223066 0.351377 -0.143584 0.925158 37 113 80
0.065263 -0.271265 -0.223066 0.401202 -0.17607 0.898909 55 122 90
0.0736896 -0.272872 -0.242692 0.368727 -0.150816 0.917221 48 119 89
0.0861187 -0.272872 -0.242692 0.293551 -0.231553 0.927476 50 119 92
0.0985478 -0.272872 -0.242692 0.119045 -0.306272 0.944471 74 131 111
0.110977 -0.272872 -0.242692 -0.250657 -0.299047 0.920729 79 134 117
0.123406 -0.272872 -0.242692 -0.443847 -0.199765 0.873552 83 136 121
0.142148 -0.270462 -0.213253 -0.596479 -0.261642 0.758786 109 155 135
0.154629 -0.270462 -0.213253 -0.581031 -0.216763 0.784485 138 177 139
0.171386 -0.268855 -0.193626 -0.434044 -0.259131 0.862819 154 183 141
0.186057 -0.268052 -0.183813 -0.354014 -0.334318 0.873445 159 183 137
0.198589 -0.268052 -0.183813 0.27075 0.32998 -0.904327 157 187 133
0.211121 -0.268052 -0.183813 0.227258 0.338037 -0.913282 154 185 122
-0.182983 -0.232574 0.0909575 0.226855 0.203657 -0.952397 155 78 91
-0.166757 -0.230934 0.110584 0.0352852 0.178381 -0.983329 140 64 74
-0.153711 -0.230934 0.110584 -0.192479 0.152675 -0.969352 139 62 67
-0.143947 -0.232574 0.0909575 0.326666 -0.0931126 0.940542 149 59 65
-0.130935 -0.232574 0.0909575 0.389319 -0.0508392 0.919699 151 55 63
-0.117923 -0.232574 0.0909575 0.404668 -0.042545 0.913474 158 55 63
-0.104911 -0.232574 0.0909575 -0.477209 -0.0284124 -0.878331 174 57 64
-0.0953189 -0.234215 0.0713313 0.800455 0.105746 0.589992 186 60 67
-0.0875222 -0.236676 0.0418914 0.894097 0.13509 0.427015 223 98 85
-0.0780841 -0.238317 0.0222646 0.886986 0.116978 0.446734 239 111 102
-0.0700849 -0.246521 -0.0758676 0.819173 0.362453 0.444503 222 109 153
-0.0591598 -0.247341 -0.0856807 0.814621 0.363714 0.451779 227 111 155
-0.050082 -0.248982 -0.105307 0.829989 0.379726 0.408565 218 113 155
-0.0429023 -0.251443 -0.134747 0.868479 0.298229 0.395984 162 102 141
-0.0339788 -0.253084 -0.154373 0.864498 0.121124 0.487824 122 109 125
-0.0232594 -0.253905 -0.164187 0.754811 -0.0742122 0.65173 125 114 123
-0.0144557 -0.255545 -0.183813 0.736059 -0.103057 0.669027 93 121 108
-0.00192363 -0.255545 -0.183813 0.725949 -0.110402 0.67883 87 128 107
0.00869257 -0.256366 -0.193626 0.596285 -0.142943 0.789944 79 125 103
0.0173421 -0.258007 -0.213253 0.539504 -0.13854 0.830507 50 115 89
0.0298226 -0.258007 -0.213253 0.36348 -0.125293 0.923138 48 115 85
0.0403361 -0.258827 -0.223066 0.202144 -0.0890576 0.975298 36 116 81
0.0527996 -0.258827 -0.223066 0.312812 -0.174803 0.933591 39 119 84
0.065263 -0.258827 -0.223066 0.345236 -0.239163 0.907531 52 126 94
0.0777265 -0.258827 -0.223066 0.316181 -0.297173 0.900954 56 127 99
0.0861187 -0.260468 -0.242692 0.221621 -0.340176 0.913873 51 126 97
0.0985478 -0.260468 -0.242692 0.0632969 -0.391325 0.918073 72 136 114
0.110977 -0.260468 -0.242692 -0.179307 -0.386934 0.904506 79 139 119
0.12758 -0.258827 -0.223066 -0.501303 -0.335575 0.797549 92 146 128
0.142148 -0.258007 -0.213253 -0.591018 -0.296298 0.75027 107 157 137
0.158871 -0.256366 -0.193626 -0.511813 -0.266324 0.816774 158 188 152
0.171386 -0.256366 -0.193626 -0.43763 -0.301842 0.846978 159 189 148
0.186057 -0.255545 -0.183813 -0.383183 -0.322833 0.865419 163 189 143
0.198589 -0.255545 -0.183813 -0.33825 -0.324865 0.883204 162 191 137
0.211121 -0.255545 -0.183813 0.28406 0.362428 -0.887669 158 189 127
-0.182983 -0.219589 0.0909575 0.190727 0.0297475 -0.981192 161 73 84
-0.166757 -0.217914 0.110584 -0.0107958 -0.116786 0.993098 146 62 70
-0.153711 -0.217914 0.110584 0.229519 -0.133877 0.964053 147 59 63
-0.143947 -0.219589 0.0909575 0.355858 -0.0994142 0.929237 156 57 64
-0.130935 -0.219589 0.0909575 0.453952 -0.0335926 0.890393 158 55 62
-0.117923 -0.219589 0.0909575 0.455975 -0.00906607 0.889947 166 54 63
-0.104911 -0.219589 0.0909575 -0.55073 -0.0803233 -0.83081 180 57 65
-0.0953189 -0.221264 0.0713313 0.809506 0.151906 0.567119 191 60 68
-0.0875222 -0.223776 0.0418914 0.891754 0.143247 0.429249 227 95 89
-0.0780841 -0.225451 0.0222646 0.867678 0.0942105 0.488118 240 106 104
-0.0718633 -0.234664 -0.0856807 0.846047 0.320417 0.426073 220 104 150
-0.0591598 -0.234664 -0.0856807 0.846047 0.320417 0.426073 225 106 152
-0.0518946 -0.237176 -0.115121 0.848873 0.334007 0.409699 197 93 150
-0.0429023 -0.238851 -0.134747 0.842019 0.278909 0.461751 156 97 138
-0.0339788 -0.240526 -0.154373 0.789719 0.00869365 0.613407 121 107 122
-0.0232594 -0.241364 -0.164187 0.736974 -0.0639039 0.672893 124 111 121
-0.0144557 -0.243039 -0.183813 0.720798 -0.111361 0.684141 93 120 107
-0.00192363 -0.243039 -0.183813 0.692494 -0.152365 0.70515 92 130 107
0.00869257 -0.243876 -0.193626 0.585121 -0.158748 0.795256 82 127 105
0.0173421 -0.245551 -0.213253 0.55268 -0.151182 0.819566 55 119 93
0.0298226 -0.245551 -0.213253 0.413045 -0.124518 0.902158 53 119 91
0.0423032 -0.245551 -0.213253 0.254215 -0.175198 0.951147 49 123 93
0.0547838 -0.245551 -0.213253 0.154443 -0.157673 0.975339 54 127 99
0.065263 -0.246389 -0.223066 0.207768 -0.303634 0.92986 53 130 102
0.0777265 -0.246389 -0.223066 0.195395 -0.378591 0.904704 57 131 106
0.09019 -0.246389 -0.223066 0.0997717 -0.466214 0.879028 69 137 113
0.102653 -0.246389 -0.223066 -0.0379711 -0.461483 0.886336 80 142 122
0.115117 -0.246389 -0.223066 -0.20626 -0.418788 0.884349 88 146 126
0.12758 -0.246389 -0.223066 -0.466071 -0.390657 0.793829 96 152 132
0.142148 -0.245551 -0.213253 -0.540954 -0.334297 0.771761 112 163 141
0.158871 -0.243876 -0.193626 -0.530802 -0.288066 0.797037 159 189 151
0.173524 -0.243039 -0.183813 -0.454546 -0.342574 0.822211 164 189 148
0.186057 -0.243039 -0.183813 -0.388021 -0.314287 0.866408 164 190 141
0.202934 -0.241364 -0.164187 0.369826 0.359064 -0.856914 166 190 130
0.2155 -0.241364 -0.164187 0.353846 0.358904 -0.863702 163 190 126
-0.195995 -0.206603 0.0909575 0.30602 0.00242509 -0.952022 167 69 83
-0.182983 -0.206603 0.0909575 0.342088 0.107064 -0.933548 170 68 77
-0.166757 -0.204894 0.110584 -0.109605 -0.11692 0.987075 150 58 62
-0.153711 -0.204894 0.110584 0.268309 -0.111959 0.956805 153 56 58
-0.140665 -0.204894 0.110584 0.42473 -0.119102 0.897451 154 55 56
-0.130935 -0.206603 0.0909575 0.501328 -0.0451411 0.864079 165 53 58
-0.117923 -0.206603 0.0909575 0.544095 0.0288807 0.838526 173 52 59
-0.104911 -0.206603 0.0909575 0.635956 0.0878669 0.766707 185 53 64
-0.0953189 -0.208312 0.0713313 0.805521 0.140328 0.575711 196 56 67
-0.0875222 -0.210876 0.0418914 0.875679 0.083541 0.475613 225 82 90
-0.0828054 -0.221131 -0.0758676 0.851509 0.300214 0.429889 209 81 153
-0.0718633 -0.221986 -0.0856807 0.858202 0.299406 0.416947 213 81 153
-0.0627512 -0.223695 -0.105307 0.862615 0.30991 0.399814 195 85 149
-0.0518946 -0.22455 -0.115121 0.832849 0.347937 0.430467 185 81 145
-0.0429023 -0.226259 -0.134747 0.809531 0.286807 0.512251 147 86 133
-0.0339788 -0.227968 -0.154373 0.768041 0.0535279 0.63816 117 100 119
-0.0232594 -0.228823 -0.164187 0.71929 -0.00611996 0.694683 118 110 117
-0.0144557 -0.230532 -0.183813 0.688289 -0.129547 0.713775 94 120 104
-0.00192363 -0.230532 -0.183813 0.666045 -0.161751 0.728163 94 134 110
0.00869257 -0.231387 -0.193626 0.62981 -0.184103 0.754616 82 132 109
0.0173421 -0.233096 -0.213253 0.548012 -0.164936 0.820048 64 137 106
0.0298226 -0.233096 -0.213253 0.383508 -0.196988 0.902285 66 138 109
0.0423032 -0.233096 -0.213253 0.250732 -0.21058 0.944875 66 147 118
0.0547838 -0.233096 -0.213253 0.110689 -0.170582 0.979107 69 147 121
0.065263 -0.23395 -0.223066 0.139756 -0.246301 0.959064 62 146 121
0.0777265 -0.23395 -0.223066 0.14911 -0.312294 0.93821 68 148 124
0.09019 -0.23395 -0.223066 0.0641479 -0.399328 0.914561 78 153 129
0.102653 -0.23395 -0.223066 -0.0657742 -0.437075 0.897017 85 156 133
0.115117 -0.23395 -0.223066 -0.212799 -0.462747 0.86057 95 162 138
0.129667 -0.233096 -0.213253 -0.447467 -0.381044 0.809061 108 167 146
0.146356 -0.231387 -0.193626 -0.523187 -0.364179 0.770487 155 190 154
0.160993 -0.230532 -0.183813 -0.498803 -0.382301 0.777844 164 189 151
0.173524 -0.230532 -0.183813 -0.434862 -0.375528 0.818458 162 190 147
0.190368 -0.228823 -0.164187 0.347427 0.410087 -0.843281 167 190 133
0.202934 -0.228823 -0.164187 0.346362 0.362906 -0.865062 165 189 127
0.2155 -0.228823 -0.164187 0.311715 0.355341 -0.88123 161 189 124
-0.209007 -0.193617 0.0909575 0.238599 0.00554993 -0.971102 175 62 84
-0.195995 -0.193617 0.0909575 0.330073 0.0316489 -0.943425 175 64 78
-0.179804 -0.191874 0.110584 -0.395395 -0.0214319 0.918261 154 57 60
-0.166757 -0.191874 0.110584 -0.218271 -0.0414355 0.975008 156 54 55
-0.153711 -0.191874 0.110584 0.288234 -0.120851 0.949903 158 52 52
-0.140665 -0.191874 0.110584 0.389181 -0.132734 0.911548 160 52 51
-0.130935 -0.193617 0.0909575 0.5515 -0.071353 0.831118 170 51 53
-0.117923 -0.193617 0.0909575 0.572819 -0.0419865 0.818606 177 50 56
-0.108297 -0.195361 0.0713313 0.824894 0.0485287 0.5632 191 53 61
-0.0987388 -0.197104 0.0517045 0.836884 0.015627 0.547157 218 73 82
-0.0875222 -0.197976 0.0418914 0.860325 0.000451779 0.509745 226 80 88
-0.0828054 -0.208436 -0.0758676 0.845734 0.318836 0.427877 204 76 148
-0.0718633 -0.209308 -0.0856807 0.845734 0.318836 0.427877 208 77 149
-0.0645467 -0.211923 -0.115121 0.846948 0.335455 0.412491 178 76 138
-0.0555201 -0.213667 -0.134747 0.803273 0.307324 0.510201 138 78 127
-0.0465622 -0.21541 -0.154373 0.640515 0.210612 0.7385 108 91 114
-0.0339788 -0.21541 -0.154373 0.685445 0.138465 0.714837 111 96 114
-0.0232594 -0.216282 -0.164187 0.614574 -0.013185 0.788749 110 108 113
-0.0106931 -0.216282 -0.164187 0.605695 -0.0755201 0.792105 114 114 114
-0.00192363 -0.218025 -0.183813 0.645357 -0.148451 0.749317 94 135 111
0.00869257 -0.218897 -0.193626 0.63837 -0.20375 0.742274 84 135 112
0.0212075 -0.218897 -0.193626 0.512415 -0.234372 0.826136 83 139 117
0.0298226 -0.22064 -0.213253 0.381632 -0.308192 0.871421 70 138 112
0.0423032 -0.22064 -0.213253 0.230445 -0.345618 0.909639 73 149 123
0.0547838 -0.22064 -0.213253 0.145537 -0.374613 0.915688 77 150 126
0.0672644 -0.22064 -0.213253 0.0694996 -0.401317 0.913299 82 153 131
0.0797449 -0.22064 -0.213253 0.0536163 -0.431477 0.900529 86 155 134
0.0922256 -0.22064 -0.213253 -0.00466207 -0.430404 0.902624 96 161 138
0.104706 -0.22064 -0.213253 -0.154248 -0.460851 0.87397 103 164 141
0.117187 -0.22064 -0.213253 -0.270738 -0.475153 0.837216 111 169 146
0.129667 -0.22064 -0.213253 -0.367874 -0.44184 0.818197 114 170 148
0.146356 -0.218897 -0.193626 -0.50675 -0.437628 0.742756 155 190 153
0.160993 -0.218025 -0.183813 -0.482341 -0.445952 0.753972 162 189 149
0.173524 -0.218025 -0.183813 -0.415834 -0.412311 0.810606 160 190 145
0.190368 -0.216282 -0.164187 -0.339274 -0.381992 0.859637 163 189 129
0.202934 -0.216282 -0.164187 0.309666 0.342436 -0.887043 162 188 124
0.21769 -0.21541 -0.154373 0.305751 0.349377 -0.885693 158 187 120
-0.235032 -0.180631 0.0909575 0.179888 -0.125849 -0.975604 178 57 99
-0.22202 -0.180631 0.0909575 0.189309 -0.0811168 -0.978561 182 56 90
-0.209007 -0.180631 0.0909575 0.16001 -0.0192079 -0.986928 184 56 84
-0.195995 -0.180631 0.0909575 -0.301674 0.0020636 0.953409 182 56 76
-0.179804 -0.178854 0.110584 -0.37803 0.0333713 0.925192 161 52 56
-0.166757 -0.178854 0.110584 -0.288239 0.0236882 0.957265 162 50 52
-0.153711 -0.178854 0.110584 0.218072 -0.0570714 0.974263 164 48 46
-0.140665 -0.178854 0.110584 0.359922 -0.107497 0.926769 166 48 44
-0.130935 -0.180631 0.0909575 0.563093 -0.112149 0.818748 174 49 47
-0.117923 -0.180631 0.0909575 0.607142 -0.0688444 0.791606 182 48 50
-0.108297 -0.182409 0.0713313 0.831639 -0.0455387 0.553446 193 50 54
-0.0987388 -0.184187 0.0517045 0.811631 -0.0615223 0.580922 219 69 79
-0.0875222 -0.185075 0.0418914 0.845186 -0.0915829 0.526567 225 75 85
-0.0828054 -0.195741 -0.0758676 0.857816 0.268586 0.438192 202 72 145
-0.0754202 -0.198408 -0.105307 0.866041 0.312387 0.390368 178 62 140
-0.0645467 -0.199297 -0.115121 0.848282 0.32397 0.41888 162 54 130
-0.0555201 -0.201074 -0.134747 0.782957 0.300686 0.544579 125 68 115
-0.0465622 -0.202852 -0.154373 0.591151 0.224477 0.774694 101 85 108
-0.0339788 -0.202852 -0.154373 0.49757 0.152677 0.853882 104 90 109
-0.0232594 -0.203741 -0.164187 0.508904 -0.0113466 0.860749 101 107 108
-0.0106931 -0.203741 -0.164187 0.549354 -0.0583665 0.833548 107 113 110
-0.00192363 -0.205519 -0.183813 0.572198 -0.124214 0.810654 89 133 110
0.0106083 -0.205519 -0.183813 0.572946 -0.150403 0.805675 96 136 115
0.0212075 -0.206407 -0.193626 0.413135 -0.284319 0.865149 89 141 120
0.0298226 -0.208185 -0.213253 0.318147 -0.364169 0.875308 81 143 120
0.0423032 -0.208185 -0.213253 0.20789 -0.405311 0.890227 83 152 129
0.0547838 -0.208185 -0.213253 0.127031 -0.464659 0.876331 87 153 132
0.0672644 -0.208185 -0.213253 0.0353623 -0.505966 0.861828 93 157 137
0.0797449 -0.208185 -0.213253 0.020164 -0.529656 0.847973 99 159 141
0.0922256 -0.208185 -0.213253 -0.020135 -0.546664 0.83711 107 165 144
0.104706 -0.208185 -0.213253 -0.101533 -0.552248 0.827474 113 169 147
0.117187 -0.208185 -0.213253 -0.253605 -0.513658 0.819658 120 173 149
0.133841 -0.206407 -0.193626 -0.45191 -0.507738 0.733471 156 187 152
0.14846 -0.205519 -0.183813 -0.500075 -0.477317 0.72256 161 187 150
0.165235 -0.203741 -0.164187 -0.368957 -0.423852 0.827176 166 187 145
0.177802 -0.203741 -0.164187 -0.317249 -0.359234 0.87767 161 186 132
0.192524 -0.202852 -0.154373 -0.278761 -0.31703 0.906523 160 185 125
0.205107 -0.202852 -0.154373 0.290551 0.319223 -0.90204 158 182 119
-0.248044 -0.167646 0.0909575 0.212101 -0.201943 -0.956155 172 57 101
-0.235032 -0.167646 0.0909575 0.202112 -0.156871 -0.966717 179 56 97
-0.22202 -0.167646 0.0909575 -0.150951 0.100382 0.983431 186 55 89
-0.209007 -0.167646 0.0909575 -0.160448 0.105641 0.981375 188 54 83
-0.195995 -0.167646 0.0909575 -0.239332 0.0465427 0.969822 187 54 75
-0.182983 -0.167646 0.0909575 -0.368023 0.0473681 0.928609 186 54 69
-0.166757 -0.165834 0.110584 -0.319077 0.0613884 0.945738 175 37 40
-0.153711 -0.165834 0.110584 0.0320439 -0.0505559 0.998207 174 36 32
-0.140665 -0.165834 0.110584 0.366116 -0.0787814 0.927228 173 36 28
-0.127618 -0.165834 0.110584 0.45448 -0.153007 0.877517 177 37 29
-0.117923 -0.167646 0.0909575 0.66146 -0.131325 0.738393 184 47 47
-0.108297 -0.169457 0.0713313 0.816626 -0.137727 0.560494 196 49 52
-0.0987388 -0.171269 0.0517045 0.803273 -0.113156 0.584763 219 66 77
-0.0875222 -0.172175 0.0418914 0.818661 -0.140301 0.556874 228 73 85
-0.0754202 -0.185764 -0.105307 0.899073 0.194349 0.392296 168 55 130
-0.0681378 -0.188482 -0.134747 0.823517 0.207936 0.52781 97 54 101
-0.0591458 -0.190294 -0.154373 0.688693 0.159742 0.707237 107 72 107
-0.0465622 -0.190294 -0.154373 0.504195 0.159297 0.848771 91 79 99
-0.0358257 -0.1912 -0.164187 0.418275 0.0951086 0.903328 92 87 101
-0.0232594 -0.1912 -0.164187 0.479176 0.0423394 0.876697 88 102 101
-0.0106931 -0.1912 -0.164187 0.50132 0.00334244 0.865256 96 110 105
-0.00192363 -0.193012 -0.183813 0.53318 -0.0952188 0.840626 82 130 109
0.0106083 -0.193012 -0.183813 0.506505 -0.132906 0.851932 94 134 116
0.0212075 -0.193918 -0.193626 0.318359 -0.257416 0.912351 85 140 122
0.0337224 -0.193918 -0.193626 0.195047 -0.402696 0.894311 95 148 129
0.0462373 -0.193918 -0.193626 0.0917212 -0.475302 0.875029 99 155 134
0.0587522 -0.193918 -0.193626 -0.0272138 -0.503301 0.863683 104 159 138
0.0712671 -0.193918 -0.193626 -0.0129383 -0.535401 0.844499 113 164 143
0.083782 -0.193918 -0.193626 0.0100149 -0.53988 0.841683 119 167 146
0.0962968 -0.193918 -0.193626 -0.0611665 -0.529189 0.846296 129 174 149
0.108812 -0.193918 -0.193626 -0.153571 -0.50393 0.849983 136 177 151
0.121327 -0.193918 -0.193626 -0.343161 -0.505698 0.791524 150 183 153
0.135929 -0.193012 -0.183813 -0.468029 -0.477661 0.743498 159 185 150
0.152669 -0.1912 -0.164187 -0.430605 -0.398665 0.809719 165 186 145
0.167357 -0.190294 -0.154373 -0.261193 -0.335093 0.905257 162 186 135
0.17994 -0.190294 -0.154373 -0.242771 -0.300528 0.922358 159 184 126
0.192524 -0.190294 -0.154373 -0.250895 -0.293333 0.922501 156 182 120
0.205107 -0.190294 -0.154373 -0.257049 -0.308068 0.915981 154 178 113
-0.26403 -0.156506 0.0713313 0.277035 -0.453706 -0.846996 173 53 119
-0.248044 -0.15466 0.0909575 0.22295 -0.327047 -0.918332 189 46 121
-0.235032 -0.15466 0.0909575 -0.224721 0.210898 0.951327 197 46 113
-0.22202 -0.15466 0.0909575 -0.138825 0.233738 0.962338 203 44 106
-0.209007 -0.15466 0.0909575 -0.0863794 0.133509 0.987276 206 43 96
-0.195995 -0.15466 0.0909575 -0.263478 0.08978 0.960479 207 42 82
-0.182983 -0.15466 0.0909575 -0.365887 0.0824308 0.927002 205 42 74
-0.166757 -0.152814 0.110584 -0.326987 0.0485579 0.943781 178 34 39
-0.153711 -0.152814 0.110584 -0.0888213 -0.0227288 0.995788 177 34 31
-0.140665 -0.152814 0.110584 0.301443 -0.0799718 0.950124 175 34 27
-0.127618 -0.152814 0.110584 0.350424 -0.134889 0.926827 178 35 28
-0.117923 -0.15466 0.0909575 0.613065 -0.21253 0.760909 190 40 37
-0.104911 -0.15466 0.0909575 0.756399 -0.220614 0.615784 200 42 45
-0.0953189 -0.156506 0.0713313 0.77504 -0.241531 0.583932 208 47 55
-0.0857952 -0.158352 0.0517045 0.802436 -0.209611 0.558713 226 64 80
-0.0745959 -0.159275 0.0418914 0.818997 -0.186719 0.542568 232 69 87
-0.0754202 -0.173121 -0.105307 0.910261 0.108914 0.399452 172 50 126
-0.0681378 -0.17589 -0.134747 0.821957 0.0873338 0.562814 90 51 94
-0.0591458 -0.177736 -0.154373 0.663909 0.0500025 0.74614 78 55 91
-0.0465622 -0.177736 -0.154373 0.478133 0.0144681 0.878168 66 63 85
-0.0358257 -0.178659 -0.164187 0.364838 0.0273698 0.930668 80 76 94
-0.0232594 -0.178659 -0.164187 0.409066 -0.0359065 0.911798 76 98 93
-0.0106931 -0.178659 -0.164187 0.460599 -0.0296104 0.887114 84 105 97
-0.00192363 -0.180505 -0.183813 0.506438 -0.110451 0.855173 78 125 108
0.0106083 -0.180505 -0.183813 0.411076 -0.197565 0.889935 91 130 115
0.0212075 -0.181428 -0.193626 0.202128 -0.28778 0.936123 84 137 122
0.0337224 -0.181428 -0.193626 0.11578 -0.324936 0.938622 94 146 130
0.0482044 -0.180505 -0.183813 -0.0120404 -0.403539 0.914883 114 156 135
0.0607365 -0.180505 -0.183813 -0.0791404 -0.44806 0.890494 119 161 140
0.0732683 -0.180505 -0.183813 -0.03747 -0.402025 0.914862 128 165 145
0.0858004 -0.180505 -0.183813 0.00787416 -0.347408 0.937681 133 168 148
0.0983324 -0.180505 -0.183813 -0.0637343 -0.387745 0.919561 146 177 151
0.110864 -0.180505 -0.183813 -0.194073 -0.412558 0.890017 153 179 152
0.123396 -0.180505 -0.183813 -0.402198 -0.376572 0.834524 154 180 151
0.140103 -0.178659 -0.164187 -0.484767 -0.273279 0.830854 164 184 143
0.154773 -0.177736 -0.154373 -0.374184 -0.227473 0.899023 152 169 128
0.167357 -0.177736 -0.154373 -0.277652 -0.249077 0.927831 146 166 121
0.17994 -0.177736 -0.154373 -0.220036 -0.240209 0.945454 141 160 111
0.192524 -0.177736 -0.154373 -0.228977 -0.302276 0.92531 137 156 103
0.205107 -0.177736 -0.154373 0.256834 0.283263 -0.924012 135 152 97
0.22207 -0.17589 -0.134747 0.230444 0.271164 -0.93454 134 148 91
-0.289985 -0.143554 0.0713313 0.205021 -0.550278 -0.809419 151 44 119
-0.277008 -0.143554 0.0713313 0.236111 -0.541166 -0.807088 163 44 125
-0.26403 -0.143554 0.0713313 0.280048 -0.507903 -0.814621 177 44 130
-0.251052 -0.143554 0.0713313 -0.271474 0.508526 0.817131 187 46 131
-0.235032 -0.141674 0.0909575 -0.227027 0.287823 0.930385 204 46 125
-0.22202 -0.141674 0.0909575 -0.204156 0.26552 0.942242 211 44 115
-0.209007 -0.141674 0.0909575 -0.161751 0.183418 0.969636 214 43 107
-0.195995 -0.141674 0.0909575 -0.33675 0.132859 0.932174 214 41 88
-0.182983 -0.141674 0.0909575 -0.407079 0.0848607 0.909442 213 40 80
-0.166757 -0.139794 0.110584 -0.355242 0.0324117 0.934212 185 30 39
-0.153711 -0.139794 0.110584 -0.146404 -0.00722667 0.989199 183 30 31
-0.140665 -0.139794 0.110584 0.224439 -0.0613479 0.972555 180 30 26
-0.127618 -0.139794 0.110584 0.326553 -0.0974443 0.940142 182 32 26
-0.117923 -0.141674 0.0909575 0.606583 -0.157236 0.779316 193 38 36
-0.104911 -0.141674 0.0909575 0.752077 -0.173509 0.635826 202 40 44
-0.0953189 -0.143554 0.0713313 0.79698 -0.202254 0.569136 209 45 51
-0.0857952 -0.145435 0.0517045 0.801513 -0.184435 0.568824 228 63 80
-0.0728518 -0.145435 0.0517045 0.808999 -0.192182 0.555506 229 63 80
-0.0681378 -0.163298 -0.134747 0.818021 0.0189418 0.574876 78 47 87
-0.0591458 -0.165178 -0.154373 0.602793 -0.0840069 0.793463 70 50 79
-0.0465622 -0.165178 -0.154373 0.490905 -0.0939073 0.866137 58 56 79
-0.0358257 -0.166118 -0.164187 0.35489 -0.0487861 0.933634 60 61 81
-0.0232594 -0.166118 -0.164187 0.352695 -0.0563076 0.934043 54 81 83
-0.0106931 -0.166118 -0.164187 0.382304 -0.148322 0.912055 62 92 91
-0.00192363 -0.167998 -0.183813 0.445059 -0.213624 0.869648 75 123 105
0.0106083 -0.167998 -0.183813 0.349124 -0.310165 0.884257 89 127 112
0.0212075 -0.168939 -0.193626 0.221136 -0.332675 0.916748 83 135 120
0.0337224 -0.168939 -0.193626 0.0385543 -0.383452 0.922756 94 145 129
0.0482044 -0.167998 -0.183813 -0.0397811 -0.42315 0.905186 111 155 133
0.0607365 -0.167998 -0.183813 -0.0461344 -0.394625 0.917683 116 160 139
0.0732683 -0.167998 -0.183813 0.00257657 -0.333748 0.942659 125 165 143
0.0858004 -0.167998 -0.183813 0.0572176 -0.248983 0.966816 129 167 147
0.0983324 -0.167998 -0.183813 0.000834193 -0.200059 0.979784 145 177 148
0.110864 -0.167998 -0.183813 -0.221495 -0.113203 0.968569 150 178 149
0.123396 -0.167998 -0.183813 -0.417238 -0.157919 0.894971 151 178 148
0.140103 -0.166118 -0.164187 -0.496918 -0.117716 0.859776 147 170 134
0.154773 -0.165178 -0.154373 -0.383427 -0.179523 0.905956 146 162 119
0.167357 -0.165178 -0.154373 -0.241943 -0.168363 0.955572 140 158 113
0.17994 -0.165178 -0.154373 -0.25855 -0.217875 0.941107 136 153 104
0.192524 -0.165178 -0.154373 -0.263522 -0.263944 0.927841 131 150 97
0.205107 -0.165178 -0.154373 0.27867 0.237529 -0.93055 129 144 91
0.22207 -0.163298 -0.134747 0.245842 0.238474 -0.939517 125 136 83
-0.305834 -0.132517 0.0517045 -0.097483 0.631787 0.768988 138 43 113
-0.292891 -0.132517 0.0517045 0.10683 -0.650349 -0.752086 159 39 127
-0.279947 -0.132517 0.0517045 -0.163812 0.6556 0.737126 172 42 136
-0.26403 -0.130603 0.0713313 0.24356 -0.578899 -0.778174 179 46 133
-0.251052 -0.130603 0.0713313 -0.314486 0.547327 0.775585 192 47 139
-0.238074 -0.130603 0.0713313 -0.319941 0.50705 0.800336 204 48 139
-0.225096 -0.130603 0.0713313 -0.298784 0.504598 0.810006 220 47 126
-0.209007 -0.128688 0.0909575 -0.334483 0.224454 0.915282 221 44 119
-0.195995 -0.128688 0.0909575 -0.44413 0.150551 0.883223 222 41 100
-0.182983 -0.128688 0.0909575 -0.482716 0.0967524 0.870416 220 39 88
-0.166757 -0.126774 0.110584 -0.346009 -0.00504301 0.938218 190 27 41
-0.153711 -0.126774 0.110584 -0.204375 -0.00394923 0.978885 188 27 32
-0.140665 -0.126774 0.110584 0.167879 -0.0517222 0.98445 184 27 25
-0.127618 -0.126774 0.110584 0.335234 -0.0868734 0.938121 186 29 25
-0.114572 -0.126774 0.110584 0.545756 -0.102905 0.831601 197 37 40
-0.104911 -0.128688 0.0909575 0.737228 -0.135481 0.661921 202 39 42
-0.0953189 -0.130603 0.0713313 0.81163 -0.12236 0.571213 209 43 48
-0.0857952 -0.132517 0.0517045 0.794069 -0.148083 0.589513 223 57 66
-0.0728518 -0.132517 0.0517045 0.792679 -0.15934 0.588448 225 58 68
-0.0681378 -0.150705 -0.134747 0.782444 -0.0335906 0.621815 71 44 80
-0.0555201 -0.150705 -0.134747 0.672905 -0.109362 0.7316 73 43 81
-0.0465622 -0.15262 -0.154373 0.518539 -0.075205 0.85174 51 53 72
-0.0358257 -0.153577 -0.164187 0.368136 -0.0637676 0.927583 50 59 74
-0.0232594 -0.153577 -0.164187 0.341724 -0.118272 0.932329 47 77 76
-0.0106931 -0.153577 -0.164187 0.341238 -0.185256 0.92154 55 87 84
0.0018732 -0.153577 -0.164187 0.31726 -0.263608 0.910965 63 96 94
0.0106083 -0.155492 -0.183813 0.278809 -0.399376 0.873364 75 111 103
0.0231404 -0.155492 -0.183813 0.150216 -0.46537 0.872276 90 121 117
0.0356725 -0.155492 -0.183813 0.0158982 -0.482807 0.875582 101 130 123
0.0482044 -0.155492 -0.183813 -0.0254087 -0.474939 0.879652 114 142 129
0.0607365 -0.155492 -0.183813 0.0187051 -0.424122 0.905412 121 147 133
0.0732683 -0.155492 -0.183813 0.103804 -0.351236 0.930515 129 151 137
0.0858004 -0.155492 -0.183813 0.107858 -0.282811 0.953092 132 153 140
0.0983324 -0.155492 -0.183813 0.0808539 -0.246051 0.965879 141 162 140
0.110864 -0.155492 -0.183813 -0.20372 -0.218416 0.954354 140 162 139
0.127536 -0.153577 -0.164187 -0.479847 -0.0859296 0.873134 144 168 133
0.140103 -0.153577 -0.164187 -0.491146 -0.0960325 0.865768 143 167 128
0.154773 -0.15262 -0.154373 -0.423648 -0.174217 0.888915 137 153 113
0.167357 -0.15262 -0.154373 -0.320149 -0.193385 0.92742 132 151 108
0.17994 -0.15262 -0.154373 -0.30608 -0.220821 0.926042 128 145 99
0.196835 -0.150705 -0.134747 -0.307265 -0.247823 0.918788 122 133 86
0.209453 -0.150705 -0.134747 -0.304174 -0.239887 0.921918 121 130 83
0.22207 -0.150705 -0.134747 0.287054 0.277617 -0.916803 119 127 77
-0.305834 -0.1196 0.0517045 -0.0739185 0.642736 0.762513 137 41 117
-0.292891 -0.1196 0.0517045 0.0820833 -0.650984 -0.75464 161 38 134
-0.279947 -0.1196 0.0517045 -0.157662 0.64251 0.749883 175 41 143
-0.267004 -0.1196 0.0517045 -0.208431 0.644097 0.735999 190 43 151
-0.25406 -0.1196 0.0517045 -0.282934 0.607897 0.741896 202 47 158
-0.238074 -0.117651 0.0713313 -0.370384 0.550166 0.74842 211 50 151
-0.225096 -0.117651 0.0713313 -0.39039 0.505935 0.769172 225 47 137
-0.212119 -0.117651 0.0713313 -0.422815 0.434424 0.795301 229 48 127
-0.195995 -0.115703 0.0909575 -0.499844 0.217509 0.838359 228 43 113
-0.182983 -0.115703 0.0909575 -0.543153 0.146499 0.826754 226 40 99
-0.166757 -0.113754 0.110584 -0.357403 0.0472341 0.932755 198 24 48
-0.153711 -0.113754 0.110584 -0.194933 0.0058399 0.980799 194 23 34
-0.140665 -0.113754 0.110584 0.120083 -0.0406047 0.991933 189 23 26
-0.127618 -0.113754 0.110584 0.299469 -0.0695234 0.95157 191 25 24
-0.114572 -0.113754 0.110584 0.538969 -0.0848265 0.838044 196 33 38
-0.104911 -0.115703 0.0909575 0.741902 -0.043241 0.669112 203 36 40
-0.0953189 -0.117651 0.0713313 0.807706 -0.0538101 0.587125 209 39 45
-0.0823412 -0.117651 0.0713313 0.761355 -0.0792267 0.643476 213 42 50
-0.0728518 -0.1196 0.0517045 0.7619 -0.120433 0.636399 225 55 63
-0.0651922 -0.122523 0.0222646 0.699479 -0.215206 0.68148 247 65 86
-0.0681378 -0.138113 -0.134747 0.706974 -0.0821617 0.702451 63 41 73
-0.0555201 -0.138113 -0.134747 0.678729 -0.0435921 0.733094 64 39 74
-0.0465622 -0.140062 -0.154373 0.544137 -0.0351801 0.838259 44 49 66
-0.0339788 -0.140062 -0.154373 0.403802 -0.00166442 0.914845 42 54 68
-0.0232594 -0.141036 -0.164187 0.216151 -0.0414361 0.97548 39 71 69
-0.0106931 -0.141036 -0.164187 0.211459 -0.139335 0.967404 46 81 78
0.0018732 -0.141036 -0.164187 0.16032 -0.20262 0.966045 55 88 88
0.0144395 -0.141036 -0.164187 0.0891629 -0.254327 0.962999 66 96 99
0.0270058 -0.141036 -0.164187 0.0527719 -0.312553 0.948433 74 105 108
0.0395722 -0.141036 -0.164187 0.025965 -0.342968 0.938988 86 115 117
0.0521385 -0.141036 -0.164187 0.0445943 -0.373481 0.926565 101 127 126
0.0647048 -0.141036 -0.164187 0.100888 -0.376097 0.921072 123 144 134
0.077271 -0.141036 -0.164187 0.165022 -0.367652 0.915205 126 146 137
0.0858004 -0.142985 -0.183813 0.167153 -0.339485 0.92564 126 147 136
0.0983324 -0.142985 -0.183813 0.105566 -0.314813 0.943265 134 155 137
0.110864 -0.142985 -0.183813 -0.148705 -0.294956 0.943869 135 155 136
0.123396 -0.142985 -0.183813 -0.380508 -0.194134 0.904171 133 155 133
0.140103 -0.141036 -0.164187 -0.495594 -0.161037 0.853495 135 157 123
0.154773 -0.140062 -0.154373 -0.503338 -0.1851 0.844031 130 140 105
0.167357 -0.140062 -0.154373 -0.385812 -0.210771 0.898178 126 138 101
0.184217 -0.138113 -0.134747 -0.263191 -0.296078 0.918187 122 125 84
0.196835 -0.138113 -0.134747 -0.302112 -0.287656 0.908836 118 121 79
0.209453 -0.138113 -0.134747 0.327927 0.306573 -0.893575 115 117 75
0.22207 -0.138113 -0.134747 0.298378 0.311038 -0.902345 113 112 69
0.302509 -0.1196 0.0517045 -0.567542 0.351767 0.744416 172 65 155
0.315452 -0.1196 0.0517045 0.542181 -0.357038 -0.760634 163 58 156
-0.320196 -0.107674 0.0418914 -0.0999538 -0.644846 -0.757749 127 42 109
-0.30727 -0.107674 0.0418914 0.00342182 -0.651082 -0.758999 139 40 118
-0.294344 -0.107674 0.0418914 -0.0695284 0.660011 0.748032 151 40 127
-0.281417 -0.107674 0.0418914 -0.111019 0.660097 0.742931 180 41 148
-0.268491 -0.107674 0.0418914 -0.225262 0.670548 0.70684 195 46 157
-0.25406 -0.106683 0.0517045 -0.294871 0.642807 0.707001 205 49 162
-0.241117 -0.106683 0.0517045 -0.371747 0.610745 0.699138 218 54 165
-0.228173 -0.106683 0.0517045 -0.455698 0.587386 0.668817 222 55 168
-0.212119 -0.1047 0.0713313 -0.479686 0.46603 0.74345 233 51 136
-0.195995 -0.102717 0.0909575 -0.567114 0.336238 0.751881 232 45 119
-0.182983 -0.102717 0.0909575 -0.54103 0.215767 0.812854 231 41 108
-0.166757 -0.100734 0.110584 -0.362565 0.0642097 0.929744 202 24 52
-0.153711 -0.100734 0.110584 -0.232577 0.0420044 0.97167 198 22 37
-0.140665 -0.100734 0.110584 0.072505 -0.000677498 0.997368 192 23 27
-0.127618 -0.100734 0.110584 0.273976 -0.0269407 0.961359 193 24 25
-0.114572 -0.100734 0.110584 0.503684 -0.0996036 0.858127 196 33 36
-0.104911 -0.102717 0.0909575 0.755342 -0.00939574 0.655264 204 34 37
-0.0953189 -0.1047 0.0713313 0.794793 -0.0947471 0.59944 209 38 42
-0.0857952 -0.106683 0.0517045 0.741171 -0.128739 0.658856 220 52 56
-0.0728518 -0.106683 0.0517045 0.722353 -0.190189 0.664857 225 53 58
-0.0616695 -0.107674 0.0418914 0.691656 -0.242271 0.68038 230 55 59
-0.0523002 -0.109657 0.0222646 -0.586993 0.237616 -0.773937 238 50 69
-0.0681378 -0.125521 -0.134747 0.707848 -0.0901272 0.700592 57 40 68
-0.0555201 -0.125521 -0.134747 -0.595564 0.0833538 -0.798972 58 38 68
-0.0465622 -0.127504 -0.154373 0.540292 -0.0726903 0.838332 40 48 61
-0.0339788 -0.127504 -0.154373 0.439497 0.0050271 0.89823 37 51 63
-0.0232594 -0.128495 -0.164187 0.153416 -0.0147669 0.988051 34 67 64
-0.0106931 -0.128495 -0.164187 0.150794 -0.0497106 0.987314 40 75 73
0.0018732 -0.128495 -0.164187 0.112713 -0.106741 0.987878 48 83 83
0.0144395 -0.128495 -0.164187 0.0391988 -0.191311 0.980746 59 90 95
0.0270058 -0.128495 -0.164187 0.0475933 -0.237 0.970343 68 100 104
0.0395722 -0.128495 -0.164187 -0.00731607 -0.235912 0.971747 81 110 114
0.0521385 -0.128495 -0.164187 0.0053074 -0.228783 0.973463 95 121 122
0.0647048 -0.128495 -0.164187 0.102227 -0.270621 0.957243 117 140 131
0.077271 -0.128495 -0.164187 0.182843 -0.295742 0.937606 120 141 135
0.0898373 -0.128495 -0.164187 0.166714 -0.358275 0.918611 125 146 136
0.0983324 -0.130478 -0.183813 0.117 -0.352429 0.928496 129 151 132
0.110864 -0.130478 -0.183813 -0.0774107 -0.342048 0.936488 131 153 131
0.123396 -0.130478 -0.183813 -0.303466 -0.271039 0.91348 130 152 129
0.140103 -0.128495 -0.164187 -0.47637 -0.279517 0.833632 129 146 120
0.154773 -0.127504 -0.154373 -0.46922 -0.244507 0.848557 127 135 101
0.167357 -0.127504 -0.154373 -0.417679 -0.269716 0.867639 122 132 98
0.184217 -0.125521 -0.134747 -0.258532 -0.355202 0.898328 118 114 79
0.196835 -0.125521 -0.134747 -0.253022 -0.380958 0.889298 115 111 74
0.209453 -0.125521 -0.134747 0.310878 0.370436 -0.87529 113 106 69
0.22207 -0.125521 -0.134747 0.328229 0.344117 -0.879687 112 105 65
0.300268 -0.107674 0.0418914 0.569243 -0.339869 -0.748633 177 62 158
0.315452 -0.106683 0.0517045 0.497443 -0.320534 -0.806107 164 57 160
0.328396 -0.106683 0.0517045 0.502869 -0.333849 -0.797287 157 54 158
-0.335925 -0.0967912 0.0222646 -0.299197 -0.568467 -0.766372 105 50 108
-0.323033 -0.0967912 0.0222646 -0.223002 -0.598329 -0.769592 112 46 111
-0.310141 -0.0967912 0.0222646 0.12499 0.631851 0.764945 123 37 120
-0.297249 -0.0967912 0.0222646 -0.00371276 0.677667 0.73536 136 32 130
-0.284357 -0.0967912 0.0222646 -0.0400789 0.700942 0.712091 152 30 144
-0.271465 -0.0967912 0.0222646 -0.0825909 0.701084 0.708279 180 31 161
-0.258573 -0.0967912 0.0222646 -0.248464 0.672912 0.696747 190 35 166
-0.242638 -0.0947741 0.0418914 -0.390526 0.636007 0.665571 217 54 171
-0.228173 -0.0937655 0.0517045 -0.479074 0.550076 0.684036 224 60 176
-0.21523 -0.0937655 0.0517045 -0.556392 0.513445 0.653301 239 58 160
-0.199141 -0.0917483 0.0713313 -0.600355 0.412689 0.685027 241 49 125
-0.182983 -0.0897311 0.0909575 -0.617905 0.283492 0.733366 237 44 118
-0.166757 -0.0877139 0.110584 -0.433253 0.101108 0.895583 216 21 64
-0.153711 -0.0877139 0.110584 -0.229533 0.0575786 0.971596 210 19 46
-0.140665 -0.0877139 0.110584 0.00608828 0.010717 0.999924 205 19 36
-0.127618 -0.0877139 0.110584 0.20568 -0.0444224 0.977611 202 19 26
-0.114572 -0.0877139 0.110584 0.460821 -0.0769936 0.884147 203 30 32
-0.104911 -0.0897311 0.0909575 0.742833 -0.00392915 0.669465 205 31 33
-0.0953189 -0.0917483 0.0713313 0.772409 -0.117681 0.624128 211 35 38
-0.0857952 -0.0937655 0.0517045 0.715908 -0.173392 0.676322 219 50 50
-0.0728518 -0.0937655 0.0517045 0.667287 -0.219554 0.711705 225 51 53
-0.0616695 -0.0947741 0.0418914 0.65874 -0.260963 0.705663 230 52 51
-0.0523002 -0.0967912 0.0222646 -0.515626 0.248842 -0.819882 236 47 55
-0.0555201 -0.112929 -0.134747 -0.553246 0.131938 -0.822503 53 40 62
-0.0465622 -0.114946 -0.154373 -0.523314 0.0872027 -0.847666 36 50 59
-0.0358257 -0.115954 -0.164187 0.419613 -0.102268 0.901924 34 52 60
-0.0232594 -0.115954 -0.164187 0.137819 -0.0958401 0.98581 32 59 62
-0.0106931 -0.115954 -0.164187 0.0973752 -0.110725 0.989069 36 66 70
0.0018732 -0.115954 -0.164187 0.0262461 -0.127004 0.991555 43 72 81
0.0144395 -0.115954 -0.164187 0.00970494 -0.111743 0.99369 54 79 93
0.0270058 -0.115954 -0.164187 0.0229457 -0.0920235 0.995492 63 88 103
0.0395722 -0.115954 -0.164187 0.0227086 -0.0593672 0.997978 75 98 112
0.0521385 -0.115954 -0.164187 0.0153489 -0.0294714 0.999448 88 109 122
0.0647048 -0.115954 -0.164187 0.0153089 -0.0984571 0.995024 110 129 130
0.077271 -0.115954 -0.164187 0.0586027 -0.235694 0.970059 114 132 133
0.0898373 -0.115954 -0.164187 0.0777927 -0.35182 0.932829 118 136 134
0.102404 -0.115954 -0.164187 0.0419393 -0.43092 0.901415 121 137 133
0.11497 -0.115954 -0.164187 -0.126709 -0.414893 0.901004 125 137 129
0.127536 -0.115954 -0.164187 -0.320789 -0.414316 0.851726 126 137 123
0.140103 -0.115954 -0.164187 -0.441525 -0.36186 0.821044 125 133 115
0.158982 -0.112929 -0.134747 -0.451313 -0.401962 0.796708 126 109 88
0.171599 -0.112929 -0.134747 -0.377456 -0.401969 0.834235 121 106 81
0.184217 -0.112929 -0.134747 -0.276757 -0.387916 0.879162 120 100 72
0.196835 -0.112929 -0.134747 -0.267318 -0.384925 0.883388 118 98 67
0.209453 -0.112929 -0.134747 -0.257207 -0.374317 0.890916 117 100 63
0.22207 -0.112929 -0.134747 0.273846 0.401549 -0.873937 117 99 59
0.300268 -0.0947741 0.0418914 0.569243 -0.339869 -0.748633 178 59 162
0.313194 -0.0947741 0.0418914 0.557817 -0.336017 -0.758902 168 52 163
0.32612 -0.0947741 0.0418914 0.497443 -0.320534 -0.806107 162 48 163
-0.335925 -0.0839252 0.0222646 -0.351239 -0.445951 -0.823261 102 52 110
-0.323033 -0.0839252 0.0222646 0.26367 0.49062 0.830524 111 47 114
-0.310141 -0.0839252 0.0222646 0.113472 0.58024 0.806502 124 37 122
-0.297249 -0.0839252 0.0222646 0.0308227 0.610052 0.791762 137 32 132
-0.284357 -0.0839252 0.0222646 0.0160813 0.601755 0.798519 152 30 145
-0.271465 -0.0839252 0.0222646 -0.135033 0.652353 0.745789 180 31 161
-0.258573 -0.0839252 0.0222646 -0.276816 0.647597 0.709923 189 36 167
-0.245681 -0.0839252 0.0222646 -0.373491 0.630173 0.680725 202 39 172
-0.229712 -0.0818738 0.0418914 -0.521393 0.554785 0.648355 224 57 179
-0.21523 -0.0808481 0.0517045 -0.571238 0.48513 0.662069 241 60 169
-0.202287 -0.0808481 0.0517045 -0.610929 0.444059 0.655421 245 60 155
-0.186163 -0.0787967 0.0713313 0.676935 -0.346061 -0.649616 243 48 124
-0.169971 -0.0767453 0.0909575 -0.549813 0.241863 0.799505 237 31 99
-0.153711 -0.0746939 0.110584 -0.296109 0.154945 0.942503 214 17 51
-0.140665 -0.0746939 0.110584 -0.0723724 0.037121 0.996687 208 17 39
-0.127618 -0.0746939 0.110584 0.172325 -0.056418 0.983423 206 18 29
-0.114572 -0.0746939 0.110584 0.424518 -0.0925168 0.90068 204 29 28
-0.104911 -0.0767453 0.0909575 0.701015 -0.0380061 0.712133 211 29 27
-0.0953189 -0.0787967 0.0713313 0.776823 -0.109837 0.620067 211 33 35
-0.0823412 -0.0787967 0.0713313 0.663807 -0.0720851 0.744422 213 36 40
-0.0728518 -0.0808481 0.0517045 0.622608 -0.135801 0.77066 223 49 47
-0.0599084 -0.0808481 0.0517045 0.574692 -0.232008 0.784794 228 50 46
-0.0487432 -0.0818738 0.0418914 -0.524303 0.287348 -0.801584 231 50 45
-0.039408 -0.0839252 0.0222646 -0.440689 0.330104 -0.83476 234 46 48
-0.0265161 -0.0839252 0.0222646 -0.425343 0.36116 -0.829847 233 45 45
-0.0465622 -0.102388 -0.154373 -0.451813 0.123464 -0.883528 35 50 57
-0.0358257 -0.103414 -0.164187 -0.380964 0.143334 -0.913412 32 52 58
-0.0232594 -0.103414 -0.164187 0.201173 -0.163735 0.965774 29 57 60
-0.0106931 -0.103414 -0.164187 0.0694973 -0.177947 0.981583 32 61 68
0.0018732 -0.103414 -0.164187 0.00232263 -0.201767 0.979431 37 66 79
0.0144395 -0.103414 -0.164187 0.0236089 -0.188785 0.981735 47 71 91
0.0270058 -0.103414 -0.164187 0.0427137 -0.178595 0.982995 55 79 101
0.0395722 -0.103414 -0.164187 0.0371523 -0.16315 0.985901 69 87 112
0.0521385 -0.103414 -0.164187 0.0439976 -0.13046 0.990477 82 99 121
0.0647048 -0.103414 -0.164187 0.00924614 -0.122818 0.992386 104 117 131
0.077271 -0.103414 -0.164187 -0.0156212 -0.259485 0.965621 108 119 133
0.0898373 -0.103414 -0.164187 -0.00243204 -0.418723 0.908111 114 124 133
0.102404 -0.103414 -0.164187 0.0177274 -0.497755 0.867137 118 128 131
0.11497 -0.103414 -0.164187 -0.137789 -0.511079 0.848418 122 130 127
0.127536 -0.103414 -0.164187 -0.319108 -0.44539 0.836539 122 130 122
0.14219 -0.102388 -0.154373 -0.40634 -0.482706 0.775811 122 127 114
0.158982 -0.100337 -0.134747 -0.423454 -0.502975 0.753461 125 108 86
0.171599 -0.100337 -0.134747 -0.338327 -0.485994 0.805819 120 102 80
0.184217 -0.100337 -0.134747 -0.254816 -0.486226 0.835855 120 94 69
0.201146 -0.0982851 -0.115121 -0.24103 -0.493847 0.835476 135 79 50
0.213798 -0.0982851 -0.115121 0.280503 0.521249 -0.805988 133 81 49
0.22645 -0.0982851 -0.115121 0.340347 0.521388 -0.782508 132 81 47
0.295785 -0.0839252 0.0222646 0.639719 -0.342339 -0.68816 188 73 162
0.313194 -0.0818738 0.0418914 0.557817 -0.336017 -0.758902 171 53 169
0.32612 -0.0818738 0.0418914 0.411825 -0.293906 -0.862566 166 47 169
0.339047 -0.0818738 0.0418914 0.413424 -0.313943 -0.854705 159 48 166
-0.348817 -0.0710592 0.0222646 -0.474602 -0.255937 -0.842169 90 62 114
-0.335925 -0.0710592 0.0222646 -0.412844 -0.359478 -0.836861 94 56 112
-0.32587 -0.0731448 0.00263842 0.318991 0.254192 0.913034 98 50 115
-0.313012 -0.0731448 0.00263842 0.205961 0.331888 0.92056 107 41 120
-0.300154 -0.0731448 0.00263842 0.093684 0.418994 0.903143 119 32 127
-0.287297 -0.0731448 0.00263842 0.0313602 0.46015 0.887287 138 23 139
-0.274439 -0.0731448 0.00263842 -0.0199452 0.564775 0.825004 151 21 147
-0.261581 -0.0731448 0.00263842 -0.111266 0.59791 0.793803 165 25 155
-0.248723 -0.0731448 0.00263842 -0.262881 0.63387 0.727395 195 31 164
-0.232789 -0.0710592 0.0222646 -0.531666 0.553254 0.641281 209 40 176
-0.216786 -0.0689736 0.0418914 -0.614158 0.482697 0.62435 236 60 180
-0.202287 -0.0679308 0.0517045 0.677326 -0.399198 -0.617957 250 60 160
-0.186163 -0.0658452 0.0713313 0.709731 -0.351885 -0.610294 249 47 136
-0.169971 -0.0637596 0.0909575 -0.620449 0.337603 0.707861 240 32 103
-0.153711 -0.0616739 0.110584 -0.290724 0.175797 0.940518 216 18 53
-0.140665 -0.0616739 0.110584 -0.24455 0.176268 0.95348 212 19 42
-0.127618 -0.0616739 0.110584 -0.0110544 0.0685749 0.997585 209 19 32
-0.114572 -0.0616739 0.110584 0.336578 0.00303625 0.941651 205 30 27
-0.101526 -0.0616739 0.110584 0.693494 -0.116181 0.711033 209 30 30
-0.0953189 -0.0658452 0.0713313 0.781975 -0.170286 0.599598 215 32 29
-0.0823412 -0.0658452 0.0713313 0.697282 -0.159568 0.698811 218 35 35
-0.0693634 -0.0658452 0.0713313 0.584319 -0.122809 0.802177 221 44 40
-0.0599084 -0.0679308 0.0517045 0.505489 -0.147905 0.850062 228 49 41
-0.0487432 -0.0689736 0.0418914 0.489879 -0.193299 0.850091 230 49 39
-0.0358169 -0.0689736 0.0418914 0.453582 -0.253312 0.854457 230 47 31
-0.0228906 -0.0689736 0.0418914 -0.336202 0.296242 -0.893985 227 49 26
-0.0136241 -0.0710592 0.0222646 -0.391872 0.377141 -0.839167 227 48 25
-0.0339788 -0.0898299 -0.154373 -0.313388 0.217683 -0.924339 32 51 56
-0.0213953 -0.0898299 -0.154373 -0.158167 0.194757 -0.968015 30 54 60
-0.00881187 -0.0898299 -0.154373 0.055418 -0.217269 0.974537 32 57 67
0.00377154 -0.0898299 -0.154373 0.0165017 -0.235226 0.971801 38 60 78
0.0163549 -0.0898299 -0.154373 0.0334991 -0.234125 0.971629 46 65 90
0.0289385 -0.0898299 -0.154373 0.04047 -0.224391 0.973658 55 73 100
0.0395722 -0.0908727 -0.164187 0.0514396 -0.19098 0.980245 66 80 110
0.0521385 -0.0908727 -0.164187 0.0223138 -0.184927 0.982499 82 87 121
0.0647048 -0.0908727 -0.164187 -0.0410143 -0.265197 0.963322 103 103 130
0.077271 -0.0908727 -0.164187 -0.0698893 -0.334798 0.939695 106 105 132
0.0918558 -0.0898299 -0.154373 -0.0767275 -0.524217 0.848121 114 112 131
0.104439 -0.0898299 -0.154373 -0.106674 -0.639777 0.761122 118 115 129
0.117023 -0.0898299 -0.154373 -0.188354 -0.679339 0.70924 121 121 124
0.129606 -0.0898299 -0.154373 -0.275512 -0.656172 0.702518 121 120 120
0.146364 -0.0877443 -0.134747 -0.308962 -0.662243 0.682625 132 103 94
0.158982 -0.0877443 -0.134747 -0.340527 -0.602215 0.722066 128 93 83
0.175842 -0.0856587 -0.115121 -0.243071 -0.593464 0.767279 144 77 67
0.188494 -0.0856587 -0.115121 -0.242941 -0.607311 0.756408 140 73 51
0.201146 -0.0856587 -0.115121 0.22505 0.609894 -0.759856 137 76 48
0.215971 -0.0846158 -0.105307 0.266876 0.604827 -0.750307 147 77 48
0.295785 -0.0710592 0.0222646 0.567736 -0.351935 -0.744189 182 67 161
0.313194 -0.0689736 0.0418914 0.515361 -0.319287 -0.795273 168 51 172
0.32612 -0.0689736 0.0418914 0.411825 -0.293906 -0.862566 164 44 172
0.339047 -0.0689736 0.0418914 0.409997 -0.299739 -0.861428 157 42 169
-0.348817 -0.0581932 0.0222646 -0.489438 -0.125659 -0.862937 86 66 119
-0.335925 -0.0581932 0.0222646 -0.462577 -0.177686 -0.868591 91 63 118
-0.32587 -0.0603131 0.00263842 0.35894 0.209738 0.90949 96 51 119
-0.313012 -0.0603131 0.00263842 0.281679 0.275238 0.919185 105 42 123
-0.300154 -0.0603131 0.00263842 0.168615 0.324012 0.930905 116 32 129
-0.287297 -0.0603131 0.00263842 0.0947973 0.439895 0.893032 133 24 139
-0.274439 -0.0603131 0.00263842 0.0536144 0.530132 0.846218 148 20 147
-0.261581 -0.0603131 0.00263842 -0.110419 0.60062 0.791874 160 22 153
-0.248723 -0.0603131 0.00263842 -0.257282 0.59198 0.763783 188 26 162
-0.232789 -0.0581932 0.0222646 -0.555684 0.537354 0.634402 207 37 174
-0.219897 -0.0581932 0.0222646 -0.61354 0.495961 0.614485 220 45 178
-0.202287 -0.0550135 0.0517045 0.712368 -0.364539 -0.599703 254 65 172
-0.189343 -0.0550135 0.0517045 0.706012 -0.326146 -0.62863 253 63 169
-0.169971 -0.0507738 0.0909575 -0.636179 0.341668 0.691765 239 34 104
-0.153711 -0.048654 0.110584 -0.412591 0.304544 0.8585 219 22 57
-0.140665 -0.048654 0.110584 -0.29442 0.240185 0.925001 213 22 45
-0.127618 -0.048654 0.110584 0.170982 -0.16392 -0.971543 210 22 33
-0.114572 -0.048654 0.110584 -0.218372 -0.109127 -0.969745 207 31 27
-0.101526 -0.048654 0.110584 0.691523 -0.116123 0.712959 210 32 30
-0.0953189 -0.0528936 0.0713313 0.778228 -0.195976 0.596619 217 33 28
-0.0823412 -0.0528936 0.0713313 0.737431 -0.20473 0.643646 219 36 31
-0.0728518 -0.0550135 0.0517045 0.53529 -0.10021 0.838703 224 47 32
-0.0599084 -0.0550135 0.0517045 0.481401 -0.0277547 0.876061 228 50 32
-0.0487432 -0.0560734 0.0418914 0.393337 -0.113969 0.912303 230 49 34
-0.0358169 -0.0560734 0.0418914 0.341721 -0.165571 0.925102 230 46 30
-0.0228906 -0.0560734 0.0418914 0.324225 -0.23662 0.915909 227 48 25
-0.0136241 -0.0581932 0.0222646 0.29462 -0.265267 0.918059 227 47 25
-0.000731865 -0.0581932 0.0222646 -0.300945 0.340022 -0.890964 226 48 20
-0.0213953 -0.0772719 -0.154373 -0.146806 0.236611 -0.96045 37 54 63
-0.00881187 -0.0772719 -0.154373 -0.0552006 0.252046 -0.966139 40 52 71
0.00377154 -0.0772719 -0.154373 -0.0287282 0.256506 -0.966116 46 53 85
0.0163549 -0.0772719 -0.154373 -0.0452197 0.27321 -0.960891 53 57 95
0.0289385 -0.0772719 -0.154373 -0.0530851 0.253334 -0.965921 63 65 104
0.0415219 -0.0772719 -0.154373 0.00802684 0.330125 -0.943903 70 68 110
0.0541055 -0.0772719 -0.154373 0.0531907 0.390627 -0.919011 97 78 127
0.0666889 -0.0772719 -0.154373 0.0679595 0.378013 -0.923303 106 82 133
0.083275 -0.075152 -0.134747 0.18835 0.710528 -0.677993 117 88 128
0.0958929 -0.075152 -0.134747 0.173778 0.735706 -0.654628 124 91 129
0.112582 -0.0730322 -0.115121 -0.1254 -0.758334 0.63969 175 86 104
0.125234 -0.0730322 -0.115121 -0.15871 -0.736827 0.657189 170 83 98
0.137886 -0.0730322 -0.115121 -0.175218 -0.708962 0.683133 162 81 87
0.150538 -0.0730322 -0.115121 -0.214484 -0.656267 0.723402 156 80 82
0.16319 -0.0730322 -0.115121 -0.192501 -0.613031 0.766249 150 78 76
0.177963 -0.0719722 -0.105307 -0.269289 -0.621734 0.73548 158 74 60
0.190632 -0.0719722 -0.105307 -0.275153 -0.615427 0.738607 155 73 53
0.203302 -0.0719722 -0.105307 0.242462 0.609771 -0.754581 151 71 48
0.220316 -0.0698524 -0.0856807 -0.343306 -0.588313 0.73214 169 70 46
0.23521 -0.0687925 -0.0758676 0.457202 0.561797 -0.689456 163 70 47
0.252344 -0.0666726 -0.0562408 0.515104 0.508672 -0.68987 165 73 56
0.269548 -0.0645528 -0.0366146 0.712766 0.18121 -0.677589 164 76 87
0.308677 -0.0581932 0.0222646 -0.563581 0.366054 0.740527 177 66 163
0.32612 -0.0560734 0.0418914 0.41733 -0.307787 -0.855045 163 45 174
0.339047 -0.0560734 0.0418914 0.41733 -0.307787 -0.855045 156 43 171
0.351973 -0.0560734 0.0418914 0.378345 -0.322207 -0.867777 152 40 172
-0.348817 -0.0453273 0.0222646 -0.496245 -0.0702191 -0.865338 81 72 125
-0.335925 -0.0453273 0.0222646 0.468965 0.0647788 0.880838 87 66 122
-0.32587 -0.0474813 0.00263842 0.423796 0.0626062 0.903591 87 57 122
-0.313012 -0.0474813 0.00263842 0.338938 0.138259 0.930594 95 47 122
-0.300154 -0.0474813 0.00263842 0.225007 0.158432 0.96139 106 36 127
-0.287297 -0.0474813 0.00263842 0.194197 0.313212 0.929616 122 27 135
-0.275926 -0.0485584 -0.00717469 0.218198 0.429096 0.876508 137 21 144
-0.263085 -0.0485584 -0.00717469 0.00146973 0.523037 0.852308 154 19 150
-0.250245 -0.0485584 -0.00717469 -0.265728 0.549725 0.791954 169 21 156
-0.235866 -0.0474813 0.00263842 -0.5229 0.48365 0.701896 196 24 165
-0.223008 -0.0474813 0.00263842 -0.63176 0.422593 0.649842 208 30 172
-0.203859 -0.0431732 0.0418914 0.732021 -0.307787 -0.607793 255 66 179
-0.189343 -0.0420962 0.0517045 0.72877 -0.279314 -0.625202 255 65 173
-0.173185 -0.0399422 0.0713313 0.698579 -0.291823 -0.65332 250 46 127
-0.156959 -0.0377881 0.0909575 -0.561449 0.343945 0.752646 235 34 89
-0.143947 -0.0377881 0.0909575 -0.494827 0.313408 0.810507 225 31 63
-0.127618 -0.035634 0.110584 -0.227943 0.222239 0.947973 212 24 36
-0.114572 -0.035634 0.110584 0.0174007 -0.130994 -0.99123 207 33 26
-0.101526 -0.035634 0.110584 -0.587765 0.0913726 -0.803855 212 34 29
-0.0953189 -0.0399422 0.0713313 0.741573 -0.158072 0.651984 217 37 25
-0.0823412 -0.0399422 0.0713313 0.746147 -0.190815 0.637851 220 39 29
-0.0728518 -0.0420962 0.0517045 0.578033 -0.0797516 0.812107 224 48 30
-0.0599084 -0.0420962 0.0517045 0.500957 -0.0241127 0.865136 227 50 29
-0.0487432 -0.0431732 0.0418914 0.322634 -0.0320869 0.94598 229 52 26
-0.0358169 -0.0431732 0.0418914 0.221482 -0.113548 0.968531 231 51 17
-0.0228906 -0.0431732 0.0418914 0.26834 -0.199408 0.942459 229 54 14
-0.0099643 -0.0431732 0.0418914 0.2728 -0.276937 0.92135 228 52 12
0.00296216 -0.0431732 0.0418914 -0.263337 0.358545 -0.8956 227 53 10
0.0121601 -0.0453273 0.0222646 -0.165846 0.324282 -0.931309 227 49 16
0.025052 -0.0453273 0.0222646 -0.0529052 0.358419 -0.932061 229 51 16
0.0379441 -0.0453273 0.0222646 -0.0478599 0.473089 -0.879714 229 53 16
0.0546674 -0.0431732 0.0418914 -0.0335668 0.493735 -0.868964 228 56 10
0.0675937 -0.0431732 0.0418914 -0.0526481 0.492546 -0.868693 229 57 11
0.0766203 -0.0453273 0.0222646 -0.0666258 0.52487 -0.848571 232 63 13
0.101948 -0.0593286 -0.105307 -0.111162 -0.730702 0.673586 185 92 108
0.114617 -0.0593286 -0.105307 -0.0954458 -0.724929 0.682179 185 88 105
0.127286 -0.0593286 -0.105307 -0.122936 -0.68476 0.718325 182 85 100
0.139956 -0.0593286 -0.105307 -0.0950314 -0.639326 0.76304 175 82 91
0.152625 -0.0593286 -0.105307 -0.143887 -0.647421 0.748427 171 80 85
0.169502 -0.0571746 -0.0856807 -0.190239 -0.582443 0.790297 187 75 68
0.182206 -0.0571746 -0.0856807 -0.231474 -0.570243 0.788189 180 70 59
0.194909 -0.0571746 -0.0856807 -0.305797 -0.57338 0.760081 175 69 54
0.207613 -0.0571746 -0.0856807 -0.343306 -0.588313 0.73214 172 67 48
0.222489 -0.0560976 -0.0758676 -0.364749 -0.616249 0.697994 163 67 44
0.239589 -0.0539436 -0.0562408 0.453281 0.545702 -0.704802 171 67 51
0.252344 -0.0539436 -0.0562408 0.534493 0.447416 -0.717033 165 67 54
0.269548 -0.0517894 -0.0366146 0.478139 0.437965 -0.761295 162 72 79
0.289061 -0.0485584 -0.00717469 -0.618073 0.244402 0.747164 160 67 119
0.308677 -0.0453273 0.0222646 -0.561093 0.399735 0.724836 170 63 157
0.32612 -0.0431732 0.0418914 0.513271 -0.377997 -0.770501 154 48 167
0.339047 -0.0431732 0.0418914 0.457709 -0.394049 -0.797012 148 46 166
0.351973 -0.0431732 0.0418914 0.414506 -0.446264 -0.793116 143 44 165
-0.361709 -0.0324613 0.0222646 -0.530032 -0.00552857 -0.84796 81 113 143
-0.348817 -0.0324613 0.0222646 -0.500912 -0.0233566 -0.865183 69 89 137
-0.335925 -0.0324613 0.0222646 0.463813 0.0329712 0.885319 77 84 134
-0.32587 -0.0346496 0.00263842 0.48704 0.0190538 0.873172 83 62 124
-0.313012 -0.0346496 0.00263842 0.394895 0.0793819 0.915291 92 52 125
-0.300154 -0.0346496 0.00263842 0.304803 0.144218 0.941433 99 41 127
-0.288767 -0.0357437 -0.00717469 0.388217 0.279034 0.878309 116 31 135
-0.2789 -0.037932 -0.0268015 0.292579 0.429376 0.85442 120 23 124
-0.266094 -0.037932 -0.0268015 0.0418204 0.471306 0.880977 135 21 130
-0.253287 -0.037932 -0.0268015 -0.148987 0.436578 0.887245 147 21 136
-0.237404 -0.0357437 -0.00717469 -0.530464 0.380419 0.757555 194 20 165
-0.224563 -0.0357437 -0.00717469 -0.621534 0.30302 0.722409 207 27 172
-0.207005 -0.0324613 0.0222646 0.740105 -0.287391 -0.60799 228 38 187
-0.190933 -0.0302729 0.0418914 0.736796 -0.239723 -0.63219 255 70 184
-0.173185 -0.0269906 0.0713313 -0.685765 0.215243 0.695268 251 56 139
-0.160208 -0.0269906 0.0713313 0.689053 -0.250708 -0.679964 246 47 120
-0.143947 -0.0248022 0.0909575 -0.531597 0.277559 0.800228 231 37 74
-0.130935 -0.0248022 0.0909575 -0.362067 0.297251 0.883487 225 36 56
-0.114572 -0.022614 0.110584 -0.176037 0.175767 0.968564 210 37 26
-0.101526 -0.022614 0.110584 -0.270232 0.0526788 -0.961353 214 38 29
-0.0918991 -0.0248022 0.0909575 0.662345 -0.217147 0.71704 221 46 27
-0.0823412 -0.0269906 0.0713313 0.743573 -0.24121 0.623632 220 46 26
-0.0693634 -0.0269906 0.0713313 0.672153 -0.261147 0.692829 224 56 31
-0.0599084 -0.0291789 0.0517045 0.482213 -0.144827 0.864 229 53 27
-0.0487432 -0.0302729 0.0418914 0.289272 -0.14647 0.945975 231 54 24
-0.0358169 -0.0302729 0.0418914 0.166522 -0.155819 0.973648 232 54 15
-0.0228906 -0.0302729 0.0418914 0.197025 -0.218572 0.955724 231 55 12
-0.0099643 -0.0302729 0.0418914 0.192596 -0.269872 0.943438 230 54 10
0.00296216 -0.0302729 0.0418914 0.20881 -0.367429 0.906308 229 55 8
0.0121601 -0.0324613 0.0222646 -0.112108 0.383385 -0.91676 233 53 14
0.025052 -0.0324613 0.0222646 0.00948934 -0.396395 0.918031 233 54 16
0.0379441 -0.0324613 0.0222646 -0.0143703 0.453532 -0.891124 232 55 16
0.0546674 -0.0302729 0.0418914 -0.0471201 -0.465195 0.883953 230 58 11
0.0675937 -0.0302729 0.0418914 0.0112211 -0.469909 0.882644 229 56 12
0.0766203 -0.0324613 0.0222646 -0.075641 0.514542 -0.854122 234 60 20
0.0895124 -0.0324613 0.0222646 -0.103422 0.487095 -0.867204 235 62 24
0.102404 -0.0324613 0.0222646 -0.125568 0.463207 -0.87731 237 63 26
0.105985 -0.0444968 -0.0856807 0.119892 0.644418 -0.755216 194 91 109
0.118688 -0.0444968 -0.0856807 0.126671 0.627631 -0.768137 195 86 105
0.131392 -0.0444968 -0.0856807 -0.0927643 -0.594502 0.798725 194 84 102
0.139956 -0.0466851 -0.105307 -0.0959236 -0.610378 0.786281 181 75 90
0.152625 -0.0466851 -0.105307 -0.148255 -0.583397 0.798541 177 72 85
0.169502 -0.0444968 -0.0856807 -0.153761 -0.586545 0.795187 185 71 70
0.182206 -0.0444968 -0.0856807 -0.219864 -0.567543 0.793445 180 67 62
0.194909 -0.0444968 -0.0856807 -0.279538 -0.575701 0.768392 174 66 55
0.209769 -0.0434027 -0.0758676 -0.365428 -0.647709 0.668533 172 62 54
0.222489 -0.0434027 -0.0758676 0.361947 0.65301 -0.665261 166 66 45
0.239589 -0.0412144 -0.0562408 0.456606 0.55527 -0.695116 167 65 48
0.256759 -0.0390261 -0.0366146 -0.483004 -0.468342 0.73984 165 68 64
0.271772 -0.037932 -0.0268015 0.421524 0.345302 -0.838501 164 69 81
0.289061 -0.0357437 -0.00717469 -0.594168 0.118525 0.79556 158 64 116
0.301902 -0.0357437 -0.00717469 -0.622398 0.187417 0.759931 156 64 121
0.321569 -0.0324613 0.0222646 -0.516743 0.469725 0.715776 150 52 151
0.339047 -0.0302729 0.0418914 0.425478 -0.486841 -0.76286 144 48 161
0.351973 -0.0302729 0.0418914 0.385181 -0.483612 -0.785974 139 46 160
0.364899 -0.0302729 0.0418914 0.308006 -0.513215 -0.801088 132 44 160
-0.361709 -0.0195953 0.0222646 -0.570568 -0.0672111 -0.818495 81 114 149
-0.348817 -0.0195953 0.0222646 0.533394 0.0344591 0.845165 69 91 141
-0.335925 -0.0195953 0.0222646 0.468415 0.0741658 0.88039 78 86 138
-0.32587 -0.0218178 0.00263842 0.494998 0.0791293 0.865283 78 68 125
-0.313012 -0.0218178 0.00263842 0.476137 0.0833496 0.875412 86 58 124
-0.301607 -0.0229291 -0.00717469 0.485115 0.202334 0.85072 93 46 126
-0.288767 -0.0229291 -0.00717469 0.472733 0.254156 0.843759 107 38 129
-0.2789 -0.0251515 -0.0268015 0.337183 0.417801 0.843653 109 26 118
-0.266094 -0.0251515 -0.0268015 -0.0232588 0.366807 0.930006 125 21 124
-0.253287 -0.0251515 -0.0268015 -0.277977 0.294502 0.914329 136 20 129
-0.237404 -0.0229291 -0.00717469 -0.577877 0.259947 0.773618 188 16 163
-0.224563 -0.0229291 -0.00717469 -0.629151 0.262448 0.731635 204 24 173
-0.207005 -0.0195953 0.0222646 0.760007 -0.200061 -0.618357 228 37 189
-0.190933 -0.0173728 0.0418914 0.760879 -0.203705 -0.616091 255 77 189
-0.1764 -0.0162615 0.0517045 0.737087 -0.164144 -0.655561 255 73 177
-0.160208 -0.014039 0.0713313 -0.690134 0.153311 0.707256 250 57 139
-0.143947 -0.0118166 0.0909575 -0.553688 0.204654 0.807184 234 40 76
-0.130935 -0.0118166 0.0909575 -0.414683 0.179689 0.892048 229 38 58
-0.114572 -0.00959404 0.110584 -0.109177 0.0200617 0.99382 213 48 29
-0.101526 -0.00959404 0.110584 0.0495253 0.00568291 -0.998757 217 49 32
-0.0918991 -0.0118166 0.0909575 0.499865 -0.362523 0.786583 221 50 27
-0.0788871 -0.0118166 0.0909575 0.668945 -0.381879 0.637716 224 54 29
-0.0693634 -0.014039 0.0713313 0.647355 -0.343454 0.680419 224 58 30
-0.0599084 -0.0162615 0.0517045 0.524426 -0.277635 0.80492 231 55 26
-0.0487432 -0.0173728 0.0418914 0.356845 -0.216316 0.908774 232 58 23
-0.0358169 -0.0173728 0.0418914 0.105526 -0.169413 0.979879 234 60 15
-0.0228906 -0.0173728 0.0418914 0.0715648 -0.191003 0.978977 234 61 11
-0.0099643 -0.0173728 0.0418914 0.112353 -0.270364 0.95618 234 59 9
0.00296216 -0.0173728 0.0418914 0.141097 -0.367903 0.919097 233 60 8
0.0158885 -0.0173728 0.0418914 0.105857 -0.416904 0.902765 232 59 8
0.0288146 -0.0173728 0.0418914 -0.0151929 -0.424898 0.905114 233 61 11
0.041741 -0.0173728 0.0418914 -0.0963236 -0.380882 0.919593 232 61 11
0.0546674 -0.0173728 0.0418914 -0.0494224 -0.388222 0.92024 233 62 13
0.0675937 -0.0173728 0.0418914 0.0530308 -0.389558 0.919474 232 61 14
0.08052 -0.0173728 0.0418914 0.156966 -0.389477 0.907562 232 58 15
0.0934465 -0.0173728 0.0418914 0.145657 -0.413444 0.898804 233 59 18
0.106373 -0.0173728 0.0418914 -0.110043 0.52707 -0.842667 234 59 21
0.115296 -0.0195953 0.0222646 -0.186096 0.484123 -0.854981 237 65 30
0.118688 -0.031819 -0.0856807 -0.117262 -0.613913 0.780616 192 85 106
0.131392 -0.031819 -0.0856807 -0.0927643 -0.594502 0.798725 192 81 101
0.144096 -0.031819 -0.0856807 -0.0931702 -0.595933 0.797611 191 75 90
0.156799 -0.031819 -0.0856807 -0.108613 -0.589452 0.800469 191 71 85
0.171607 -0.0307078 -0.0758676 0.172299 0.575544 -0.799414 189 69 78
0.184327 -0.0307078 -0.0758676 0.253276 0.653621 -0.713183 187 65 67
0.197048 -0.0307078 -0.0758676 -0.337191 -0.661688 0.66968 182 64 59
0.209769 -0.0307078 -0.0758676 -0.369235 -0.642485 0.671475 177 60 54
0.23118 -0.0262628 -0.0366146 -0.34129 -0.639469 0.688913 181 67 51
0.246159 -0.0251515 -0.0268015 -0.303871 -0.493093 0.815182 172 66 59
0.258966 -0.0251515 -0.0268015 -0.404121 -0.395705 0.824684 169 66 66
0.271772 -0.0251515 -0.0268015 -0.431208 -0.302722 0.849952 164 65 77
0.289061 -0.0229291 -0.00717469 -0.524352 -0.0073935 0.851469 153 61 111
0.301902 -0.0229291 -0.00717469 -0.495907 0.220154 0.840005 152 60 116
0.321569 -0.0195953 0.0222646 -0.471585 0.492919 0.731189 146 49 147
0.334461 -0.0195953 0.0222646 -0.423263 0.539603 0.727789 142 49 144
0.347353 -0.0195953 0.0222646 0.312482 -0.564576 -0.763943 138 48 145
0.364899 -0.0173728 0.0418914 0.239866 -0.540086 -0.806704 127 44 155
-0.361709 -0.00672927 0.0222646 -0.63339 -0.10524 -0.766643 77 118 160
-0.348817 -0.00672927 0.0222646 0.572102 0.130073 0.809803 66 98 148
-0.335925 -0.00672927 0.0222646 0.537022 0.143479 0.831277 74 93 144
-0.32587 -0.00898595 0.00263842 0.497021 0.144336 0.85565 64 86 127
-0.313012 -0.00898595 0.00263842 0.580307 0.213166 0.786005 70 76 123
-0.301607 -0.0101144 -0.00717469 0.53699 0.294096 0.790664 74 69 121
-0.288767 -0.0101144 -0.00717469 0.503389 0.36336 0.783945 85 60 121
-0.2789 -0.0123711 -0.0268015 -0.337742 -0.363438 -0.868241 97 32 111
-0.266094 -0.0123711 -0.0268015 -0.0791865 0.327835 0.94141 114 24 117
-0.253287 -0.0123711 -0.0268015 -0.245577 0.279465 0.928219 125 21 122
-0.237404 -0.0101144 -0.00717469 -0.580755 0.249318 0.774961 172 10 158
-0.223008 -0.00898595 0.00263842 -0.686856 0.189074 0.701769 192 17 169
-0.207005 -0.00672927 0.0222646 0.762414 -0.211403 -0.611582 229 38 193
-0.189343 -0.00334423 0.0517045 0.7762 -0.106293 -0.621463 255 83 191
-0.1764 -0.00334423 0.0517045 0.721775 -0.0517706 -0.690189 255 77 184
-0.160208 -0.00108748 0.0713313 -0.671586 0.064439 0.738119 252 68 151
-0.143947 0.00116919 0.0909575 -0.600442 -0.0330708 0.798984 239 56 91
-0.130935 0.00116919 0.0909575 -0.512884 0.000275139 0.858458 234 52 69
-0.114572 0.00342586 0.110584 -0.181343 -0.103325 0.977977 215 49 29
-0.101526 0.00342586 0.110584 -0.0511139 0.158499 -0.986035 218 52 30
-0.0918991 0.00116919 0.0909575 0.372914 -0.393467 0.840309 221 60 23
-0.0788871 0.00116919 0.0909575 0.575117 -0.408088 0.709017 226 67 28
-0.0693634 -0.00108748 0.0713313 0.655936 -0.43391 0.617633 225 65 29
-0.0599084 -0.00334423 0.0517045 0.56699 -0.362205 0.739817 232 59 25
-0.046965 -0.00334423 0.0517045 0.35064 -0.309175 0.884003 235 66 23
-0.0340214 -0.00334423 0.0517045 0.246383 -0.311659 0.917695 237 67 21
-0.0210778 -0.00334423 0.0517045 0.0893093 -0.285366 0.954248 238 70 15
-0.00813439 -0.00334423 0.0517045 0.0558029 -0.2225 0.973334 238 69 13
0.00296216 -0.0044726 0.0418914 0.120667 -0.287827 0.95005 237 67 9
0.0158885 -0.0044726 0.0418914 0.0921032 -0.35283 0.931143 237 67 9
0.0288146 -0.0044726 0.0418914 -0.000696955 -0.364286 0.931287 237 67 13
0.041741 -0.0044726 0.0418914 -0.0591872 -0.325543 0.943673 237 69 14
0.0565829 -0.00334423 0.0517045 0.00441819 -0.195568 0.98068 237 72 22
0.0695264 -0.00334423 0.0517045 0.00800331 -0.204967 0.978736 237 69 23
0.08052 -0.0044726 0.0418914 0.0844206 -0.334908 0.938461 235 64 19
0.0934465 -0.0044726 0.0418914 0.0845567 -0.440222 0.893899 234 62 20
0.106373 -0.0044726 0.0418914 0.0596626 -0.542893 0.83768 235 61 22
0.119299 -0.0044726 0.0418914 -0.0970278 0.596357 -0.796834 236 59 22
0.133445 -0.0180129 -0.0758676 0.111769 0.578782 -0.807787 189 77 97
0.146165 -0.0180129 -0.0758676 0.116844 0.576222 -0.808898 190 74 91
0.158886 -0.0180129 -0.0758676 0.127165 0.571195 -0.810904 188 70 86
0.20774 -0.0123711 -0.0268015 -0.0287099 -0.717836 0.69562 203 69 57
0.220547 -0.0123711 -0.0268015 0.0331349 0.636682 -0.770414 196 68 56
0.233353 -0.0123711 -0.0268015 0.0746245 0.505913 -0.85935 178 63 55
0.246159 -0.0123711 -0.0268015 -0.209573 -0.479945 0.851899 172 62 57
0.258966 -0.0123711 -0.0268015 -0.30795 -0.392076 0.866858 168 62 63
0.271772 -0.0123711 -0.0268015 -0.361761 -0.227996 0.903962 163 60 73
0.289061 -0.0101144 -0.00717469 -0.380456 -0.0457402 0.923667 156 47 101
0.301902 -0.0101144 -0.00717469 -0.432069 0.0525275 0.900309 153 46 107
0.314742 -0.0101144 -0.00717469 -0.367014 0.177165 0.913189 149 43 117
0.329876 -0.00898595 0.00263842 -0.385793 0.394137 0.834158 144 42 122
0.347353 -0.00672927 0.0222646 0.28145 -0.568457 -0.773074 131 44 136
0.360245 -0.00672927 0.0222646 0.212418 -0.531338 -0.820096 124 43 137
-0.361709 0.00613665 0.0222646 0.723534 0.157386 0.672108 76 119 164
-0.348817 0.00613665 0.0222646 0.621317 0.180181 0.762562 65 102 152
-0.335925 0.00613665 0.0222646 0.587182 0.223802 0.7779 73 97 149
-0.32587 0.00384576 0.00263842 0.541666 0.358733 0.760203 61 86 126
-0.313012 0.00384576 0.00263842 0.619906 0.426378 0.658725 67 77 122
-0.301607 0.00270028 -0.00717469 0.503396 0.445653 0.740261 69 68 118
-0.291706 0.000409313 -0.0268015 0.390401 0.388024 0.83488 79 49 108
-0.2789 0.000409313 -0.0268015 0.181265 0.296797 0.937579 88 41 110
-0.266094 0.000409313 -0.0268015 -0.012163 0.247123 0.968908 103 28 113
-0.253287 0.000409313 -0.0268015 -0.299423 0.2587 0.918379 113 24 117
-0.237404 0.00270028 -0.00717469 -0.568377 0.262948 0.779619 168 9 157
-0.224563 0.00270028 -0.00717469 -0.628785 0.244742 0.738059 186 15 167
-0.21015 0.00384576 0.00263842 0.760953 -0.183536 -0.622306 197 20 174
-0.190933 0.00842768 0.0418914 0.787667 -0.0864607 -0.610004 255 82 196
-0.1764 0.00957309 0.0517045 0.724253 0.0349731 -0.688647 255 82 189
-0.160208 0.011864 0.0713313 -0.673686 -0.0334537 0.73826 255 72 156
-0.143947 0.014155 0.0909575 -0.566795 -0.165546 0.807055 245 60 99
-0.130935 0.014155 0.0909575 -0.532822 -0.131566 0.835938 239 56 78
-0.114572 0.0164459 0.110584 -0.22321 -0.187239 0.956618 216 54 29
-0.101526 0.0164459 0.110584 0.0762526 -0.224169 0.971562 219 57 30
-0.0884792 0.0164459 0.110584 0.245136 -0.253152 0.935854 218 63 28
-0.0754329 0.0164459 0.110584 0.42957 -0.368677 0.824347 219 71 32
-0.0658749 0.014155 0.0909575 0.588611 -0.451815 0.670373 227 77 32
-0.0563854 0.011864 0.0713313 0.621548 -0.490427 0.610868 229 75 34
-0.046965 0.00957309 0.0517045 0.416913 -0.435077 0.798055 236 72 25
-0.0340214 0.00957309 0.0517045 0.203667 -0.410321 0.888908 239 73 23
-0.0210778 0.00957309 0.0517045 0.15777 -0.374989 0.913506 239 77 18
-0.00813439 0.00957309 0.0517045 0.0747682 -0.265011 0.961342 241 76 16
0.00480903 0.00957309 0.0517045 0.0624778 -0.208442 0.976037 241 77 16
0.0177524 0.00957309 0.0517045 0.0573146 -0.210562 0.975899 242 77 17
0.030696 0.00957309 0.0517045 -0.0248675 -0.169182 0.985271 242 78 20
0.0436396 0.00957309 0.0517045 -0.0167185 -0.172505 0.984867 241 81 28
0.0565829 0.00957309 0.0517045 -0.00491806 -0.17739 0.984128 240 81 30
0.0695264 0.00957309 0.0517045 -0.0215334 -0.240993 0.970288 240 77 31
0.0824698 0.00957309 0.0517045 -0.0532317 -0.356695 0.932703 240 73 30
0.0954134 0.00957309 0.0517045 -0.0395466 -0.478495 0.8772 238 67 28
0.108357 0.00957309 0.0517045 -0.0368659 -0.503744 0.863066 238 64 28
0.1213 0.00957309 0.0517045 0.087073 -0.596189 0.798109 237 58 28
0.134244 0.00957309 0.0517045 -0.216794 0.671825 -0.708274 236 58 34
0.147187 0.00957309 0.0517045 -0.391992 0.734168 -0.554383 242 63 44
0.158078 0.00842768 0.0418914 0.452813 -0.714197 0.533745 242 67 51
0.173495 0.00270028 -0.00717469 -0.518664 0.520506 -0.678279 232 88 84
0.186336 0.00270028 -0.00717469 -0.439586 0.520495 -0.732018 226 83 83
0.199177 0.00270028 -0.00717469 -0.280225 0.526624 -0.802584 214 75 77
0.20774 0.000409313 -0.0268015 0.169164 -0.439364 0.882237 207 67 60
0.220547 0.000409313 -0.0268015 0.117149 -0.438375 0.891125 199 65 59
0.233353 0.000409313 -0.0268015 0.00519691 -0.4214 0.90686 180 59 54
0.246159 0.000409313 -0.0268015 -0.0809166 -0.419502 0.904141 172 58 56
0.258966 0.000409313 -0.0268015 -0.206802 -0.37075 0.905416 168 58 62
0.27622 0.00270028 -0.00717469 -0.245467 -0.191375 0.950327 167 54 79
0.289061 0.00270028 -0.00717469 -0.213477 -0.10862 0.970891 156 44 96
0.301902 0.00270028 -0.00717469 -0.244577 0.0243972 0.969323 151 42 100
0.314742 0.00270028 -0.00717469 -0.261746 0.108621 0.959005 147 40 109
0.329876 0.00384576 0.00263842 -0.288513 0.244337 0.925775 141 38 113
0.342733 0.00384576 0.00263842 -0.244721 0.297003 0.922985 136 41 114
0.355591 0.00384576 0.00263842 -0.238557 0.383285 0.892291 131 41 115
0.368449 0.00384576 0.00263842 0.203097 -0.402977 -0.892391 123 43 120
-0.371901 0.0213278 0.0418914 0.801619 0.0595461 0.594863 80 121 182
-0.358975 0.0213278 0.0418914 0.776942 0.081052 0.624333 82 117 182
-0.348817 0.0190027 0.0222646 0.697016 0.226049 0.680492 65 105 156
-0.338728 0.0166775 0.00263842 0.657239 0.357757 0.66336 58 111 140
-0.32587 0.0166775 0.00263842 0.646323 0.444477 0.620247 55 88 125
-0.314448 0.0155149 -0.00717469 0.557449 0.504122 0.65963 60 79 120
-0.305965 0.0120272 -0.0366146 0.409167 0.515852 0.752648 65 73 106
-0.293176 0.0120272 -0.0366146 0.203925 0.350288 0.914174 62 52 93
-0.280387 0.0120272 -0.0366146 0.0846205 0.2683 0.959612 70 45 94
-0.267598 0.0120272 -0.0366146 -0.0614804 0.173527 0.982908 86 31 97
-0.253287 0.0131898 -0.0268015 -0.310202 0.259216 0.914648 98 28 108
-0.240481 0.0131898 -0.0268015 -0.45356 0.299262 0.839479 120 20 120
-0.224563 0.0155149 -0.00717469 -0.627896 0.206402 0.75043 175 14 162
-0.21015 0.0166775 0.00263842 0.767957 -0.163353 -0.619321 186 19 170
-0.190933 0.0213278 0.0418914 0.799568 0.0624128 -0.597324 255 85 203
-0.173185 0.0248155 0.0713313 -0.696575 -0.1272 0.706119 255 90 173
-0.160208 0.0248155 0.0713313 -0.698316 -0.118337 0.70594 255 86 166
-0.143947 0.0271407 0.0909575 -0.598256 -0.19782 0.776503 248 64 104
-0.127618 0.0294659 0.110584 -0.301552 -0.26117 0.916982 229 53 63
-0.114572 0.0294659 0.110584 -0.184578 -0.232881 0.954828 217 55 28
-0.101526 0.0294659 0.110584 0.000649543 -0.207452 0.978245 220 59 30
-0.0884792 0.0294659 0.110584 0.17872 -0.240567 0.954037 218 66 29
-0.0754329 0.0294659 0.110584 0.273431 -0.29946 0.914089 220 74 33
-0.0623867 0.0294659 0.110584 0.455416 -0.367323 0.810969 221 79 39
-0.0528629 0.0271407 0.0909575 0.612651 -0.449657 0.649975 231 88 37
-0.0434078 0.0248155 0.0713313 0.552365 -0.461684 0.694075 234 92 37
-0.0340214 0.0224904 0.0517045 0.356037 -0.413177 0.838166 241 78 26
-0.0210778 0.0224904 0.0517045 0.234257 -0.292471 0.927138 243 82 23
-0.00813439 0.0224904 0.0517045 0.193773 -0.19493 0.961486 244 82 21
0.00480903 0.0224904 0.0517045 0.08762 -0.140459 0.986202 245 83 21
0.0177524 0.0224904 0.0517045 0.0594242 -0.12825 0.98996 246 84 22
0.030696 0.0224904 0.0517045 -0.0210439 -0.101004 0.994663 245 87 27
0.0436396 0.0224904 0.0517045 -0.0398109 -0.0834956 0.995713 245 89 39
0.0565829 0.0224904 0.0517045 -0.0885997 -0.183129 0.979088 244 87 39
0.0695264 0.0224904 0.0517045 -0.117257 -0.310479 0.943321 243 84 42
0.0824698 0.0224904 0.0517045 -0.138603 -0.385747 0.912134 243 80 40
0.0954134 0.0224904 0.0517045 -0.156067 -0.430017 0.889229 240 73 36
0.112325 0.0248155 0.0713313 -0.122071 -0.602295 0.788885 237 69 34
0.125303 0.0248155 0.0713313 0.0436667 -0.645063 0.762881 235 64 34
0.138281 0.0248155 0.0713313 0.162358 -0.668858 0.725444 233 59 36
0.147187 0.0224904 0.0517045 0.325132 -0.72705 0.604721 242 64 47
0.158078 0.0213278 0.0418914 0.448534 -0.731356 0.513746 243 71 60
0.166864 0.0190027 0.0222646 0.513561 -0.686044 0.515363 237 89 87
0.175582 0.0166775 0.00263842 0.536838 -0.580987 0.611767 234 88 91
0.18844 0.0166775 0.00263842 0.482142 -0.578109 0.658278 225 79 85
0.199177 0.0155149 -0.00717469 0.29855 -0.531204 0.7929 217 73 82
0.212017 0.0155149 -0.00717469 0.275141 -0.488843 0.827847 210 69 79
0.224858 0.0155149 -0.00717469 0.147222 -0.422612 0.894273 201 62 75
0.237698 0.0155149 -0.00717469 0.0783791 -0.393733 0.915877 193 58 73
0.250539 0.0155149 -0.00717469 -0.0405232 -0.335215 0.94127 184 55 75
0.26338 0.0155149 -0.00717469 -0.0973409 -0.267097 0.958741 178 54 77
0.27622 0.0155149 -0.00717469 -0.138843 -0.156412 0.977884 169 49 79
0.289061 0.0155149 -0.00717469 -0.103459 -0.0694069 0.992209 156 42 87
0.301902 0.0155149 -0.00717469 -0.138716 0.00418383 0.990323 150 40 90
0.314742 0.0155149 -0.00717469 -0.18273 0.00871865 0.983124 144 37 96
0.329876 0.0166775 0.00263842 -0.215453 0.0378657 0.97578 137 35 100
0.342733 0.0166775 0.00263842 -0.18332 0.144628 0.972356 132 39 103
0.355591 0.0166775 0.00263842 -0.140327 0.16509 0.976245 126 38 105
0.368449 0.0166775 0.00263842 0.130459 -0.24189 -0.961494 120 41 110
0.381307 0.0166775 0.00263842 0.130459 -0.24189 -0.961494 113 43 113
-0.383495 0.0354077 0.0517045 0.820888 -0.104036 0.561533 89 120 201
-0.371901 0.034228 0.0418914 0.81672 -0.0612417 0.573775 83 119 188
-0.361709 0.0318687 0.0222646 0.776638 0.109476 0.620361 73 123 171
-0.351585 0.0295093 0.00263842 0.780952 0.214119 0.586742 54 114 143
-0.340129 0.0283295 -0.00717469 0.687337 0.387648 0.614245 55 111 139
-0.330125 0.0259702 -0.0268015 0.581368 0.389509 0.714349 49 102 118
-0.317319 0.0259702 -0.0268015 0.530111 0.411553 0.741355 49 96 112
-0.305965 0.0247906 -0.0366146 0.34482 0.38095 0.857891 45 90 101
-0.293176 0.0247906 -0.0366146 0.143823 0.235769 0.961108 51 66 89
-0.280387 0.0247906 -0.0366146 -0.00103747 0.134688 0.990888 57 60 88
-0.267598 0.0247906 -0.0366146 -0.0478178 0.15226 0.987183 71 43 88
-0.254809 0.0247906 -0.0366146 -0.183914 0.182588 0.965835 84 31 94
-0.24202 0.0247906 -0.0366146 -0.3455 0.227408 0.910448 104 21 104
-0.227675 0.0259702 -0.0268015 -0.567367 0.168159 0.806113 127 16 125
-0.21015 0.0295093 0.00263842 0.786451 -0.100462 -0.609428 177 18 165
-0.1764 0.0354077 0.0517045 0.747876 0.153918 -0.645748 255 100 199
-0.160208 0.0377671 0.0713313 0.712593 0.202864 -0.671608 255 89 159
-0.140665 0.0424858 0.110584 -0.460077 -0.302292 0.834835 235 55 78
-0.127618 0.0424858 0.110584 -0.258494 -0.290733 0.921225 231 51 63
-0.114572 0.0424858 0.110584 -0.10832 -0.233564 0.966289 215 54 27
-0.101526 0.0424858 0.110584 0.00472276 -0.140143 0.99012 217 58 28
-0.0884792 0.0424858 0.110584 0.153494 -0.201938 0.967295 217 69 29
-0.0754329 0.0424858 0.110584 0.255001 -0.24412 0.935617 218 78 34
-0.0623867 0.0424858 0.110584 0.425861 -0.281753 0.859801 221 87 41
-0.0528629 0.0401265 0.0909575 0.610229 -0.292135 0.736395 231 95 41
-0.0398508 0.0401265 0.0909575 0.612469 -0.388955 0.688182 236 99 44
-0.03043 0.0377671 0.0713313 0.528787 -0.375903 0.760974 239 100 41
-0.0174522 0.0377671 0.0713313 0.48764 -0.28977 0.823554 242 106 39
-0.00447444 0.0377671 0.0713313 0.307417 -0.287651 0.907057 243 107 38
0.00480903 0.0354077 0.0517045 0.141402 -0.166889 0.975784 247 99 35
0.0177524 0.0354077 0.0517045 0.0816439 -0.0856315 0.992976 248 101 38
0.030696 0.0354077 0.0517045 0.0461555 -0.110568 0.992796 248 104 42
0.0436396 0.0354077 0.0517045 -0.0707336 -0.195935 0.978063 249 112 61
0.0565829 0.0354077 0.0517045 -0.172252 -0.215454 0.961202 247 110 61
0.0695264 0.0354077 0.0517045 -0.207582 -0.288426 0.93473 245 109 63
0.0863698 0.0377671 0.0713313 -0.308166 -0.439309 0.843826 241 113 66
0.0993475 0.0377671 0.0713313 -0.273893 -0.490757 0.827128 241 84 46
0.112325 0.0377671 0.0713313 -0.124658 -0.562518 0.817333 238 76 40
0.129306 0.0401265 0.0909575 -0.0213648 -0.501819 0.864709 236 70 43
0.138281 0.0377671 0.0713313 0.184116 -0.634502 0.750672 233 65 39
0.151259 0.0377671 0.0713313 0.343753 -0.605845 0.717486 234 61 41
0.160131 0.0354077 0.0517045 0.431281 -0.682508 0.590068 245 76 64
0.171004 0.034228 0.0418914 0.516247 -0.707718 0.482312 243 77 71
0.179757 0.0318687 0.0222646 0.543346 -0.651523 0.529428 234 87 92
0.192649 0.0318687 0.0222646 0.529777 -0.628715 0.569258 230 86 94
0.201298 0.0295093 0.00263842 0.442918 -0.597676 0.668287 220 75 90
0.212017 0.0283295 -0.00717469 0.335249 -0.490083 0.804628 214 69 86
0.224858 0.0283295 -0.00717469 0.209538 -0.418403 0.88376 205 62 82
0.237698 0.0283295 -0.00717469 0.0735644 -0.320533 0.944377 197 56 79
0.250539 0.0283295 -0.00717469 0.0144282 -0.252956 0.96737 189 53 80
0.26338 0.0283295 -0.00717469 -0.0309245 -0.126773 0.99145 182 51 80
0.27622 0.0283295 -0.00717469 -0.0380121 -0.0524181 0.997902 173 46 81
0.289061 0.0283295 -0.00717469 -8.46416e-12 -6.58438e-13 1 157 40 82
0.301902 0.0283295 -0.00717469 -0.134342 -0.0115441 0.990868 150 37 82
0.314742 0.0283295 -0.00717469 -0.192307 -0.00924821 0.981291 143 35 86
0.329876 0.0295093 0.00263842 -0.196306 -0.0202146 0.980334 135 33 88
0.342733 0.0295093 0.00263842 -0.129815 -0.00663429 0.991516 130 37 90
0.355591 0.0295093 0.00263842 -0.0569688 0.109968 0.992301 123 36 93
0.368449 0.0295093 0.00263842 0.0131254 -0.0980258 -0.995097 115 39 101
0.381307 0.0295093 0.00263842 -0.00173673 -0.0960096 -0.995379 109 41 103
-0.383495 0.048325 0.0517045 0.828836 -0.168468 0.533525 92 118 205
-0.371901 0.0471283 0.0418914 0.813348 -0.160609 0.559169 92 116 201
-0.361709 0.0447346 0.0222646 0.802691 -0.0303802 0.595621 70 121 170
-0.351585 0.0423411 0.00263842 0.801807 0.177802 0.570519 52 113 143
-0.340129 0.0411442 -0.00717469 0.794949 0.197268 0.573708 52 111 139
-0.330125 0.0387507 -0.0268015 0.640722 0.197235 0.742007 44 103 116
-0.318755 0.0375539 -0.0366146 0.464336 0.165447 0.870069 38 100 105
-0.305965 0.0375539 -0.0366146 0.190708 0.0671796 0.979345 40 92 97
-0.293176 0.0375539 -0.0366146 0.0786249 0.0590148 0.995156 46 68 84
-0.280387 0.0375539 -0.0366146 0.00206395 0.0650591 0.997879 52 61 83
-0.267598 0.0375539 -0.0366146 -0.067718 0.0700055 0.995245 62 49 83
-0.254809 0.0375539 -0.0366146 -0.145166 0.0445932 0.988402 77 37 90
-0.24202 0.0375539 -0.0366146 -0.368611 0.0788175 0.926236 96 24 101
-0.227675 0.0387507 -0.0268015 -0.583204 0.0545579 0.810492 117 18 120
-0.189343 0.048325 0.0517045 0.793205 0.138772 -0.592931 255 106 209
-0.1764 0.048325 0.0517045 0.767577 0.170527 -0.617856 255 99 200
-0.156959 0.0531122 0.0909575 0.69607 0.272953 -0.664065 255 82 135
-0.140665 0.0555058 0.110584 -0.384243 -0.289569 0.876645 238 56 82
-0.127618 0.0555058 0.110584 -0.208001 -0.237815 0.948778 234 51 66
-0.112896 0.0567026 0.120397 0.00416282 -0.190568 0.981665 215 53 31
-0.0998329 0.0567026 0.120397 0.0530635 -0.182555 0.981763 218 57 33
-0.0867694 0.0567026 0.120397 0.114853 -0.161401 0.980183 216 70 35
-0.0754329 0.0555058 0.110584 0.292422 -0.171821 0.940727 219 80 36
-0.0623867 0.0555058 0.110584 0.397464 -0.166789 0.902332 221 89 44
-0.0493403 0.0555058 0.110584 0.556778 -0.17937 0.811064 224 95 50
-0.0398508 0.0531122 0.0909575 0.589499 -0.229002 0.774628 237 104 48
-0.03043 0.0507186 0.0713313 0.593468 -0.384697 0.706968 240 105 46
-0.0174522 0.0507186 0.0713313 0.459669 -0.382915 0.801299 243 108 44
-0.00813439 0.048325 0.0517045 0.228754 -0.306428 0.923999 248 99 39
0.00480903 0.048325 0.0517045 0.20837 -0.265631 0.941287 248 102 41
0.0177524 0.048325 0.0517045 0.110942 -0.250771 0.961668 249 105 45
0.030696 0.048325 0.0517045 -0.0611909 -0.277522 0.958769 249 108 49
0.0436396 0.048325 0.0517045 -0.130091 -0.306531 0.942929 250 115 67
0.0565829 0.048325 0.0517045 -0.188047 -0.312087 0.931257 249 114 68
0.073392 0.0507186 0.0713313 -0.343677 -0.399744 0.849759 244 120 76
0.0863698 0.0507186 0.0713313 -0.366642 -0.414751 0.8328 241 117 73
0.0993475 0.0507186 0.0713313 -0.291555 -0.451132 0.84349 238 96 55
0.116294 0.0531122 0.0909575 -0.104093 -0.342095 0.933882 237 85 52
0.129306 0.0531122 0.0909575 -0.0331751 -0.338405 0.940415 235 77 46
0.142318 0.0531122 0.0909575 0.179746 -0.40035 0.898561 233 69 45
0.15533 0.0531122 0.0909575 0.258214 -0.399392 0.879665 235 64 50
0.164236 0.0507186 0.0713313 0.400211 -0.572888 0.715284 236 65 47
0.177214 0.0507186 0.0713313 0.432473 -0.604203 0.669257 239 75 66
0.186018 0.048325 0.0517045 0.511514 -0.67503 0.531684 238 87 88
0.196857 0.0471283 0.0418914 0.603476 -0.664743 0.440378 234 92 100
0.205541 0.0447346 0.0222646 0.533975 -0.578445 0.616662 226 85 103
0.214156 0.0423411 0.00263842 0.44621 -0.457632 0.769071 216 70 95
0.224858 0.0411442 -0.00717469 0.314683 -0.372093 0.873225 208 62 90
0.237698 0.0411442 -0.00717469 0.137148 -0.21345 0.967279 201 57 88
0.250539 0.0411442 -0.00717469 0.0626525 -0.14168 0.987928 194 53 87
0.26338 0.0411442 -0.00717469 0.0402991 -0.0950255 0.994659 187 50 86
0.27622 0.0411442 -0.00717469 0.0305142 -0.0511085 0.998227 176 44 81
0.289061 0.0411442 -0.00717469 -0.00676789 -0.0494624 0.998753 159 40 78
0.301902 0.0411442 -0.00717469 -0.138742 -0.0457703 0.98927 152 37 76
0.314742 0.0411442 -0.00717469 -0.183648 -0.0434803 0.98203 143 36 74
0.329876 0.0423411 0.00263842 -0.187006 -0.0319654 0.981839 134 35 75
0.342733 0.0423411 0.00263842 -0.108965 -0.00746729 0.994018 126 39 75
0.355591 0.0423411 0.00263842 -0.0399122 2.17991e-05 0.999203 118 38 77
0.368449 0.0423411 0.00263842 -0.015579 0.0496711 -0.998644 111 40 89
0.381307 0.0423411 0.00263842 -0.0134425 -0.00658847 -0.999888 103 42 90
-0.383495 0.0612424 0.0517045 0.802821 -0.228717 0.550606 93 116 205
-0.370552 0.0612424 0.0517045 0.806961 -0.236676 0.541109 101 116 211
-0.361709 0.0576007 0.0222646 0.807086 -0.220239 0.54782 75 115 175
-0.351585 0.0551728 0.00263842 0.873729 -0.117214 0.472078 50 111 144
-0.340129 0.0539589 -0.00717469 0.789769 -0.0158048 0.613201 50 110 140
-0.330125 0.0515311 -0.0268015 0.64799 0.0227258 0.76131 44 101 117
-0.318755 0.0503173 -0.0366146 0.393318 0.0051745 0.919388 37 99 103
-0.305965 0.0503173 -0.0366146 0.142866 -0.0679763 0.987405 38 91 96
-0.293176 0.0503173 -0.0366146 0.104168 -0.0630955 0.992556 44 68 81
-0.280387 0.0503173 -0.0366146 0.0084461 -0.0738211 0.997236 49 63 79
-0.267598 0.0503173 -0.0366146 -0.0458204 -0.0885991 0.995013 60 51 79
-0.254809 0.0503173 -0.0366146 -0.160051 -0.0392161 0.986329 72 40 85
-0.24202 0.0503173 -0.0366146 -0.308874 -0.0903607 0.946801 90 27 97
-0.227675 0.0515311 -0.0268015 -0.593012 -0.00594739 0.805172 110 21 116
-0.186163 0.0636701 0.0713313 0.759714 0.188779 -0.622252 255 111 194
-0.173185 0.0636701 0.0713313 0.738085 0.222627 -0.636921 255 104 177
-0.153711 0.0685258 0.110584 -0.598389 -0.231635 0.766991 233 51 75
-0.139023 0.0697396 0.120397 0.237541 0.294684 -0.9256 223 41 58
-0.12596 0.0697396 0.120397 -0.186304 -0.229871 0.955223 215 34 45
-0.112896 0.0697396 0.120397 8.52821e-05 -0.17255 0.985001 201 44 23
-0.0998329 0.0697396 0.120397 0.0713023 -0.158425 0.984793 204 50 26
-0.0867694 0.0697396 0.120397 0.140617 -0.132381 0.981174 206 64 30
-0.0754329 0.0685258 0.110584 0.241785 -0.0975451 0.965414 215 79 34
-0.0623867 0.0685258 0.110584 0.430142 -0.115216 0.895379 221 93 43
-0.0493403 0.0685258 0.110584 0.49141 -0.0915712 0.866101 225 101 49
-0.0398508 0.066098 0.0909575 0.59916 -0.202171 0.774683 238 109 52
-0.03043 0.0636701 0.0713313 0.612886 -0.348778 0.709031 240 109 51
-0.0174522 0.0636701 0.0713313 0.44757 -0.369762 0.814222 243 112 49
-0.00813439 0.0612424 0.0517045 0.258849 -0.36772 0.893185 247 103 48
0.00480903 0.0612424 0.0517045 0.211011 -0.335989 0.917925 247 105 49
0.021481 0.0636701 0.0713313 0.0550306 -0.408582 0.911061 246 126 66
0.030696 0.0612424 0.0517045 -0.0637577 -0.376386 0.924267 249 113 58
0.0436396 0.0612424 0.0517045 -0.116285 -0.372424 0.920749 249 120 75
0.0604142 0.0636701 0.0713313 -0.278558 -0.42245 0.86252 243 130 84
0.073392 0.0636701 0.0713313 -0.346023 -0.418982 0.839478 240 128 85
0.0902695 0.066098 0.0909575 -0.283309 -0.389609 0.876322 236 114 77
0.103282 0.066098 0.0909575 -0.221605 -0.370016 0.902208 232 106 68
0.116294 0.066098 0.0909575 -0.122421 -0.331016 0.93565 230 94 57
0.129306 0.066098 0.0909575 -0.016499 -0.30977 0.950668 228 85 50
0.142318 0.066098 0.0909575 0.10196 -0.308548 0.945728 227 77 47
0.15533 0.066098 0.0909575 0.223071 -0.377214 0.89886 231 70 52
0.168342 0.066098 0.0909575 0.264099 -0.496053 0.827154 233 71 57
0.177214 0.0636701 0.0713313 0.397998 -0.602828 0.691517 236 79 65
0.190192 0.0636701 0.0713313 0.455981 -0.598561 0.65864 237 82 74
0.20317 0.0636701 0.0713313 0.483999 -0.652888 0.582651 235 89 86
0.209783 0.0600285 0.0418914 0.646848 -0.630409 0.429153 228 98 112
0.218433 0.0576007 0.0222646 0.633147 -0.559709 0.53465 223 89 119
0.227014 0.0551728 0.00263842 0.443229 -0.430819 0.786093 209 64 100
0.237698 0.0539589 -0.00717469 0.261129 -0.288665 0.921132 205 61 98
0.250539 0.0539589 -0.00717469 0.0929254 -0.176256 0.979948 195 54 95
0.26338 0.0539589 -0.00717469 0.0696992 -0.176673 0.981799 189 49 91
0.27622 0.0539589 -0.00717469 0.0358085 -0.159684 0.986518 178 43 85
0.289061 0.0539589 -0.00717469 -0.000304055 -0.153729 0.988113 160 39 76
0.301902 0.0539589 -0.00717469 -0.104045 -0.135968 0.985235 151 36 72
0.314742 0.0539589 -0.00717469 -0.179188 -0.0956225 0.979157 142 35 69
0.329876 0.0551728 0.00263842 -0.158159 -0.0956955 0.982765 132 34 67
0.342733 0.0551728 0.00263842 -0.0819824 -0.0755174 0.993769 124 39 68
0.355591 0.0551728 0.00263842 -0.0934974 -0.129126 0.987211 114 38 68
0.368449 0.0551728 0.00263842 0.0489378 0.179021 -0.982627 107 40 82
0.381307 0.0551728 0.00263842 0.0378821 0.165069 -0.985554 98 43 82
-0.383495 0.0741597 0.0517045 0.805402 -0.24882 0.537974 97 115 208
-0.367852 0.0766217 0.0713313 0.754449 -0.211729 0.621271 106 115 204
-0.357608 0.0741597 0.0517045 0.805554 -0.25173 0.536391 104 110 210
-0.348817 0.0704667 0.0222646 0.781707 -0.28456 0.554941 68 103 168
-0.338728 0.0680046 0.00263842 0.821246 -0.297565 0.486837 50 102 140
-0.330125 0.0643116 -0.0268015 0.593663 -0.202202 0.778896 42 95 114
-0.318755 0.0630805 -0.0366146 0.379649 -0.12926 0.916056 35 94 101
-0.305965 0.0630805 -0.0366146 0.136204 -0.133456 0.981651 36 85 91
-0.293176 0.0630805 -0.0366146 0.0838575 -0.171786 0.981559 43 67 78
-0.280387 0.0630805 -0.0366146 0.000678952 -0.161346 0.986898 48 59 77
-0.267598 0.0630805 -0.0366146 -0.0529414 -0.162218 0.985334 59 48 79
-0.254809 0.0630805 -0.0366146 -0.115995 -0.151463 0.981633 70 38 84
-0.240481 0.0643116 -0.0268015 -0.358012 -0.227033 0.905695 91 27 102
-0.224563 0.0667735 -0.00717469 0.629439 0.197748 -0.751467 140 24 149
-0.186163 0.0766217 0.0713313 0.766488 0.203417 -0.609194 255 111 191
-0.173185 0.0766217 0.0713313 0.729572 0.229881 -0.644112 255 105 175
-0.153711 0.0815457 0.110584 0.599406 0.315741 -0.735541 229 49 72
-0.139023 0.0827767 0.120397 -0.287678 -0.294712 0.911255 216 39 53
-0.12596 0.0827767 0.120397 -0.0986432 -0.258158 0.961054 209 33 40
-0.112896 0.0827767 0.120397 0.0197108 -0.265537 0.963899 196 44 20
-0.0998329 0.0827767 0.120397 0.0979774 -0.156196 0.982855 199 50 23
-0.0867694 0.0827767 0.120397 0.160375 -0.062317 0.985087 204 65 27
-0.0737059 0.0827767 0.120397 0.1856 -0.0753964 0.979729 210 80 34
-0.0623867 0.0815457 0.110584 0.42743 -0.0625962 0.901879 220 95 42
-0.0493403 0.0815457 0.110584 0.471121 -0.0958414 0.876846 225 104 49
-0.0398508 0.0790837 0.0909575 0.591529 -0.180481 0.785824 237 111 57
-0.0268389 0.0790837 0.0909575 0.553296 -0.230322 0.80051 240 113 58
-0.0138268 0.0790837 0.0909575 0.396866 -0.297179 0.868437 245 117 56
-0.00447444 0.0766217 0.0713313 0.304973 -0.452715 0.837879 246 114 53
0.0085032 0.0766217 0.0713313 0.212225 -0.528268 0.822127 246 117 53
0.021481 0.0766217 0.0713313 0.0640348 -0.584772 0.808666 246 128 72
0.0344588 0.0766217 0.0713313 -0.0595191 -0.532539 0.84431 246 129 73
0.0474366 0.0766217 0.0713313 -0.184368 -0.502772 0.844529 244 133 83
0.0604142 0.0766217 0.0713313 -0.276127 -0.479737 0.83283 242 133 88
0.073392 0.0766217 0.0713313 -0.337653 -0.433051 0.835737 239 132 90
0.0902695 0.0790837 0.0909575 -0.258091 -0.428838 0.865729 231 117 84
0.103282 0.0790837 0.0909575 -0.138393 -0.443805 0.885373 229 111 76
0.116294 0.0790837 0.0909575 -0.0765254 -0.354074 0.932081 226 99 64
0.129306 0.0790837 0.0909575 -0.000163593 -0.247537 0.968878 224 89 55
0.142318 0.0790837 0.0909575 0.0475378 -0.293157 0.954882 224 80 51
0.15533 0.0790837 0.0909575 0.152034 -0.425566 0.892065 228 73 53
0.168342 0.0790837 0.0909575 0.169448 -0.516185 0.839548 229 73 58
0.181354 0.0790837 0.0909575 0.23721 -0.539564 0.807838 231 77 69
0.190192 0.0766217 0.0713313 0.421188 -0.625688 0.656593 234 83 75
0.20317 0.0766217 0.0713313 0.494155 -0.642174 0.586024 235 91 88
0.211905 0.0741597 0.0517045 0.654547 -0.602917 0.456136 225 101 115
0.22271 0.0729287 0.0418914 0.670728 -0.59923 0.437089 219 100 119
0.227014 0.0680046 0.00263842 0.451963 -0.510184 0.731739 208 64 106
0.239871 0.0680046 0.00263842 0.339012 -0.46237 0.819319 202 59 105
0.252729 0.0680046 0.00263842 0.19252 -0.405139 0.893755 194 51 100
0.265587 0.0680046 0.00263842 0.0846605 -0.424453 0.901483 188 46 96
0.27622 0.0667735 -0.00717469 0.0189937 -0.334343 0.94226 177 39 88
0.289061 0.0667735 -0.00717469 -0.0318238 -0.33209 0.942711 158 36 76
0.301902 0.0667735 -0.00717469 -0.0893001 -0.31348 0.945387 150 33 72
0.317018 0.0680046 0.00263842 -0.13168 -0.358811 0.924075 140 34 68
0.329876 0.0680046 0.00263842 -0.100757 -0.314991 0.943731 131 34 65
0.342733 0.0680046 0.00263842 -0.109855 -0.279179 0.953935 120 37 65
0.355591 0.0680046 0.00263842 -0.0953345 -0.250133 0.963507 111 38 65
0.368449 0.0680046 0.00263842 0.0729938 0.218414 -0.973122 100 40 74
-0.367852 0.0895733 0.0713313 0.779759 -0.238367 0.578927 106 111 203
-0.357608 0.087077 0.0517045 0.791124 -0.251502 0.557557 109 104 209
-0.346049 0.0858289 0.0418914 0.806876 -0.26882 0.526009 106 101 200
-0.338728 0.0808364 0.00263842 0.781873 -0.366719 0.504175 57 83 145
-0.330125 0.077092 -0.0268015 0.575545 -0.340772 0.743386 41 91 113
-0.317319 0.077092 -0.0268015 0.452757 -0.390518 0.801565 41 88 107
-0.304513 0.077092 -0.0268015 0.214423 -0.352338 0.910978 43 68 87
-0.291706 0.077092 -0.0268015 0.0708663 -0.286914 0.955331 48 59 82
-0.280387 0.075844 -0.0366146 0.0191918 -0.204026 0.978777 50 55 76
-0.267598 0.075844 -0.0366146 -0.0311978 -0.199958 0.979308 61 44 78
-0.253287 0.077092 -0.0268015 -0.270705 -0.269647 0.924126 74 35 89
-0.240481 0.077092 -0.0268015 -0.367337 -0.278448 0.887429 91 27 101
-0.224563 0.0795882 -0.00717469 0.523486 0.293409 -0.799921 150 26 152
-0.186163 0.0895733 0.0713313 0.788943 0.197584 -0.581833 255 114 184
-0.173185 0.0895733 0.0713313 0.740539 0.219021 -0.63532 255 105 170
-0.153711 0.0945657 0.110584 -0.58726 -0.346655 0.731407 224 47 67
-0.139023 0.0958138 0.120397 -0.278306 -0.335161 0.900118 212 38 49
-0.12596 0.0958138 0.120397 -0.0423117 -0.357676 0.932887 204 32 36
-0.112896 0.0958138 0.120397 0.00798959 -0.289157 0.957248 192 42 16
-0.0998329 0.0958138 0.120397 0.176129 -0.249738 0.95216 196 50 19
-0.0867694 0.0958138 0.120397 0.245336 -0.194456 0.949735 200 63 23
-0.0737059 0.0958138 0.120397 0.253428 -0.162242 0.953652 209 79 31
-0.0623867 0.0945657 0.110584 0.395835 -0.0972603 0.913156 219 94 38
-0.0493403 0.0945657 0.110584 0.481782 -0.124968 0.867335 225 105 47
-0.0398508 0.0920695 0.0909575 0.538074 -0.193265 0.820442 241 116 57
-0.0268389 0.0920695 0.0909575 0.460037 -0.289248 0.839465 242 118 58
-0.0138268 0.0920695 0.0909575 0.33528 -0.388323 0.858366 249 120 58
-0.00447444 0.0895733 0.0713313 0.191276 -0.451072 0.87175 247 117 56
0.0085032 0.0895733 0.0713313 0.142314 -0.533444 0.833777 247 119 58
0.021481 0.0895733 0.0713313 0.0636908 -0.566553 0.82156 247 131 78
0.0344588 0.0895733 0.0713313 -0.0838507 -0.556632 0.826517 247 131 80
0.0474366 0.0895733 0.0713313 -0.163197 -0.540437 0.825405 244 135 87
0.0604142 0.0895733 0.0713313 -0.245482 -0.530957 0.811063 243 136 92
0.0772575 0.0920695 0.0909575 -0.249119 -0.501052 0.828786 232 139 95
0.0902695 0.0920695 0.0909575 -0.204892 -0.482831 0.851407 226 133 87
0.103282 0.0920695 0.0909575 -0.116764 -0.45409 0.883271 223 126 79
0.116294 0.0920695 0.0909575 0.00527857 -0.377394 0.926038 222 113 65
0.129306 0.0920695 0.0909575 -0.000554782 -0.351889 0.936041 220 105 58
0.142318 0.0920695 0.0909575 -0.000653851 -0.351891 0.936041 218 96 49
0.15533 0.0920695 0.0909575 0.0802065 -0.432096 0.898254 221 85 46
0.168342 0.0920695 0.0909575 0.126413 -0.51106 0.850199 224 84 50
0.181354 0.0920695 0.0909575 0.162464 -0.568684 0.806353 230 88 64
0.194366 0.0920695 0.0909575 0.303656 -0.58211 0.754282 234 92 74
0.207378 0.0920695 0.0909575 0.458343 -0.581688 0.671982 237 103 92
0.216147 0.0895733 0.0713313 0.603317 -0.619255 0.502526 238 101 98
0.224848 0.087077 0.0517045 0.672354 -0.603874 0.428108 219 103 124
0.231325 0.0833326 0.0222646 0.542563 -0.612304 0.575073 210 82 123
0.239871 0.0808364 0.00263842 0.342109 -0.60278 0.720845 201 64 112
0.252729 0.0808364 0.00263842 0.202893 -0.526338 0.825713 195 54 108
0.265587 0.0808364 0.00263842 0.0844352 -0.507629 0.857428 191 50 105
0.278444 0.0808364 0.00263842 0.0290755 -0.497752 0.866832 178 42 91
0.291302 0.0808364 0.00263842 -0.000810969 -0.50703 0.861928 165 38 82
0.30416 0.0808364 0.00263842 -0.0554493 -0.486226 0.872072 158 37 77
0.317018 0.0808364 0.00263842 -0.10495 -0.474186 0.874147 145 39 71
0.329876 0.0808364 0.00263842 -0.099979 -0.428713 0.897892 136 37 65
0.347353 0.0833326 0.0222646 0.101869 0.540951 -0.834862 114 55 74
0.355591 0.0808364 0.00263842 -0.143479 -0.429498 0.891597 116 43 67
0.368449 0.0808364 0.00263842 0.141804 0.400061 -0.905452 97 45 67
-0.370552 0.0999943 0.0517045 0.793136 -0.256116 0.552576 111 103 209
-0.357608 0.0999943 0.0517045 0.785361 -0.247605 0.567362 112 101 208
-0.346049 0.0987291 0.0418914 0.81595 -0.218212 0.535359 107 97 198
-0.335925 0.0961987 0.0222646 0.763485 -0.249893 0.59552 74 75 160
-0.32587 0.0936681 0.00263842 0.710503 -0.385244 0.588874 59 66 131
-0.317319 0.0898725 -0.0268015 0.444693 -0.435211 0.782841 40 83 107
-0.304513 0.0898725 -0.0268015 0.252202 -0.482243 0.838949 44 61 88
-0.291706 0.0898725 -0.0268015 0.104946 -0.412009 0.905116 51 52 84
-0.2789 0.0898725 -0.0268015 0.0396251 -0.408764 0.91178 58 44 85
-0.266094 0.0898725 -0.0268015 -0.0393497 -0.407294 0.912449 67 37 86
-0.253287 0.0898725 -0.0268015 -0.303661 -0.390988 0.86886 78 31 92
-0.240481 0.0898725 -0.0268015 -0.339048 -0.38286 0.85934 92 25 102
-0.224563 0.0924029 -0.00717469 0.427984 0.414284 -0.803243 147 26 149
-0.169971 0.105055 0.0909575 0.714907 0.253618 -0.651603 253 101 161
-0.152087 0.108851 0.120397 -0.398812 -0.361519 0.842765 211 36 49
-0.135741 0.111381 0.140024 0.125741 0.418355 -0.899538 186 30 19
-0.122643 0.111381 0.140024 0.0404308 -0.44756 0.893339 185 30 15
-0.109545 0.111381 0.140024 0.203792 -0.403651 0.891928 184 38 11
-0.0998329 0.108851 0.120397 0.250601 -0.322977 0.912625 191 48 13
-0.0867694 0.108851 0.120397 0.355404 -0.25346 0.899692 195 63 17
-0.0737059 0.108851 0.120397 0.339687 -0.188913 0.921371 205 78 25
-0.0623867 0.107586 0.110584 0.408316 -0.14534 0.901196 219 95 34
-0.0493403 0.107586 0.110584 0.449751 -0.163954 0.877977 225 104 42
-0.0398508 0.105055 0.0909575 0.43426 -0.253756 0.864307 241 118 57
-0.0268389 0.105055 0.0909575 0.371012 -0.332077 0.867223 242 119 59
-0.0138268 0.105055 0.0909575 0.264357 -0.452494 0.851683 249 123 56
-0.000814777 0.105055 0.0909575 0.134816 -0.529158 0.837745 249 125 59
0.0121972 0.105055 0.0909575 0.0385896 -0.574668 0.817476 249 129 63
0.0252094 0.105055 0.0909575 -0.0213399 -0.610023 0.792097 248 133 69
0.0382214 0.105055 0.0909575 -0.0997397 -0.578681 0.809432 247 136 74
0.0512335 0.105055 0.0909575 -0.172058 -0.580737 0.795701 242 142 83
0.0642454 0.105055 0.0909575 -0.182477 -0.563489 0.805719 240 142 85
0.0811229 0.107586 0.110584 -0.108669 -0.436715 0.893012 224 141 89
0.0941693 0.107586 0.110584 -0.0686101 -0.428327 0.901015 219 133 81
0.107216 0.107586 0.110584 -0.0407285 -0.458439 0.887792 214 125 72
0.120262 0.107586 0.110584 -0.0114532 -0.449922 0.892995 210 117 60
0.133308 0.107586 0.110584 0.0122693 -0.449651 0.89312 207 97 44
0.146355 0.107586 0.110584 0.0131916 -0.437597 0.899074 208 94 42
0.159401 0.107586 0.110584 0.00613871 -0.425003 0.905171 211 91 42
0.172447 0.107586 0.110584 0.0135785 -0.400996 0.915979 215 91 48
0.185494 0.107586 0.110584 0.101883 -0.391615 0.914471 220 95 61
0.19854 0.107586 0.110584 0.267643 -0.411499 0.871227 221 96 68
0.211586 0.107586 0.110584 0.353686 -0.434797 0.828166 223 97 88
0.22039 0.105055 0.0909575 0.601346 -0.484297 0.635483 232 105 97
0.229125 0.102525 0.0713313 0.68064 -0.54898 0.485129 231 108 103
0.235636 0.0987291 0.0418914 0.596104 -0.62792 0.500376 218 103 127
0.244217 0.0961987 0.0222646 0.4317 -0.672106 0.601589 201 68 117
0.257109 0.0961987 0.0222646 0.270316 -0.688745 0.672726 197 64 114
0.270001 0.0961987 0.0222646 0.148219 -0.677676 0.720269 189 59 108
0.282893 0.0961987 0.0222646 0.0681628 -0.660234 0.747961 183 58 104
0.295785 0.0961987 0.0222646 0.0227177 -0.644586 0.764194 172 57 99
0.308677 0.0961987 0.0222646 -0.0776537 -0.614712 0.784919 163 55 93
0.321569 0.0961987 0.0222646 -0.108693 -0.59541 0.796036 149 55 85
0.334461 0.0961987 0.0222646 -0.0593475 -0.595471 0.801182 125 59 79
0.347353 0.0961987 0.0222646 0.0436863 0.568909 -0.821239 115 56 76
0.360245 0.0961987 0.0222646 0.0794584 0.555517 -0.8277 102 54 74
0.373137 0.0961987 0.0222646 0.0719761 0.510905 -0.856619 94 56 74
-0.370552 0.112912 0.0517045 0.768798 -0.246289 0.590163 113 100 206
-0.357608 0.112912 0.0517045 0.789208 -0.226649 0.570772 113 97 206
-0.346049 0.111629 0.0418914 0.825016 -0.158726 0.54236 109 88 196
-0.335925 0.109065 0.0222646 0.748705 -0.250522 0.613742 83 64 162
-0.32587 0.1065 0.00263842 0.671444 -0.391234 0.629365 66 58 133
-0.314448 0.105218 -0.00717469 0.471621 -0.463124 0.750393 67 52 127
-0.301607 0.105218 -0.00717469 0.371414 -0.516411 0.771604 74 43 121
-0.291706 0.102653 -0.0268015 0.195731 -0.506823 0.839535 73 34 99
-0.2789 0.102653 -0.0268015 0.0425684 -0.488396 0.871583 78 32 99
-0.266094 0.102653 -0.0268015 -0.0790597 -0.477369 0.875139 91 27 100
-0.253287 0.102653 -0.0268015 -0.246722 -0.443046 0.861881 97 26 104
-0.237404 0.105218 -0.00717469 -0.350678 -0.519205 0.779391 136 23 140
-0.223008 0.1065 0.00263842 0.471377 0.525126 -0.708552 153 28 149
-0.186163 0.115476 0.0713313 0.779593 0.225959 -0.584104 251 110 178
-0.148838 0.124453 0.140024 0.414697 0.29117 -0.862117 193 28 34
-0.132458 0.127017 0.15965 -0.10343 -0.255521 0.961255 183 29 15
-0.122643 0.124453 0.140024 0.0697995 -0.358892 0.930766 183 32 10
-0.109545 0.124453 0.140024 0.240005 -0.319113 0.916823 180 36 7
-0.0964474 0.124453 0.140024 0.334914 -0.251906 0.907951 180 41 9
-0.0833495 0.124453 0.140024 0.360913 -0.271202 0.892296 184 48 14
-0.0737059 0.121888 0.120397 0.41557 -0.195009 0.88841 201 75 19
-0.0606424 0.121888 0.120397 0.431067 -0.203679 0.879031 213 92 30
-0.0493403 0.120606 0.110584 0.378474 -0.196344 0.904548 223 101 36
-0.0362939 0.120606 0.110584 0.378429 -0.260189 0.888309 241 119 49
-0.0268389 0.118041 0.0909575 0.2514 -0.350823 0.902065 241 120 56
-0.0138268 0.118041 0.0909575 0.177383 -0.440381 0.880113 247 124 55
-0.000814777 0.118041 0.0909575 0.0891346 -0.506282 0.857749 247 126 58
0.0121972 0.118041 0.0909575 -0.0104071 -0.557846 0.829879 247 129 63
0.0252094 0.118041 0.0909575 -0.0701039 -0.580787 0.811031 246 134 69
0.041984 0.120606 0.110584 -0.142875 -0.458073 0.877357 241 142 70
0.0550304 0.120606 0.110584 -0.152811 -0.42794 0.890795 232 147 84
0.0680766 0.120606 0.110584 -0.128614 -0.401821 0.906641 228 145 87
0.0811229 0.120606 0.110584 -0.0899187 -0.397129 0.913347 223 140 85
0.0941693 0.120606 0.110584 -0.0893441 -0.40247 0.911063 217 132 78
0.107216 0.120606 0.110584 -0.0338495 -0.394763 0.918159 212 125 72
0.120262 0.120606 0.110584 0.00352008 -0.40884 0.912599 207 114 56
0.133308 0.120606 0.110584 0.0238357 -0.408367 0.912506 206 98 42
0.146355 0.120606 0.110584 0.0444804 -0.407035 0.912329 206 94 42
0.159401 0.120606 0.110584 0.052083 -0.379016 0.923923 211 92 43
0.172447 0.120606 0.110584 0.0546101 -0.313334 0.948072 215 92 49
0.185494 0.120606 0.110584 0.112044 -0.277521 0.954164 219 95 62
0.19854 0.120606 0.110584 0.215438 -0.256821 0.942141 219 95 69
0.211586 0.120606 0.110584 0.383385 -0.296749 0.874617 221 97 89
0.22039 0.118041 0.0909575 0.652378 -0.334081 0.680288 230 106 94
0.233402 0.118041 0.0909575 0.706379 -0.372541 0.601866 223 105 111
0.237791 0.112912 0.0517045 0.638158 -0.529924 0.558511 218 104 128
0.248562 0.111629 0.0418914 0.513737 -0.636941 0.574788 209 97 128
0.261489 0.111629 0.0418914 0.383605 -0.600047 0.70199 203 92 127
0.274415 0.111629 0.0418914 0.252627 -0.573071 0.779596 191 86 120
0.282893 0.109065 0.0222646 0.0719366 -0.648639 0.757689 180 53 109
0.295785 0.109065 0.0222646 0.0151714 -0.647946 0.761535 170 57 102
0.308677 0.109065 0.0222646 -0.0175431 -0.609393 0.792674 161 55 96
0.32612 0.111629 0.0418914 -0.0655337 -0.476064 0.876966 149 78 99
0.339047 0.111629 0.0418914 -0.0781813 -0.496925 0.864264 135 77 95
0.351973 0.111629 0.0418914 0.0125512 0.518096 -0.85523 128 76 94
0.364899 0.111629 0.0418914 0.0146789 0.527793 -0.849246 115 72 92
-0.357608 0.125829 0.0517045 0.788333 -0.247627 0.563216 132 77 181
-0.346049 0.12453 0.0418914 0.783475 -0.226611 0.578631 130 72 177
-0.335925 0.121931 0.0222646 0.705847 -0.299516 0.641927 90 59 162
-0.32587 0.119332 0.00263842 0.581737 -0.490794 0.648616 74 54 135
-0.313012 0.119332 0.00263842 0.407615 -0.527542 0.745352 76 48 130
-0.301607 0.118032 -0.00717469 0.315438 -0.566467 0.761324 79 41 124
-0.288767 0.118032 -0.00717469 0.168918 -0.622048 0.764541 88 32 120
-0.275926 0.118032 -0.00717469 0.0324748 -0.631153 0.774978 98 27 119
-0.263085 0.118032 -0.00717469 -0.148256 -0.631064 0.761432 109 24 122
-0.250245 0.118032 -0.00717469 -0.206331 -0.600179 0.772795 121 24 126
-0.235866 0.119332 0.00263842 0.375657 0.595831 -0.709836 142 25 142
-0.16515 0.134925 0.120397 -0.689342 -0.195081 0.697676 210 40 56
-0.148838 0.137524 0.140024 0.403375 0.146479 -0.903234 190 26 32
-0.132458 0.140123 0.15965 -0.0997122 0.00503251 0.995004 179 27 14
-0.122643 0.137524 0.140024 0.112328 -0.03221 0.993149 181 31 9
-0.109545 0.137524 0.140024 0.206354 -0.0670056 0.976181 179 34 6
-0.0964474 0.137524 0.140024 0.32275 -0.175316 0.930106 179 39 8
-0.0833495 0.137524 0.140024 0.359329 -0.165811 0.918362 184 45 13
-0.0737059 0.134925 0.120397 0.457324 -0.17593 0.871724 199 73 15
-0.0606424 0.134925 0.120397 0.420689 -0.137607 0.896708 211 90 27
-0.0493403 0.133626 0.110584 0.298078 -0.200742 0.933195 220 100 32
-0.0362939 0.133626 0.110584 0.218944 -0.296054 0.92974 236 117 45
-0.0232477 0.133626 0.110584 0.142301 -0.413799 0.899178 240 123 45
-0.0102013 0.133626 0.110584 0.0285585 -0.434282 0.900324 241 125 44
0.00284503 0.133626 0.110584 -0.0193059 -0.473032 0.880834 240 129 47
0.0158914 0.133626 0.110584 -0.0747999 -0.44938 0.890204 240 133 51
0.0289376 0.133626 0.110584 -0.102653 -0.436957 0.893605 238 143 64
0.041984 0.133626 0.110584 -0.107779 -0.423387 0.899515 238 143 66
0.0550304 0.133626 0.110584 -0.116011 -0.372951 0.92057 231 148 82
0.0680766 0.133626 0.110584 -0.104402 -0.309233 0.945238 227 144 84
0.0811229 0.133626 0.110584 -0.0819062 -0.268947 0.959666 223 140 82
0.0941693 0.133626 0.110584 -0.0492334 -0.222877 0.973603 216 130 72
0.109183 0.134925 0.120397 -0.00731638 -0.213914 0.976825 209 121 69
0.122246 0.134925 0.120397 0.0125614 -0.202457 0.979211 204 102 51
0.13531 0.134925 0.120397 0.0504279 -0.190464 0.980398 204 97 47
0.146355 0.133626 0.110584 0.0708542 -0.214649 0.974118 206 95 44
0.159401 0.133626 0.110584 0.088593 -0.187921 0.97818 211 93 47
0.172447 0.133626 0.110584 0.107519 -0.119413 0.987006 214 93 53
0.185494 0.133626 0.110584 0.141592 -0.0814538 0.986568 218 95 67
0.19854 0.133626 0.110584 0.245948 -0.143763 0.958562 218 96 73
0.211586 0.133626 0.110584 0.336268 -0.138193 0.931572 218 98 96
0.22039 0.131027 0.0909575 0.613952 -0.223175 0.757137 228 107 93
0.233402 0.131027 0.0909575 0.691705 -0.321685 0.646578 220 106 108
0.242103 0.128428 0.0713313 0.658853 -0.402882 0.635293 223 108 105
0.250735 0.125829 0.0517045 0.543359 -0.541604 0.641425 211 109 120
0.263678 0.125829 0.0517045 0.37283 -0.5545 0.743994 205 105 118
0.274415 0.12453 0.0418914 0.258509 -0.590632 0.764413 196 97 118
0.287341 0.12453 0.0418914 0.098277 -0.501618 0.859489 189 94 116
0.300268 0.12453 0.0418914 0.0391288 -0.495959 0.867464 172 89 108
0.313194 0.12453 0.0418914 -0.0183384 -0.482762 0.875559 161 88 100
0.32612 0.12453 0.0418914 -0.0654258 -0.427374 0.901704 154 88 97
0.339047 0.12453 0.0418914 -0.0681256 -0.408354 0.910278 143 90 96
0.351973 0.12453 0.0418914 0.0298853 0.382064 -0.923652 135 89 95
0.364899 0.12453 0.0418914 -0.00307755 0.442758 -0.896636 127 90 93
-0.357608 0.138746 0.0517045 0.760808 -0.297458 0.576793 128 75 176
-0.346049 0.13743 0.0418914 0.706948 -0.317327 0.632083 128 69 170
-0.335925 0.134797 0.0222646 0.651488 -0.41007 0.638284 98 53 159
-0.32587 0.132163 0.00263842 0.505041 -0.506366 0.698947 87 49 140
-0.313012 0.132163 0.00263842 0.379157 -0.562051 0.735077 86 44 134
-0.300154 0.132163 0.00263842 0.271367 -0.611518 0.74324 89 37 129
-0.287297 0.132163 0.00263842 0.0980242 -0.646751 0.756376 96 28 125
-0.275926 0.130847 -0.00717469 0.00595846 -0.640295 0.768106 104 24 126
-0.263085 0.130847 -0.00717469 -0.11126 -0.662873 0.740419 113 22 127
-0.248723 0.132163 0.00263842 -0.267384 -0.677816 0.684888 135 23 138
-0.232789 0.134797 0.0222646 -0.329614 -0.649276 0.685416 176 32 162
-0.216786 0.13743 0.0418914 -0.580285 -0.493673 0.647731 226 70 174
-0.202287 0.138746 0.0517045 0.699596 0.359203 -0.617689 246 93 178
-0.16515 0.147962 0.120397 -0.659553 -0.0782193 0.747577 210 35 56
-0.148838 0.150595 0.140024 -0.396948 0.0213073 0.917594 192 26 34
-0.132458 0.153228 0.15965 0.0662824 0.0522191 0.996434 182 28 17
-0.122643 0.150595 0.140024 0.0801713 0.0537512 0.995331 184 32 13
-0.109545 0.150595 0.140024 0.196689 0.0498856 0.979196 184 35 13
-0.0964474 0.150595 0.140024 0.299693 0.0284858 0.95361 185 39 15
-0.0833495 0.150595 0.140024 0.351736 0.00383318 0.936091 190 46 21
-0.0737059 0.147962 0.120397 0.478142 -0.0235186 0.877968 211 73 25
-0.0606424 0.147962 0.120397 0.416846 -0.0442095 0.907901 220 90 33
-0.0493403 0.146646 0.110584 0.257998 -0.171383 0.950823 227 95 36
-0.0362939 0.146646 0.110584 0.159855 -0.163068 0.973578 239 117 51
-0.0232477 0.146646 0.110584 0.073511 -0.249812 0.9655 236 123 47
-0.0102013 0.146646 0.110584 -0.0178659 -0.33484 0.942106 234 126 47
0.00284503 0.146646 0.110584 -0.022817 -0.399116 0.916616 231 131 48
0.0158914 0.146646 0.110584 -0.0589352 -0.367077 0.928322 230 134 50
0.0289376 0.146646 0.110584 -0.0644537 -0.329234 0.942046 228 138 53
0.041984 0.146646 0.110584 -0.067881 -0.277211 0.958408 228 140 54
0.056929 0.147962 0.120397 -0.0496727 -0.194903 0.979564 224 140 54
0.0699923 0.147962 0.120397 -0.0366674 -0.18802 0.98148 225 132 50
0.0830558 0.147962 0.120397 -0.076371 -0.227439 0.970793 223 127 47
0.0961193 0.147962 0.120397 -0.0600954 -0.249744 0.966445 219 120 44
0.109183 0.147962 0.120397 0.00050295 -0.247811 0.968808 216 117 43
0.122246 0.147962 0.120397 0.0318706 -0.195095 0.980266 211 105 41
0.13531 0.147962 0.120397 0.043081 -0.152908 0.987301 211 103 43
0.148373 0.147962 0.120397 0.0813575 -0.176666 0.980903 212 103 46
0.161437 0.147962 0.120397 0.132066 -0.133886 0.982157 210 104 55
0.1745 0.147962 0.120397 0.133848 -0.091557 0.986763 213 108 65
0.185494 0.146646 0.110584 0.13599 -0.0729539 0.988021 219 111 75
0.19854 0.146646 0.110584 0.246506 -0.100241 0.963943 218 113 82
0.211586 0.146646 0.110584 0.354129 -0.0706474 0.932524 218 111 107
0.224633 0.146646 0.110584 0.533453 -0.00125076 0.845829 208 105 106
0.233402 0.144012 0.0909575 0.611949 -0.158804 0.77479 218 107 108
0.242103 0.141379 0.0713313 0.700555 -0.355151 0.618943 220 108 104
0.255081 0.141379 0.0713313 0.567654 -0.410122 0.713841 204 109 111
0.263678 0.138746 0.0517045 0.327877 -0.465272 0.822203 201 102 115
0.276622 0.138746 0.0517045 0.297088 -0.531066 0.793541 191 97 114
0.289565 0.138746 0.0517045 0.215011 -0.488791 0.84549 174 91 107
0.300268 0.13743 0.0418914 0.0812892 -0.393416 0.91576 167 88 100
0.313194 0.13743 0.0418914 0.000269107 -0.317065 0.948404 156 87 94
0.328396 0.138746 0.0517045 -0.0078281 -0.254501 0.967041 148 89 95
0.339047 0.13743 0.0418914 0.056265 0.313284 -0.947991 141 90 90
0.351973 0.13743 0.0418914 -0.0124904 0.345237 -0.938432 132 88 90
-0.344665 0.151664 0.0517045 0.610447 -0.373386 0.698525 140 69 161
-0.333122 0.15033 0.0418914 -0.587208 0.425235 -0.68874 140 62 155
-0.323033 0.147663 0.0222646 0.448383 -0.526404 0.722393 125 50 149
-0.310141 0.147663 0.0222646 0.343261 -0.567004 0.748784 131 44 145
-0.297249 0.147663 0.0222646 0.150405 -0.62893 0.762775 138 39 142
-0.284357 0.147663 0.0222646 0.0161537 -0.676362 0.736392 149 34 141
-0.271465 0.147663 0.0222646 -0.11686 -0.705725 0.698782 159 30 142
-0.258573 0.147663 0.0222646 -0.190825 -0.692002 0.696217 168 33 146
-0.245681 0.147663 0.0222646 -0.271541 -0.659054 0.701366 182 38 153
-0.229712 0.15033 0.0418914 -0.316369 -0.605871 0.729953 214 59 164
-0.21523 0.151664 0.0517045 -0.501731 -0.517817 0.692916 232 78 172
-0.202287 0.151664 0.0517045 -0.616763 -0.383551 0.68738 241 85 166
-0.16515 0.160999 0.120397 0.606476 -0.0281829 -0.794602 210 35 56
-0.148838 0.163667 0.140024 -0.385149 0.165238 0.907941 194 26 35
-0.135741 0.163667 0.140024 -0.179478 0.229614 0.95659 188 32 19
-0.122643 0.163667 0.140024 0.0982888 0.160015 0.982209 190 34 19
-0.109545 0.163667 0.140024 0.151646 0.198486 0.968301 189 37 20
-0.0964474 0.163667 0.140024 0.213843 0.204411 0.955242 191 42 23
-0.0833495 0.163667 0.140024 0.317923 0.177155 0.931419 194 48 27
-0.0702518 0.163667 0.140024 0.389638 0.0695721 0.918337 197 53 32
-0.0606424 0.160999 0.120397 0.414865 -0.0320904 0.909317 221 89 36
-0.047579 0.160999 0.120397 0.247358 -0.0611554 0.966992 223 95 40
-0.0362939 0.159666 0.110584 0.102025 -0.0831236 0.991303 235 117 51
-0.0232477 0.159666 0.110584 0.00176575 -0.0972675 0.995257 233 123 49
-0.00838854 0.160999 0.120397 -0.0540139 -0.162436 0.98524 225 128 48
0.00467494 0.160999 0.120397 -0.0543184 -0.174229 0.983206 224 132 49
0.0177384 0.160999 0.120397 -0.0109211 -0.182024 0.983234 224 134 50
0.0308019 0.160999 0.120397 -0.0244898 -0.167429 0.98558 224 139 53
0.0438655 0.160999 0.120397 -0.0351576 -0.154919 0.987301 222 140 54
0.056929 0.160999 0.120397 -0.0353661 -0.142606 0.989147 223 137 53
0.0699923 0.160999 0.120397 -0.0747204 -0.158534 0.984522 224 130 50
0.0830558 0.160999 0.120397 -0.125644 -0.194651 0.972792 222 126 50
0.0961193 0.160999 0.120397 -0.0731103 -0.170045 0.98272 218 120 48
0.109183 0.160999 0.120397 -0.00283677 -0.146999 0.989133 213 116 48
0.122246 0.160999 0.120397 0.0543744 -0.0930395 0.994177 213 109 45
0.13531 0.160999 0.120397 0.0805525 -0.0418189 0.995873 213 106 47
0.148373 0.160999 0.120397 0.104452 -0.000110042 0.99453 213 106 52
0.161437 0.160999 0.120397 0.160468 -0.0177002 0.986882 212 108 61
0.1745 0.160999 0.120397 0.156174 -0.0293803 0.987293 213 111 70
0.185494 0.159666 0.110584 0.225887 0.0615685 0.972206 218 114 80
0.19854 0.159666 0.110584 0.298584 0.107361 0.948326 217 115 88
0.211586 0.159666 0.110584 0.384789 0.115706 0.915724 216 112 108
0.224633 0.159666 0.110584 0.380591 0.124326 0.916348 204 106 108
0.233402 0.156998 0.0909575 0.611458 -0.0967865 0.785335 212 105 109
0.242103 0.154331 0.0713313 0.6491 -0.273623 0.709789 214 107 105
0.255081 0.154331 0.0713313 0.510184 -0.327167 0.795408 197 108 106
0.268058 0.154331 0.0713313 0.438359 -0.360814 0.823198 188 106 106
0.276622 0.151664 0.0517045 0.301828 -0.413298 0.859118 183 99 105
0.289565 0.151664 0.0517045 0.248599 -0.361214 0.898734 170 92 97
0.302509 0.151664 0.0517045 0.201157 -0.297025 0.933441 163 91 94
0.315452 0.151664 0.0517045 0.0968274 -0.244604 0.964776 155 90 90
0.328396 0.151664 0.0517045 0.0867354 -0.185097 0.978885 148 91 87
0.341339 0.151664 0.0517045 -0.0044219 0.162795 -0.98665 141 93 88
0.354283 0.151664 0.0517045 -0.01689 0.149699 -0.988587 136 93 88
-0.344665 0.164581 0.0517045 -0.568799 0.412703 -0.711438 141 67 149
-0.331721 0.164581 0.0517045 -0.433982 0.379603 -0.817044 143 64 148
-0.320196 0.16323 0.0418914 0.395543 -0.505875 0.766574 144 59 143
-0.30727 0.16323 0.0418914 0.201691 -0.510397 0.835952 156 53 139
-0.297249 0.160529 0.0222646 0.0787788 -0.635486 0.768083 132 39 141
-0.284357 0.160529 0.0222646 -0.0345249 -0.675129 0.736891 144 33 140
-0.268491 0.16323 0.0418914 -0.142505 -0.596401 0.789936 189 48 144
-0.255565 0.16323 0.0418914 -0.240444 -0.613297 0.752366 199 52 148
-0.242638 0.16323 0.0418914 -0.321523 -0.572205 0.754456 207 55 153
-0.228173 0.164581 0.0517045 -0.381464 -0.559113 0.736123 216 61 161
-0.21523 0.164581 0.0517045 -0.426807 -0.535864 0.728482 226 73 161
-0.195995 0.169984 0.0909575 0.695157 0.270926 -0.66585 234 78 130
-0.182983 0.169984 0.0909575 0.711672 0.224916 -0.665534 239 80 123
-0.16515 0.174036 0.120397 -0.554294 0.163098 0.816184 213 39 60
-0.148838 0.176738 0.140024 -0.248364 0.331184 0.910292 199 29 38
-0.135741 0.176738 0.140024 -0.109463 0.392294 0.913303 194 35 29
-0.122643 0.176738 0.140024 0.0917196 0.380874 0.920067 195 36 28
-0.109545 0.176738 0.140024 0.205406 0.342317 0.916858 195 41 31
-0.0964474 0.176738 0.140024 0.185893 0.328848 0.925906 195 45 34
-0.0833495 0.176738 0.140024 0.274731 0.274417 0.92153 199 53 39
-0.0737059 0.174036 0.120397 0.300002 0.186796 0.935471 222 81 48
-0.0606424 0.174036 0.120397 0.311968 0.105603 0.944206 225 96 55
-0.047579 0.174036 0.120397 0.255303 0.0248848 0.966541 226 100 57
-0.0345155 0.174036 0.120397 0.0602575 -0.0182259 0.998016 230 119 64
-0.0214519 0.174036 0.120397 -0.04949 -0.0705646 0.996279 224 126 59
-0.00838854 0.174036 0.120397 -0.0851308 -0.100817 0.991256 223 128 57
0.00467494 0.174036 0.120397 -0.0694995 -0.108363 0.991679 220 130 56
0.0177384 0.174036 0.120397 -0.0035009 -0.11814 0.992991 220 132 57
0.0308019 0.174036 0.120397 -0.0247229 -0.094923 0.995178 222 135 58
0.0438655 0.174036 0.120397 -0.0349356 -0.0714591 0.996832 220 135 54
0.056929 0.174036 0.120397 -0.0363241 -0.0476497 0.998203 222 133 54
0.0699923 0.174036 0.120397 -0.129849 -0.0437965 0.990566 224 126 50
0.0830558 0.174036 0.120397 -0.132833 -0.0512272 0.989814 223 123 49
0.100019 0.176738 0.140024 -0.0199895 -0.0552614 0.998272 205 114 55
0.113117 0.176738 0.140024 0.063663 -0.0653734 0.995828 205 113 56
0.122246 0.174036 0.120397 0.149784 0.0384358 0.987971 216 113 49
0.13531 0.174036 0.120397 0.155344 0.0793038 0.984672 214 112 54
0.148373 0.174036 0.120397 0.161643 0.132713 0.977885 214 113 59
0.161437 0.174036 0.120397 0.162663 0.112966 0.980194 212 115 70
0.1745 0.174036 0.120397 0.209188 0.146459 0.966846 212 118 80
0.185494 0.172685 0.110584 0.294284 0.224887 0.928883 215 118 87
0.19854 0.172685 0.110584 0.320503 0.29221 0.90105 213 118 95
0.211586 0.172685 0.110584 0.338678 0.26115 0.903935 207 112 112
0.224633 0.172685 0.110584 0.248143 0.273208 0.929399 197 105 108
0.233402 0.169984 0.0909575 0.575146 0.0219516 0.817757 206 108 104
0.246414 0.169984 0.0909575 0.578008 -0.0736517 0.812701 196 107 100
0.259426 0.169984 0.0909575 0.468405 -0.146961 0.871206 188 104 100
0.268058 0.167282 0.0713313 0.427566 -0.290378 0.856077 181 103 99
0.281036 0.167282 0.0713313 0.414185 -0.254633 0.873849 174 102 100
0.294014 0.167282 0.0713313 0.368893 -0.272632 0.888589 166 100 96
0.302509 0.164581 0.0517045 0.247264 -0.227559 0.941848 158 90 86
0.315452 0.164581 0.0517045 0.183445 -0.159213 0.970051 150 90 83
0.328396 0.164581 0.0517045 0.145743 -0.131617 0.980528 144 90 80
0.341339 0.164581 0.0517045 -0.0144668 0.132484 -0.99108 137 92 80
-0.331721 0.177498 0.0517045 -0.412916 0.502369 -0.759688 145 63 135
-0.320196 0.17613 0.0418914 0.260731 -0.492767 0.830181 148 59 133
-0.30727 0.17613 0.0418914 0.15412 -0.543638 0.825048 153 55 133
-0.294344 0.17613 0.0418914 0.012398 -0.555291 0.831564 159 52 132
-0.281417 0.17613 0.0418914 -0.118392 -0.579867 0.806063 175 45 135
-0.268491 0.17613 0.0418914 -0.189415 -0.603422 0.774599 186 48 138
-0.25406 0.177498 0.0517045 -0.290758 -0.562252 0.774166 195 52 142
-0.241117 0.177498 0.0517045 -0.297481 -0.546412 0.782904 207 56 146
-0.225096 0.180234 0.0713313 -0.420213 -0.495048 0.760492 222 74 130
-0.212119 0.180234 0.0713313 0.450976 0.433841 -0.780002 230 76 126
-0.195995 0.18297 0.0909575 0.653629 0.256395 -0.712061 231 77 123
-0.178214 0.187073 0.120397 -0.595245 0.104722 0.796691 218 49 69
-0.16515 0.187073 0.120397 -0.528913 0.237572 0.814746 220 51 66
-0.148838 0.189809 0.140024 -0.196878 0.427033 0.882543 201 31 42
-0.135741 0.189809 0.140024 -0.0818871 0.475864 0.875698 198 38 36
-0.122643 0.189809 0.140024 0.106112 0.486184 0.86739 201 40 36
-0.112896 0.187073 0.120397 0.107504 0.527602 0.842662 215 63 50
-0.0998329 0.187073 0.120397 0.111326 0.513243 0.850992 219 68 54
-0.0867694 0.187073 0.120397 0.190827 0.400705 0.896114 224 78 58
-0.0737059 0.187073 0.120397 0.166043 0.341275 0.925182 228 87 63
-0.0606424 0.187073 0.120397 0.207424 0.254351 0.944606 231 101 70
-0.047579 0.187073 0.120397 0.138084 0.160579 0.977316 231 106 73
-0.0362939 0.185706 0.110584 0.0386008 0.0419203 0.998375 238 120 70
-0.0232477 0.185706 0.110584 -0.0618207 0.0234127 0.997813 233 125 66
-0.00838854 0.187073 0.120397 -0.107908 0.0597801 0.992362 227 127 66
0.00467494 0.187073 0.120397 -0.0927808 0.0410243 0.994841 224 130 63
0.0177384 0.187073 0.120397 0 0 1 224 131 62
0.0308019 0.187073 0.120397 3.3562e-12 1.51997e-19 1 225 134 63
0.0438655 0.187073 0.120397 -3.36264e-12 -8.78514e-15 1 222 132 55
0.056929 0.187073 0.120397 -0 -0 1 223 130 55
0.0699923 0.187073 0.120397 -0.149558 -0.00862495 0.988715 224 123 51
0.0830558 0.187073 0.120397 -0.139753 0.0053455 0.990172 224 121 51
0.100019 0.189809 0.140024 0.0123041 0.0625542 0.997966 203 113 58
0.109183 0.187073 0.120397 0.112603 0.0656262 0.99147 221 118 45
0.122246 0.187073 0.120397 0.221539 0.137894 0.965353 215 117 52
0.13531 0.187073 0.120397 0.200609 0.17194 0.964465 215 118 58
0.148373 0.187073 0.120397 0.0895277 0.182508 0.97912 214 119 65
0.161437 0.187073 0.120397 0.14229 0.147505 0.978773 212 121 77
0.172447 0.185706 0.110584 0.346704 0.247778 0.904656 216 123 82
0.185494 0.185706 0.110584 0.380135 0.293705 0.87706 213 122 94
0.194366 0.18297 0.0909575 0.319824 0.329428 0.888363 224 120 102
0.207378 0.18297 0.0909575 0.244134 0.309138 0.919148 220 117 103
0.22039 0.18297 0.0909575 0.345209 0.185745 0.919962 214 114 101
0.233402 0.18297 0.0909575 0.384117 0.0270932 0.922887 202 105 101
0.246414 0.18297 0.0909575 0.468756 -0.0340852 0.88267 192 104 98
0.255081 0.180234 0.0713313 0.439896 -0.144125 0.886408 185 100 91
0.268058 0.180234 0.0713313 0.446279 -0.194879 0.873417 175 98 90
0.281036 0.180234 0.0713313 0.443077 -0.189136 0.876305 167 96 87
0.294014 0.180234 0.0713313 0.376939 -0.182482 0.908084 157 94 83
0.302509 0.177498 0.0517045 0.345026 -0.148482 0.926774 153 89 78
0.315452 0.177498 0.0517045 0.293212 -0.0554456 0.954438 144 89 76
0.328396 0.177498 0.0517045 -0.253624 0.079348 -0.964043 140 91 74
0.341339 0.177498 0.0517045 -0.220939 0.07445 -0.972442 134 93 74
-0.320196 0.189031 0.0418914 -0.193151 0.536875 -0.821254 147 60 127
-0.30727 0.189031 0.0418914 -0.109086 0.562117 -0.819832 150 55 128
-0.294344 0.189031 0.0418914 -0.0329828 -0.567155 0.822951 153 52 128
-0.279947 0.190416 0.0517045 -0.160029 -0.569603 0.806191 171 45 130
-0.267004 0.190416 0.0517045 -0.210017 -0.543999 0.812378 183 49 133
-0.25406 0.190416 0.0517045 -0.249599 -0.56046 0.789674 190 51 135
-0.238074 0.193186 0.0713313 -0.276581 -0.510277 0.814322 208 67 118
-0.225096 0.193186 0.0713313 -0.37315 -0.379048 0.846807 218 73 115
-0.212119 0.193186 0.0713313 -0.466604 -0.367065 0.804701 225 76 113
-0.195995 0.195956 0.0909575 0.575054 0.0921894 -0.812905 230 79 113
-0.179804 0.198726 0.110584 -0.502948 0.116314 0.856455 226 67 80
-0.16515 0.20011 0.120397 -0.486487 0.211429 0.847719 222 63 75
-0.152087 0.20011 0.120397 -0.117414 0.383589 0.916009 224 61 70
-0.139023 0.20011 0.120397 -0.00444004 0.471027 0.882108 226 67 69
-0.12596 0.20011 0.120397 0.0820576 0.523836 0.847858 226 70 69
-0.112896 0.20011 0.120397 0.110554 0.519285 0.84742 227 82 76
-0.0998329 0.20011 0.120397 0.0961902 0.491746 0.865409 230 86 78
-0.0867694 0.20011 0.120397 0.0655273 0.430625 0.900149 233 94 84
-0.0737059 0.20011 0.120397 0.120868 0.314784 0.941436 235 100 88
-0.0606424 0.20011 0.120397 0.118638 0.239495 0.963622 236 111 93
-0.047579 0.20011 0.120397 0.0588709 0.171133 0.983487 236 113 95
-0.0362939 0.198726 0.110584 0.0227573 0.13643 0.990388 243 121 89
-0.0232477 0.198726 0.110584 -0.0384945 0.125748 0.991315 240 125 80
-0.00838854 0.20011 0.120397 -0.124336 0.127486 0.984016 233 130 79
0.00467494 0.20011 0.120397 -0.121685 0.102202 0.987293 231 132 76
0.0177384 0.20011 0.120397 -0.0453464 0.0666953 0.996742 231 132 74
0.0308019 0.20011 0.120397 -0.0237028 0.0206948 0.999505 230 132 73
0.0438655 0.20011 0.120397 0.00813137 0.0275506 0.999587 225 129 61
0.056929 0.20011 0.120397 0.010786 0.0520521 0.998586 225 128 61
0.0699923 0.20011 0.120397 -0.112381 0.0418517 0.992783 222 121 55
0.0830558 0.20011 0.120397 -0.0624224 0.0735314 0.995337 221 119 53
0.100019 0.20288 0.140024 0.0822419 0.186482 0.97901 206 113 59
0.109183 0.20011 0.120397 0.174091 0.190726 0.966083 218 119 50
0.122246 0.20011 0.120397 0.273917 0.25282 0.927929 211 120 58
0.13531 0.20011 0.120397 0.15723 0.205804 0.96588 209 121 65
0.146355 0.198726 0.110584 0.0871778 0.193082 0.977302 215 122 70
0.159401 0.198726 0.110584 0.261174 0.228147 0.937943 215 125 80
0.172447 0.198726 0.110584 0.37879 0.2744 0.883868 212 125 88
0.185494 0.198726 0.110584 0.394624 0.282936 0.874196 209 125 95
0.194366 0.195956 0.0909575 0.308429 0.241619 0.92005 220 119 101
0.207378 0.195956 0.0909575 0.198566 0.240536 0.950113 214 115 103
0.22039 0.195956 0.0909575 0.199199 0.14586 0.969043 208 112 102
0.233402 0.195956 0.0909575 0.273303 0.0809782 0.958513 198 102 99
0.246414 0.195956 0.0909575 0.423058 0.0342369 0.905455 188 98 94
0.255081 0.193186 0.0713313 0.458064 -0.0001991 0.888919 181 94 86
0.268058 0.193186 0.0713313 0.479046 0.0851726 0.873648 170 90 83
0.281036 0.193186 0.0713313 0.455553 0.0872409 0.885923 161 88 80
0.294014 0.193186 0.0713313 0.34696 0.106044 0.931866 152 88 76
0.302509 0.190416 0.0517045 0.349812 0.0900405 0.932483 144 87 74
0.315452 0.190416 0.0517045 0.300539 0.0305067 0.953282 136 88 71
0.328396 0.190416 0.0517045 -0.303563 -0.0181283 -0.952639 131 90 69
0.341339 0.190416 0.0517045 -0.212498 -0.0026828 -0.977158 127 94 69
-0.318778 0.203333 0.0517045 -0.178778 0.600406 -0.779456 162 63 108
-0.305834 0.203333 0.0517045 -0.0674368 0.601698 -0.795872 169 60 105
-0.289985 0.206137 0.0713313 0.117729 0.606186 -0.786561 177 63 86
-0.277008 0.206137 0.0713313 -0.155007 -0.597455 0.786779 182 63 90
-0.26403 0.206137 0.0713313 -0.229595 -0.578831 0.782458 189 64 97
-0.251052 0.206137 0.0713313 -0.202489 -0.509226 0.836473 195 65 105
-0.238074 0.206137 0.0713313 -0.214462 -0.392397 0.894444 202 67 102
-0.22202 0.208941 0.0909575 -0.266284 -0.191792 0.944621 214 75 107
-0.209007 0.208941 0.0909575 -0.495473 -0.0552139 0.866866 221 78 108
-0.195995 0.208941 0.0909575 -0.594068 0.0247523 0.804034 229 81 104
-0.179804 0.211745 0.110584 -0.413798 0.137616 0.899907 228 78 89
-0.166757 0.211745 0.110584 -0.347939 0.237568 0.906918 233 79 85
-0.152087 0.213148 0.120397 -0.0342681 0.362842 0.93122 229 72 80
-0.139023 0.213148 0.120397 0.0498873 0.515605 0.855373 231 75 80
-0.127618 0.211745 0.110584 0.0754822 0.581807 0.809816 237 88 85
-0.114572 0.211745 0.110584 0.0613866 0.569863 0.819443 239 103 99
-0.101526 0.211745 0.110584 0.0452803 0.499651 0.865042 242 107 102
-0.0884792 0.211745 0.110584 0.0121674 0.486082 0.873828 243 112 105
-0.0754329 0.211745 0.110584 0.0155583 0.453256 0.891245 244 116 108
-0.0623867 0.211745 0.110584 0.0340854 0.361505 0.931747 244 118 108
-0.0493403 0.211745 0.110584 0.0290042 0.270123 0.962389 244 119 108
-0.0362939 0.211745 0.110584 -0.0267899 0.217636 0.975662 247 121 102
-0.0232477 0.211745 0.110584 -0.0641308 0.215388 0.97442 245 125 93
-0.00838854 0.213148 0.120397 -0.15872 0.129058 0.978852 238 129 90
0.00467494 0.213148 0.120397 -0.152845 0.118524 0.981117 236 131 87
0.0177384 0.213148 0.120397 -0.0882502 0.127234 0.987939 233 131 83
0.0308019 0.213148 0.120397 -0.0341345 0.12296 0.991824 231 133 80
0.0438655 0.213148 0.120397 0.0118387 0.113221 0.993499 223 128 66
0.056929 0.213148 0.120397 0.0132604 0.0939495 0.995489 222 126 65
0.0699923 0.213148 0.120397 -0.0820792 0.0895194 0.992597 218 119 59
0.0830558 0.213148 0.120397 -0.0317527 0.120022 0.992263 216 117 57
0.0961193 0.213148 0.120397 0.0860667 0.15884 0.983546 214 116 53
0.109183 0.213148 0.120397 0.178037 0.19291 0.964929 213 118 53
0.120262 0.211745 0.110584 0.190756 0.157053 0.968992 213 116 54
0.133308 0.211745 0.110584 0.133001 0.142446 0.980826 212 121 69
0.146355 0.211745 0.110584 0.199458 0.195359 0.960235 212 123 76
0.159401 0.211745 0.110584 0.282286 0.232009 0.930852 211 127 85
0.172447 0.211745 0.110584 0.395881 0.254357 0.882372 210 127 91
0.181354 0.208941 0.0909575 0.344521 0.200335 0.917154 220 121 99
0.194366 0.208941 0.0909575 0.295152 0.149407 0.943697 216 119 100
0.207378 0.208941 0.0909575 0.15166 0.0780084 0.98535 211 116 103
0.22039 0.208941 0.0909575 -0 -0 1 204 113 102
0.233402 0.208941 0.0909575 0.245935 0.00950941 0.96924 194 99 97
0.246414 0.208941 0.0909575 0.379091 0.0208139 0.925125 185 95 92
0.259426 0.208941 0.0909575 0.41062 0.0507177 0.910395 177 91 87
0.268058 0.206137 0.0713313 0.457585 0.230462 0.85878 165 86 80
0.281036 0.206137 0.0713313 0.389722 0.21339 0.895869 153 83 76
0.294014 0.206137 0.0713313 0.381243 0.199949 0.902593 143 84 72
0.306992 0.206137 0.0713313 0.300567 0.157032 0.940745 136 86 70
0.315452 0.203333 0.0517045 0.263064 0.0644099 0.962626 133 82 65
0.328396 0.203333 0.0517045 -0.218593 -0.0674796 -0.97348 127 85 64
0.341339 0.203333 0.0517045 -0.202909 -0.0558249 -0.977605 123 89 65
-0.302963 0.219089 0.0713313 0.03239 0.610082 -0.791676 166 69 73
-0.289985 0.219089 0.0713313 0.10013 0.618676 -0.779239 170 67 69
-0.277008 0.219089 0.0713313 -0.151965 -0.546913 0.823282 175 66 73
-0.26403 0.219089 0.0713313 -0.0610626 -0.503524 0.86182 183 67 79
-0.251052 0.219089 0.0713313 -0.0707701 -0.511534 0.856344 190 69 85
-0.235032 0.221927 0.0909575 -0.0310811 -0.21645 0.975799 203 73 93
-0.22202 0.221927 0.0909575 -0.0322848 -0.0763225 0.99656 211 79 95
-0.209007 0.221927 0.0909575 -0.406902 0.126303 0.904698 217 81 98
-0.195995 0.221927 0.0909575 -0.519266 0.173646 0.836786 226 84 99
-0.179804 0.224765 0.110584 -0.389386 0.32537 0.861692 231 86 97
-0.166757 0.224765 0.110584 -0.141619 0.368521 0.918769 234 84 94
-0.153711 0.224765 0.110584 0.0749168 0.415523 0.906492 237 86 92
-0.140665 0.224765 0.110584 0.141901 0.465829 0.873423 239 90 94
-0.127618 0.224765 0.110584 0.104941 0.510273 0.853586 243 96 100
-0.114572 0.224765 0.110584 0.0633071 0.530852 0.845097 243 113 117
-0.101526 0.224765 0.110584 0.0107279 0.514137 0.857641 245 116 119
-0.0884792 0.224765 0.110584 -0.0130465 0.52694 0.849802 245 119 122
-0.0754329 0.224765 0.110584 -0.0438768 0.516683 0.855052 245 121 124
-0.0623867 0.224765 0.110584 -0.0576586 0.480101 0.875316 246 121 125
-0.0493403 0.224765 0.110584 -0.0597779 0.408088 0.910983 245 120 124
-0.0362939 0.224765 0.110584 -0.095766 0.364048 0.926444 247 118 115
-0.0232477 0.224765 0.110584 -0.153669 0.319592 0.935012 245 120 106
-0.0102013 0.224765 0.110584 -0.171222 0.271149 0.947186 245 119 99
0.00284503 0.224765 0.110584 -0.161561 0.20947 0.964376 239 121 90
0.0177384 0.226185 0.120397 -0.0802676 0.179066 0.980557 228 116 93
0.0308019 0.226185 0.120397 -0.0389552 0.18249 0.982436 226 114 86
0.0438655 0.226185 0.120397 -0.000276239 0.168466 0.985707 215 111 71
0.056929 0.226185 0.120397 -0.0141313 0.151034 0.988428 212 110 69
0.0699923 0.226185 0.120397 -0.0549789 0.130778 0.989886 208 105 63
0.0830558 0.226185 0.120397 -0.0242798 0.176413 0.984017 206 106 59
0.0961193 0.226185 0.120397 0.092983 0.143512 0.985271 201 109 55
0.109183 0.226185 0.120397 0.185921 0.146253 0.971619 201 110 54
0.120262 0.224765 0.110584 0.175845 0.100462 0.979278 207 110 57
0.133308 0.224765 0.110584 0.13701 0.102307 0.985272 207 118 74
0.146355 0.224765 0.110584 0.229599 0.148973 0.961817 207 120 79
0.159401 0.224765 0.110584 0.331719 0.182972 0.925464 205 124 87
0.172447 0.224765 0.110584 0.406822 0.13674 0.903215 203 125 90
0.181354 0.221927 0.0909575 0.336892 0.128595 0.93272 216 118 97
0.194366 0.221927 0.0909575 0.226889 0.100281 0.968744 212 117 99
0.207378 0.221927 0.0909575 0.107079 0.0439789 0.993277 206 115 101
0.22039 0.221927 0.0909575 0.0613937 -0.00821148 0.99808 199 112 101
0.233402 0.221927 0.0909575 0.253967 0.0101639 0.96716 191 97 95
0.246414 0.221927 0.0909575 0.361462 0.0607124 0.930408 180 92 89
0.255081 0.219089 0.0713313 0.621312 0.173384 0.76414 171 87 81
0.268058 0.219089 0.0713313 0.532878 0.248432 0.808902 157 80 77
0.276622 0.21625 0.0517045 0.298575 0.32441 0.897559 160 68 71
0.289565 0.21625 0.0517045 0.267864 0.342185 0.900643 142 72 67
0.302509 0.21625 0.0517045 0.218791 0.256306 0.941508 135 74 64
0.315452 0.21625 0.0517045 0.175632 0.176801 0.96845 125 78 63
0.328396 0.21625 0.0517045 -0.180929 -0.157197 -0.970852 118 81 62
0.341339 0.21625 0.0517045 -0.189481 -0.15108 -0.970192 113 86 62
-0.300092 0.234913 0.0909575 0.0217491 0.470888 -0.881925 161 70 70
-0.28708 0.234913 0.0909575 0.0168418 -0.401508 0.9157 164 68 67
-0.274068 0.234913 0.0909575 0.0462832 -0.404536 0.91335 171 68 69
-0.261056 0.234913 0.0909575 -0.0425415 -0.355922 0.933547 180 69 75
-0.248044 0.234913 0.0909575 0.00440943 -0.249374 0.968397 190 71 83
-0.235032 0.234913 0.0909575 0.112189 -0.0121811 0.993612 199 75 85
-0.22202 0.234913 0.0909575 0.141491 0.232642 0.962215 208 80 89
-0.212119 0.23204 0.0713313 -0.0660838 -0.131395 -0.989125 216 84 90
-0.199141 0.23204 0.0713313 -0.382696 0.198852 0.90222 226 87 92
-0.179804 0.237785 0.110584 -0.361715 0.354038 0.86245 231 108 103
-0.166757 0.237785 0.110584 -0.0244758 0.391823 0.919715 236 111 108
-0.153711 0.237785 0.110584 0.11672 0.440196 0.890283 240 115 113
-0.143947 0.234913 0.0909575 0.167911 0.446548 0.878863 249 105 110
-0.130935 0.234913 0.0909575 0.168632 0.510437 0.843218 253 110 116
-0.117923 0.234913 0.0909575 0.0752857 0.533418 0.842495 255 113 120
-0.104911 0.234913 0.0909575 0.0347015 0.536725 0.843043 255 116 125
-0.0918991 0.234913 0.0909575 0.0486126 0.572314 0.818593 253 118 133
-0.0788871 0.234913 0.0909575 0.0346523 0.602225 0.797574 254 118 133
-0.0658749 0.234913 0.0909575 -0.0266619 0.637387 0.770082 254 115 133
-0.0528629 0.234913 0.0909575 -0.113647 0.639298 0.760514 253 113 131
-0.0362939 0.237785 0.110584 -0.162728 0.484782 0.859364 231 101 124
-0.0232477 0.237785 0.110584 -0.195134 0.412233 0.889937 229 97 113
-0.0102013 0.237785 0.110584 -0.213056 0.37865 0.900684 227 96 105
0.00284503 0.237785 0.110584 -0.212797 0.367593 0.905314 224 100 96
0.0158914 0.237785 0.110584 -0.163391 0.326971 0.930802 221 100 91
0.0308019 0.239222 0.120397 -0.0262407 0.188203 0.981779 213 104 88
0.0438655 0.239222 0.120397 -0.0108065 0.186007 0.982489 203 103 73
0.0550304 0.237785 0.110584 -0.0298831 0.185591 0.982173 205 99 67
0.0680766 0.237785 0.110584 -0.0591931 0.15272 0.986495 201 101 60
0.0830558 0.239222 0.120397 -0.0145196 0.16181 0.986715 193 103 60
0.0961193 0.239222 0.120397 0.0977751 0.0854557 0.991533 190 106 55
0.109183 0.239222 0.120397 0.177253 0.0845227 0.980529 189 107 53
0.120262 0.237785 0.110584 0.177428 0.0654277 0.981956 196 106 52
0.133308 0.237785 0.110584 0.173755 0.0665246 0.982539 204 117 68
0.146355 0.237785 0.110584 0.204108 0.0177808 0.978787 204 118 72
0.159401 0.237785 0.110584 0.323734 -0.00802354 0.946114 203 120 79
0.168342 0.234913 0.0909575 0.387851 0.0519204 0.920258 215 117 93
0.181354 0.234913 0.0909575 0.324236 0.0248018 0.945651 210 117 98
0.194366 0.234913 0.0909575 0.170032 0.0386704 0.984679 205 116 99
0.207378 0.234913 0.0909575 0 0 1 199 114 102
0.22039 0.234913 0.0909575 0.106181 0.0352623 0.993721 192 111 101
0.233402 0.234913 0.0909575 0.222909 0.0609471 0.972932 183 93 96
0.246414 0.234913 0.0909575 0.504938 0.156018 0.848938 175 89 90
0.255081 0.23204 0.0713313 0.632473 0.263366 0.728434 164 82 81
0.263678 0.229167 0.0517045 0.467266 0.313862 0.826531 167 70 75
0.276622 0.229167 0.0517045 0.30176 0.308956 0.901935 150 64 69
0.289565 0.229167 0.0517045 0.249782 0.283916 0.925743 133 69 66
0.302509 0.229167 0.0517045 0.17216 0.238668 0.955719 123 70 64
0.315452 0.229167 0.0517045 0.182349 0.265251 0.946779 115 76 63
0.328396 0.229167 0.0517045 -0.112992 -0.151208 -0.982023 112 78 62
-0.297221 0.250805 0.110584 -0.129191 0.340215 -0.931431 158 82 42
-0.28708 0.247898 0.0909575 -0.151388 0.38509 -0.910378 158 76 43
-0.274068 0.247898 0.0909575 0.0522221 -0.340172 0.938912 165 74 44
-0.261056 0.247898 0.0909575 0.197147 -0.206981 0.958275 171 74 45
-0.248044 0.247898 0.0909575 0.22672 0.0515798 0.972593 188 82 62
-0.235032 0.247898 0.0909575 0.291299 0.207371 0.933886 197 84 68
-0.225096 0.244992 0.0713313 0.315034 0.145041 0.937932 205 85 76
-0.212119 0.244992 0.0713313 0.145223 0.284033 0.947753 214 89 82
-0.199141 0.244992 0.0713313 -0.243713 0.256353 0.935354 224 94 88
-0.182983 0.247898 0.0909575 -0.427788 0.28639 0.857309 227 99 97
-0.166757 0.250805 0.110584 -0.0517922 -0.325682 -0.94406 233 110 111
-0.153711 0.250805 0.110584 0.11893 0.417119 0.901037 238 113 117
-0.143947 0.247898 0.0909575 0.20718 0.45589 0.865587 246 113 125
-0.130935 0.247898 0.0909575 0.18876 0.509239 0.83967 248 115 131
-0.117923 0.247898 0.0909575 0.131592 0.517369 0.845585 249 114 135
-0.104911 0.247898 0.0909575 0.063973 0.54012 0.839153 250 112 139
-0.0918991 0.247898 0.0909575 0.0921905 0.583118 0.807139 247 110 142
-0.0788871 0.247898 0.0909575 0.0795991 0.6091 0.789089 247 107 141
-0.0658749 0.247898 0.0909575 -0.0224771 0.634641 0.77248 244 104 139
-0.0528629 0.247898 0.0909575 -0.110497 0.635365 0.764266 243 101 136
-0.0398508 0.247898 0.0909575 -0.180368 0.613267 0.769006 238 96 129
-0.0268389 0.247898 0.0909575 -0.256045 0.571448 0.779672 237 94 125
-0.0138268 0.247898 0.0909575 -0.300354 0.552573 0.777464 224 85 105
0.00284503 0.250805 0.110584 -0.229178 0.434578 0.870988 216 93 98
0.0158914 0.250805 0.110584 -0.235548 0.382513 0.893421 213 93 92
0.0289376 0.250805 0.110584 -0.133145 0.340537 0.930756 210 92 85
0.041984 0.250805 0.110584 -0.0726518 0.263738 0.961854 205 94 80
0.0550304 0.250805 0.110584 -0.0557577 0.171803 0.983552 198 93 66
0.0680766 0.250805 0.110584 -0.0581163 0.168499 0.983987 194 95 60
0.0830558 0.252259 0.120397 -0.0286815 0.105976 0.993955 184 99 59
0.0961193 0.252259 0.120397 0.065119 0.0846913 0.994277 182 102 53
0.107216 0.250805 0.110584 0.129935 0.0853787 0.98784 188 102 48
0.120262 0.250805 0.110584 0.172751 0.0381456 0.984227 188 102 49
0.133308 0.250805 0.110584 0.166159 0.0308036 0.985618 197 113 62
0.146355 0.250805 0.110584 0.170518 -0.0367039 0.984671 197 114 67
0.159401 0.250805 0.110584 0.280909 -0.0773619 0.956611 197 116 73
0.168342 0.247898 0.0909575 0.362543 -0.117791 0.924493 211 109 78
0.181354 0.247898 0.0909575 0.324105 -0.120101 0.938366 208 109 84
0.194366 0.247898 0.0909575 0.178631 -0.0826414 0.980439 205 107 86
0.207378 0.247898 0.0909575 0.0516955 0.0188621 0.998485 200 104 89
0.22039 0.247898 0.0909575 0.151345 0.0776366 0.985427 194 102 90
0.233402 0.247898 0.0909575 0.253362 0.0537001 0.96588 178 92 91
0.246414 0.247898 0.0909575 0.578712 0.201918 0.79014 162 84 85
0.255081 0.244992 0.0713313 0.648438 0.25932 0.715739 154 80 79
0.263678 0.242085 0.0517045 0.466821 0.21431 0.857991 159 67 75
0.276622 0.242085 0.0517045 0.298162 0.22412 0.927831 142 64 70
0.289565 0.242085 0.0517045 0.217446 0.222541 0.950365 124 70 68
0.300268 0.240631 0.0418914 -0.114335 -0.18468 -0.976125 116 70 65
0.313194 0.240631 0.0418914 -0.103841 -0.193494 -0.975591 108 76 64
0.328396 0.242085 0.0517045 -0.118461 -0.173233 -0.977731 103 80 65
-0.284174 0.263825 0.110584 -0.297243 0.109875 -0.948459 157 82 40
-0.274068 0.260884 0.0909575 0.328849 0.015391 0.944257 160 76 41
-0.261056 0.260884 0.0909575 0.408611 0.149171 0.900436 167 75 43
-0.248044 0.260884 0.0909575 0.336587 0.234398 0.912013 184 84 62
-0.235032 0.260884 0.0909575 0.321818 0.254666 0.911909 193 86 67
-0.225096 0.257943 0.0713313 0.365211 0.267597 0.891635 203 87 72
-0.212119 0.257943 0.0713313 0.0935848 0.346284 0.93345 213 90 82
-0.199141 0.257943 0.0713313 -0.320859 0.280638 0.904595 222 97 90
-0.182983 0.260884 0.0909575 -0.432006 0.303627 0.849224 222 99 100
-0.169971 0.260884 0.0909575 -0.111472 0.474278 0.873289 235 107 121
-0.156959 0.260884 0.0909575 0.251429 0.44902 0.857418 238 110 127
-0.143947 0.260884 0.0909575 0.210189 0.447667 0.869146 241 111 133
-0.130935 0.260884 0.0909575 0.188017 0.450955 0.872519 242 110 139
-0.117923 0.260884 0.0909575 0.166751 0.49315 0.853813 243 109 143
-0.104911 0.260884 0.0909575 0.120498 0.515598 0.848315 242 107 147
-0.0918991 0.260884 0.0909575 0.107176 0.578666 0.808492 236 100 146
-0.0823412 0.257943 0.0713313 0.111861 0.647323 0.753963 247 108 141
-0.0693634 0.257943 0.0713313 0.053944 0.662743 0.746902 244 104 139
-0.0563854 0.257943 0.0713313 -0.0582875 0.653157 0.754976 243 100 135
-0.0434078 0.257943 0.0713313 -0.161616 0.658967 0.734604 237 94 127
-0.0268389 0.260884 0.0909575 -0.261491 0.59833 0.757379 221 81 120
-0.0138268 0.260884 0.0909575 -0.30178 0.552403 0.777033 210 75 102
-0.000814777 0.260884 0.0909575 -0.309483 0.545617 0.778795 209 76 95
0.0158914 0.263825 0.110584 -0.27926 0.410126 0.868223 202 83 91
0.0289376 0.263825 0.110584 -0.206638 0.375318 0.903569 199 82 83
0.041984 0.263825 0.110584 -0.147964 0.32085 0.935501 196 81 80
0.0550304 0.263825 0.110584 -0.164034 0.231614 0.958879 190 83 65
0.0680766 0.263825 0.110584 -0.12794 0.0834413 0.988266 185 88 60
0.0811229 0.263825 0.110584 -0.106028 0.0516343 0.993022 181 92 54
0.0961193 0.265296 0.120397 0.0241312 0.0168987 0.999566 173 97 51
0.107216 0.263825 0.110584 0.0921754 -0.020641 0.995529 177 98 46
0.120262 0.263825 0.110584 0.11243 -0.071776 0.991064 177 98 45
0.133308 0.263825 0.110584 0.0977198 -0.0912483 0.991022 185 109 52
0.146355 0.263825 0.110584 0.136154 -0.109081 0.984664 187 110 56
0.159401 0.263825 0.110584 0.255771 -0.143013 0.956101 190 111 63
0.172447 0.263825 0.110584 0.342229 -0.201421 0.917774 192 112 70
0.181354 0.260884 0.0909575 0.282574 -0.252198 0.925499 200 104 77
0.194366 0.260884 0.0909575 0.176892 -0.276646 0.944551 198 102 81
0.207378 0.260884 0.0909575 0.256937 -0.218902 0.941311 192 99 85
0.22039 0.260884 0.0909575 0.197027 -0.0995892 0.975327 186 96 86
0.233402 0.260884 0.0909575 0.446021 0.0337574 0.894386 168 85 88
0.242103 0.257943 0.0713313 0.668142 0.132268 0.732183 176 89 87
0.250735 0.255002 0.0517045 0.617892 0.230321 0.751772 164 71 81
0.263678 0.255002 0.0517045 0.496402 0.195326 0.845833 152 67 76
0.276622 0.255002 0.0517045 0.360264 0.170832 0.917075 135 64 72
0.289565 0.255002 0.0517045 0.225085 0.166688 0.959975 117 70 71
0.300268 0.253532 0.0418914 -0.0715626 -0.0585013 -0.995719 109 71 69
0.313194 0.253532 0.0418914 -0.0776287 -0.129426 -0.988546 101 77 68
-0.284174 0.276845 0.110584 -0.550045 -0.0216515 -0.834855 155 86 46
-0.274068 0.27387 0.0909575 0.513059 0.0986999 0.85266 157 80 44
-0.261056 0.27387 0.0909575 0.459544 0.188877 0.867839 164 78 47
-0.248044 0.27387 0.0909575 0.384113 0.255097 0.887346 178 86 65
-0.238074 0.270895 0.0713313 0.3316 0.288679 0.898168 181 87 62
-0.225096 0.270895 0.0713313 0.387547 0.315481 0.866186 197 92 81
-0.212119 0.270895 0.0713313 0.0166618 0.270021 0.96271 205 95 89
-0.199141 0.270895 0.0713313 -0.361179 0.193304 0.912241 212 99 98
-0.182983 0.27387 0.0909575 -0.375667 0.394154 0.838759 216 100 104
-0.169971 0.27387 0.0909575 -0.0451066 0.511895 0.857863 230 105 126
-0.156959 0.27387 0.0909575 0.224415 0.458506 0.85989 233 108 133
-0.143947 0.27387 0.0909575 0.27556 0.438596 0.855395 235 108 139
-0.134252 0.270895 0.0713313 0.312668 0.526417 0.790647 237 106 140
-0.121274 0.270895 0.0713313 0.244059 0.592522 0.767693 236 103 143
-0.108297 0.270895 0.0713313 0.212253 0.618997 0.756169 234 101 146
-0.0953189 0.270895 0.0713313 0.163666 0.635273 0.754746 229 96 146
-0.0823412 0.270895 0.0713313 0.148944 0.66332 0.733364 225 90 141
-0.0693634 0.270895 0.0713313 0.0438009 0.643859 0.76389 219 85 134
-0.0563854 0.270895 0.0713313 -0.0849249 0.623861 0.776907 218 81 129
-0.0434078 0.270895 0.0713313 -0.178137 0.603388 0.777297 206 73 116
-0.03043 0.270895 0.0713313 -0.252728 0.584885 0.770739 204 71 111
-0.0174522 0.270895 0.0713313 -0.33385 0.574547 0.747288 201 68 102
-0.000814777 0.27387 0.0909575 -0.385357 0.496302 0.777936 196 68 91
0.0121972 0.27387 0.0909575 -0.386326 0.465099 0.796514 197 72 87
0.0252094 0.27387 0.0909575 -0.354996 0.416109 0.837157 194 70 81
0.041984 0.276845 0.110584 -0.214824 0.32429 0.921242 187 75 78
0.0550304 0.276845 0.110584 -0.290365 0.199533 0.935882 184 81 64
0.0680766 0.276845 0.110584 -0.207571 0.0780831 0.975099 177 86 58
0.0811229 0.276845 0.110584 -0.083702 -0.02759 0.996109 172 90 52
0.0961193 0.278333 0.120397 -0.0186973 -0.098742 0.994937 165 97 49
0.107216 0.276845 0.110584 0.0622727 -0.09868 0.993169 166 96 44
0.120262 0.276845 0.110584 0.0712218 -0.142945 0.987165 165 99 41
0.133308 0.276845 0.110584 0.0702148 -0.188903 0.979482 170 107 42
0.146355 0.276845 0.110584 0.0633786 -0.143796 0.987576 173 108 47
0.159401 0.276845 0.110584 0.205596 -0.209242 0.956006 178 110 55
0.172447 0.276845 0.110584 0.247939 -0.296581 0.922261 180 112 62
0.185494 0.276845 0.110584 0.216959 -0.377398 0.900277 180 112 69
0.194366 0.27387 0.0909575 0.19087 -0.354625 0.915319 189 98 76
0.207378 0.27387 0.0909575 0.288706 -0.317809 0.903132 183 94 82
0.22039 0.27387 0.0909575 0.343117 -0.273921 0.898464 177 92 83
0.233402 0.27387 0.0909575 0.603172 -0.142982 0.784691 163 85 87
0.242103 0.270895 0.0713313 -0.628813 -0.202158 -0.750817 162 83 85
0.250735 0.267919 0.0517045 -0.645478 -0.167989 -0.745076 156 71 81
0.263678 0.267919 0.0517045 -0.543498 -0.183683 -0.819067 146 68 77
0.276622 0.267919 0.0517045 -0.359809 -0.0822321 -0.929395 132 66 74
0.289565 0.267919 0.0517045 -0.231913 -0.0886701 -0.968687 109 72 73
-0.284174 0.289865 0.110584 -0.6482 -0.0768108 -0.757586 146 89 57
-0.274068 0.286856 0.0909575 0.625501 0.145308 0.766573 150 81 53
-0.261056 0.286856 0.0909575 0.556534 0.215565 0.802372 157 80 56
-0.251052 0.283846 0.0713313 0.358208 0.297506 0.884973 163 82 60
-0.238074 0.283846 0.0713313 0.358228 0.311354 0.880188 173 86 69
-0.225096 0.283846 0.0713313 0.347628 0.322992 0.880245 184 91 91
-0.212119 0.283846 0.0713313 -0.050852 0.28404 0.957463 191 93 95
-0.199141 0.283846 0.0713313 -0.307712 0.30032 0.902841 196 95 104
-0.182983 0.286856 0.0909575 -0.287276 0.377457 0.88034 203 98 114
-0.169971 0.286856 0.0909575 0.0443462 0.395574 0.917363 216 101 134
-0.156959 0.286856 0.0909575 0.191206 0.450348 0.872139 222 103 139
-0.14723 0.283846 0.0713313 0.303536 0.458894 0.835034 223 102 142
-0.134252 0.283846 0.0713313 0.358182 0.520975 0.774784 224 100 145
-0.121274 0.283846 0.0713313 0.309372 0.576618 0.756175 222 96 148
-0.108297 0.283846 0.0713313 0.216062 0.606254 0.765358 218 92 146
-0.0987388 0.280837 0.0517045 0.192136 0.480397 0.855747 223 80 137
-0.0857952 0.280837 0.0517045 0.109584 0.494579 0.862197 217 76 132
-0.0728518 0.280837 0.0517045 0.0186627 0.48229 0.875813 214 73 129
-0.0599084 0.280837 0.0517045 -0.118062 0.442807 0.88881 210 68 122
-0.046965 0.280837 0.0517045 -0.132152 0.435384 0.890492 200 63 107
-0.03043 0.283846 0.0713313 -0.263927 0.53409 0.803175 181 62 103
-0.0174522 0.283846 0.0713313 -0.352341 0.504327 0.788359 178 60 94
-0.00447444 0.283846 0.0713313 -0.448819 0.47271 0.758358 181 62 88
0.0121972 0.286856 0.0909575 -0.45987 0.386739 0.799345 179 64 80
0.0252094 0.286856 0.0909575 -0.42185 0.343338 0.839144 181 67 78
0.0382214 0.286856 0.0909575 -0.351132 0.300278 0.886871 180 68 75
0.0550304 0.289865 0.110584 -0.395932 0.121404 0.910219 170 79 63
0.0680766 0.289865 0.110584 -0.352581 0.0351941 0.935119 166 85 58
0.0830558 0.29137 0.120397 -0.231685 -0.136453 0.963173 158 92 56
0.0961193 0.29137 0.120397 -0.101505 -0.245165 0.964153 154 97 48
0.109183 0.29137 0.120397 0.0166072 -0.351388 0.936083 153 99 45
0.122246 0.29137 0.120397 0.0937054 -0.408647 0.907869 152 103 38
0.13531 0.29137 0.120397 0.109143 -0.419075 0.901368 152 108 39
0.148373 0.29137 0.120397 0.119854 -0.363859 0.923711 156 109 42
0.159401 0.289865 0.110584 0.12875 -0.235515 0.963305 162 113 47
0.172447 0.289865 0.110584 0.174253 -0.315818 0.932682 166 114 55
0.185494 0.289865 0.110584 0.152223 -0.395138 0.905922 164 118 63
0.19854 0.289865 0.110584 0.159368 -0.440081 0.883703 163 118 69
0.211586 0.289865 0.110584 0.144763 -0.406824 0.901963 155 110 87
0.224633 0.289865 0.110584 -0.317695 0.342269 -0.884263 150 110 92
0.233402 0.286856 0.0909575 0.660883 -0.215396 0.718915 155 85 87
0.242103 0.283846 0.0713313 0.723748 -0.103982 0.682186 154 83 85
0.250735 0.280837 0.0517045 -0.622709 -0.178293 -0.76187 148 72 84
0.263678 0.280837 0.0517045 -0.571179 -0.154351 -0.806182 140 69 80
0.276622 0.280837 0.0517045 -0.421359 -0.0851743 -0.902885 127 68 76
-0.284174 0.302885 0.110584 -0.684268 -0.101398 -0.722146 138 91 65
-0.274068 0.299841 0.0909575 0.6416 0.198863 0.740812 141 83 62
-0.26403 0.296798 0.0713313 0.517594 0.204452 0.83084 147 82 61
-0.251052 0.296798 0.0713313 0.475494 0.259424 0.840598 155 83 67
-0.238074 0.296798 0.0713313 0.392302 0.322528 0.861438 163 85 74
-0.225096 0.296798 0.0713313 0.261748 0.31996 0.910557 172 91 96
-0.21523 0.293754 0.0517045 0.141035 0.292101 0.945931 179 82 103
-0.202287 0.293754 0.0517045 -0.19132 0.314358 0.929826 186 85 107
-0.186163 0.296798 0.0713313 -0.307645 0.296624 0.904084 193 95 117
-0.173185 0.296798 0.0713313 -0.155072 0.287346 0.94519 202 97 129
-0.160208 0.296798 0.0713313 0.26388 0.316345 0.911204 207 96 134
-0.14723 0.296798 0.0713313 0.394995 0.295056 0.870012 212 95 144
-0.134252 0.296798 0.0713313 0.388297 0.33149 0.859849 211 94 147
-0.124626 0.293754 0.0517045 0.310587 0.336191 0.889107 198 73 138
-0.111682 0.293754 0.0517045 0.25495 0.341844 0.904513 192 69 134
-0.0987388 0.293754 0.0517045 0.2298 0.330785 0.9153 183 64 127
-0.0857952 0.293754 0.0517045 0.0950641 0.297166 0.950082 172 59 119
-0.0728518 0.293754 0.0517045 -0.0191023 0.272996 0.961826 168 56 113
-0.0599084 0.293754 0.0517045 -0.106627 0.318823 0.941797 167 54 103
-0.046965 0.293754 0.0517045 -0.141257 0.366147 0.919773 159 52 85
-0.0340214 0.293754 0.0517045 -0.206205 0.334322 0.919624 159 51 81
-0.0210778 0.293754 0.0517045 -0.278601 0.234382 0.931368 156 51 75
-0.00447444 0.296798 0.0713313 -0.511713 0.321287 0.796821 163 55 83
0.0085032 0.296798 0.0713313 -0.525433 0.226179 0.820221 165 56 78
0.0252094 0.299841 0.0909575 -0.473871 0.221406 0.852306 169 63 76
0.0382214 0.299841 0.0909575 -0.47933 0.167458 0.86151 168 64 73
0.0512335 0.299841 0.0909575 -0.442141 0.078034 0.893545 167 65 68
0.0680766 0.302885 0.110584 -0.479233 -0.0940318 0.872636 157 86 58
0.0830558 0.304407 0.120397 -0.387432 -0.232007 0.892227 143 89 62
0.100019 0.307451 0.140024 -0.273121 -0.428047 0.861499 130 104 51
0.109183 0.304407 0.120397 -0.104206 -0.42136 0.900886 133 101 50
0.122246 0.304407 0.120397 0.0502864 -0.445743 0.893747 128 105 42
0.13531 0.304407 0.120397 0.160311 -0.451286 0.877862 128 108 39
0.148373 0.304407 0.120397 0.143782 -0.392928 0.908259 130 114 40
0.161437 0.304407 0.120397 0.168776 -0.35547 0.919324 135 117 46
0.172447 0.302885 0.110584 0.165782 -0.379711 0.91013 151 115 49
0.185494 0.302885 0.110584 0.169722 -0.418801 0.892076 152 117 60
0.19854 0.302885 0.110584 0.151616 -0.433561 0.888278 151 117 65
0.211586 0.302885 0.110584 -0.246881 0.424942 -0.870904 147 105 86
0.224633 0.302885 0.110584 -0.300733 0.407534 -0.862251 142 106 91
0.237679 0.302885 0.110584 -0.496378 0.262174 -0.827571 140 105 94
0.242103 0.296798 0.0713313 0.697353 -0.155499 0.699656 148 83 86
0.250735 0.293754 0.0517045 -0.670402 -0.0440137 -0.740692 140 81 83
-0.284174 0.315905 0.110584 0.711041 0.138392 0.689397 117 93 80
-0.274068 0.312827 0.0909575 0.645297 0.140419 0.750915 126 86 73
-0.26403 0.309749 0.0713313 0.549051 0.189456 0.814033 132 84 70
-0.251052 0.309749 0.0713313 0.530591 0.23455 0.81453 141 85 75
-0.238074 0.309749 0.0713313 0.4172 0.242798 0.875781 148 86 80
-0.228173 0.306671 0.0517045 0.324854 0.274228 0.905135 148 85 85
-0.21523 0.306671 0.0517045 0.0681834 0.307891 0.948975 162 78 105
-0.202287 0.306671 0.0517045 -0.190914 0.237815 0.952363 167 78 109
-0.186163 0.309749 0.0713313 -0.31878 0.266837 0.909493 175 89 127
-0.173185 0.309749 0.0713313 -0.161441 0.27217 0.94861 184 90 134
-0.160208 0.309749 0.0713313 0.298318 0.328854 0.896025 188 90 138
-0.14723 0.309749 0.0713313 0.384985 0.295684 0.874276 195 91 149
-0.137569 0.306671 0.0517045 0.355638 0.195977 0.913846 180 74 139
-0.124626 0.306671 0.0517045 0.362085 0.185022 0.913598 175 64 135
-0.111682 0.306671 0.0517045 0.277462 0.16956 0.945655 169 62 129
-0.0987388 0.306671 0.0517045 0.130158 0.101117 0.986324 158 58 120
-0.0875222 0.305132 0.0418914 0.0518012 0.0673435 0.996384 145 54 106
-0.0745959 0.305132 0.0418914 -0.0113381 0.0115884 0.999869 142 52 98
-0.0599084 0.306671 0.0517045 -0.0704469 -0.047965 0.996362 142 51 96
-0.046965 0.306671 0.0517045 -0.175674 0.129034 0.975955 136 49 77
-0.0340214 0.306671 0.0517045 -0.281118 0.10216 0.95422 137 48 75
-0.0210778 0.306671 0.0517045 -0.282025 0.0725158 0.956663 137 49 70
-0.00813439 0.306671 0.0517045 -0.436179 0.0453607 0.898716 138 49 67
0.0085032 0.309749 0.0713313 -0.518199 0.0861502 0.85091 145 51 73
0.0252094 0.312827 0.0909575 -0.480074 -0.0537155 0.875582 152 61 76
0.0382214 0.312827 0.0909575 -0.516845 -0.0555152 0.854277 151 61 72
0.0512335 0.312827 0.0909575 -0.509187 -0.0357324 0.859914 149 63 69
0.0680766 0.315905 0.110584 -0.527187 -0.160423 0.834469 142 86 62
0.0830558 0.317444 0.120397 -0.414968 -0.317727 0.852555 134 91 64
0.100019 0.320522 0.140024 -0.254263 -0.47548 0.842181 125 104 50
0.113117 0.320522 0.140024 -0.158326 -0.499109 0.851953 124 104 45
0.126215 0.320522 0.140024 0.039897 -0.540069 0.840674 122 106 42
0.139312 0.320522 0.140024 -0.130174 0.547192 -0.826822 119 109 42
0.15241 0.320522 0.140024 -0.162668 0.550788 -0.81864 118 112 47
0.161437 0.317444 0.120397 -0.173354 0.499465 -0.848813 123 114 44
0.1745 0.317444 0.120397 -0.160101 0.415613 -0.89534 127 117 50
0.187564 0.317444 0.120397 -0.152218 0.426552 -0.891562 132 121 62
0.200627 0.317444 0.120397 -0.175176 0.433 -0.884208 131 117 85
0.213691 0.317444 0.120397 -0.247824 0.465311 -0.849746 131 118 87
-0.28708 0.325813 0.0909575 -0.69458 -0.0970066 -0.712845 95 86 93
-0.274068 0.325813 0.0909575 0.632792 0.128781 0.763537 102 85 88
-0.26403 0.322701 0.0713313 0.596027 0.110057 0.795386 120 84 79
-0.251052 0.322701 0.0713313 0.547422 0.100104 0.830848 129 85 81
-0.238074 0.322701 0.0713313 0.410819 0.114798 0.904461 135 86 86
-0.228173 0.319589 0.0517045 0.393976 0.166303 0.90395 135 81 90
-0.21523 0.319589 0.0517045 -0.00869933 0.235348 0.971872 147 74 107
-0.202287 0.319589 0.0517045 -0.275669 0.136788 0.95147 152 74 113
-0.186163 0.322701 0.0713313 -0.322361 0.171305 0.930988 157 84 129
-0.173185 0.322701 0.0713313 -0.117857 0.279056 0.953015 166 84 136
-0.160208 0.322701 0.0713313 0.23882 0.301742 0.922993 170 84 139
-0.14723 0.322701 0.0713313 0.288751 0.230503 0.929242 172 89 148
-0.137569 0.319589 0.0517045 0.345187 0.173285 0.922398 162 64 133
-0.124626 0.319589 0.0517045 0.331737 0.0981259 0.938255 156 64 130
-0.111682 0.319589 0.0517045 0.238091 0.0233523 0.970962 148 63 123
-0.0987388 0.319589 0.0517045 0.0613069 -0.0150085 0.998006 139 60 115
-0.0875222 0.318033 0.0418914 0.0325708 -0.00648223 0.999448 126 59 99
-0.0745959 0.318033 0.0418914 -0.0140859 -0.00852485 0.999864 123 57 92
-0.0599084 0.319589 0.0517045 -0.171953 -0.193207 0.965973 127 55 91
-0.046965 0.319589 0.0517045 -0.162573 -0.283632 0.945052 123 50 73
-0.0340214 0.319589 0.0517045 -0.251545 -0.212142 0.94431 125 49 71
-0.0210778 0.319589 0.0517045 -0.260656 -0.1992 0.944658 125 49 68
-0.00813439 0.319589 0.0517045 -0.400205 -0.291672 0.868771 125 50 66
0.0085032 0.322701 0.0713313 -0.498033 -0.227123 0.836886 128 51 71
0.0252094 0.325813 0.0909575 -0.503196 -0.292954 0.813002 123 62 75
0.0382214 0.325813 0.0909575 -0.491054 -0.256295 0.832573 124 64 75
0.0550304 0.328925 0.110584 -0.501787 -0.288805 0.815354 133 89 74
0.0699923 0.330481 0.120397 -0.522044 -0.287776 0.802904 131 93 72
0.0869213 0.333594 0.140024 -0.369011 -0.370738 0.852282 124 103 60
0.100019 0.333594 0.140024 0.28948 0.453716 -0.842819 119 104 54
0.117051 0.336706 0.15965 0.0900596 0.515306 -0.852261 117 106 48
0.130183 0.336706 0.15965 0.0325839 0.580335 -0.813726 117 107 46
-0.28708 0.338799 0.0909575 -0.668287 -0.0945348 -0.737873 86 85 97
-0.274068 0.338799 0.0909575 0.630574 0.0508363 0.774462 89 83 94
-0.26403 0.335652 0.0713313 0.574437 0.0157857 0.818396 104 83 87
-0.251052 0.335652 0.0713313 0.565159 0.018411 0.824777 113 84 87
-0.241117 0.332506 0.0517045 0.407247 0.062126 0.911203 113 77 94
-0.228173 0.332506 0.0517045 0.40735 0.0643603 0.911002 118 78 95
-0.21523 0.332506 0.0517045 -0.0586665 0.07498 0.995458 126 69 111
-0.202287 0.332506 0.0517045 -0.29639 0.0257763 0.954719 132 71 114
-0.186163 0.335652 0.0713313 -0.285509 0.152619 0.946146 134 80 129
-0.173185 0.335652 0.0713313 -0.110038 0.236872 0.965289 142 79 134
-0.160208 0.335652 0.0713313 0.258036 0.27015 0.927597 144 78 137
-0.14723 0.335652 0.0713313 0.263548 0.28124 0.922739 142 83 140
-0.134252 0.335652 0.0713313 0.28907 0.122061 0.949494 146 84 138
-0.124626 0.332506 0.0517045 0.211016 0.0818991 0.974046 132 72 125
-0.111682 0.332506 0.0517045 0.0970231 -0.099958 0.99025 128 74 119
-0.0987388 0.332506 0.0517045 0.0658865 -0.174958 0.982369 121 73 111
-0.0857952 0.332506 0.0517045 -0.0863972 -0.25756 0.962392 115 71 101
-0.0728518 0.332506 0.0517045 -0.143965 -0.327138 0.933946 112 68 95
-0.0599084 0.332506 0.0517045 -0.183117 -0.328042 0.926745 107 68 86
-0.0434078 0.335652 0.0713313 -0.238397 -0.50569 0.829122 101 70 77
-0.03043 0.335652 0.0713313 -0.266871 -0.521717 0.810304 103 67 77
-0.0174522 0.335652 0.0713313 -0.306416 -0.520165 0.797206 107 60 76
-0.00447444 0.335652 0.0713313 -0.424688 -0.48254 0.766026 115 56 75
0.0121972 0.338799 0.0909575 -0.423044 -0.497083 0.75759 112 60 79
0.0252094 0.338799 0.0909575 -0.425355 -0.446144 0.787419 120 63 79
0.041984 0.341945 0.110584 -0.449389 -0.451912 0.770601 118 86 87
0.0550304 0.341945 0.110584 -0.478567 -0.374157 0.794342 125 90 80
0.0699923 0.343518 0.120397 0.500891 0.368059 -0.783352 124 93 76
0.0869213 0.346665 0.140024 0.397262 0.415631 -0.818189 121 103 63
-0.28708 0.351784 0.0909575 -0.596952 -0.0693453 -0.799275 73 84 107
-0.274068 0.351784 0.0909575 0.577143 0.0545347 0.81482 74 83 103
-0.26403 0.348604 0.0713313 0.558874 0.00524394 0.829236 73 78 100
-0.251052 0.348604 0.0713313 0.56343 0.012031 0.826076 79 77 102
-0.241117 0.345423 0.0517045 0.432491 0.0299317 0.901141 98 73 95
-0.228173 0.345423 0.0517045 0.382917 0.00788709 0.923749 106 74 95
-0.21523 0.345423 0.0517045 -0.0696346 0.00282862 0.997569 108 65 110
-0.202287 0.345423 0.0517045 -0.217912 0.0226369 0.975706 113 66 114
-0.186163 0.348604 0.0713313 -0.179976 0.170507 0.968781 97 80 124
-0.1764 0.345423 0.0517045 -0.0290667 0.277496 0.960287 123 67 127
-0.163456 0.345423 0.0517045 0.137981 0.322771 0.936365 124 69 128
-0.150513 0.345423 0.0517045 0.222689 0.27297 0.935894 126 75 129
-0.137569 0.345423 0.0517045 0.114937 0.0935286 0.98896 127 77 128
-0.124626 0.345423 0.0517045 -0.00597907 -0.0814148 0.996662 115 80 120
-0.111682 0.345423 0.0517045 -0.0696331 -0.245001 0.967019 112 81 115
-0.0987388 0.345423 0.0517045 -0.0214647 -0.348037 0.937235 107 80 108
-0.0857952 0.345423 0.0517045 -0.131369 -0.377726 0.916551 103 76 97
-0.0728518 0.345423 0.0517045 -0.177076 -0.395641 0.901173 100 75 91
-0.0563854 0.348604 0.0713313 -0.289821 -0.509053 0.810474 87 102 95
-0.0434078 0.348604 0.0713313 -0.284348 -0.569289 0.771399 86 93 91
-0.03043 0.348604 0.0713313 -0.301783 -0.617419 0.726444 86 90 91
-0.0138268 0.351784 0.0909575 -0.308908 -0.659049 0.685733 91 74 91
-0.000814777 0.351784 0.0909575 -0.324966 -0.636351 0.69961 101 64 87
0.0158914 0.354965 0.110584 0.337275 0.574892 -0.745483 97 92 106
0.0289376 0.354965 0.110584 0.361156 0.540724 -0.759726 104 90 100
0.0438655 0.356555 0.120397 0.410788 0.520148 -0.748799 117 91 92
-0.28708 0.36477 0.0909575 -0.627902 -0.0700372 -0.775135 64 84 110
-0.274068 0.36477 0.0909575 -0.587255 -0.122091 -0.800141 65 81 106
-0.26403 0.361555 0.0713313 0.602116 0.0596082 0.79618 64 77 101
-0.251052 0.361555 0.0713313 0.573392 0.0807089 0.815296 66 76 100
-0.238074 0.361555 0.0713313 0.478318 0.0384117 0.877346 74 75 100
-0.228173 0.358341 0.0517045 0.376471 0.0584499 0.924583 84 72 96
-0.21523 0.358341 0.0517045 -0.0733525 -0.0119476 0.997235 83 62 106
-0.202287 0.358341 0.0517045 -0.132842 0.00183429 0.991135 88 64 109
-0.186163 0.361555 0.0713313 -0.0908407 0.0740788 0.993106 80 76 119
-0.1764 0.358341 0.0517045 0.0360215 0.192057 0.980722 91 63 117
-0.163456 0.358341 0.0517045 0.14477 0.260065 0.954677 94 65 118
-0.150513 0.358341 0.0517045 0.0766146 0.194574 0.977891 97 72 119
-0.137569 0.358341 0.0517045 -0.0815483 -0.0254666 0.996344 96 74 118
-0.124626 0.358341 0.0517045 -0.180269 -0.17982 0.967041 95 87 116
-0.111682 0.358341 0.0517045 -0.187836 -0.27849 0.941892 95 90 111
-0.0953189 0.361555 0.0713313 -0.179441 -0.435972 0.881889 101 110 126
-0.0823412 0.361555 0.0713313 -0.279002 -0.501017 0.819231 101 110 119
-0.0693634 0.361555 0.0713313 -0.295654 -0.512448 0.806217 85 107 101
-0.0528629 0.36477 0.0909575 0.351559 0.601735 -0.717162 89 104 104
-0.0398508 0.36477 0.0909575 0.336705 0.630332 -0.699507 86 94 98
-0.0232477 0.367985 0.110584 0.341029 0.624232 -0.702875 91 93 111
-0.0102013 0.367985 0.110584 -0.321324 -0.634664 0.702818 91 91 111
0.00467494 0.369592 0.120397 0.336643 0.626593 -0.702889 91 96 118
0.0177384 0.369592 0.120397 0.357982 0.616286 -0.701455 97 98 117
0.0308019 0.369592 0.120397 0.377894 0.598988 -0.705982 102 97 110
-0.274068 0.377756 0.0909575 -0.578296 -0.0851603 -0.81137 56 86 107
-0.26403 0.374507 0.0713313 -0.58112 -0.124154 -0.804292 55 80 101
-0.251052 0.374507 0.0713313 0.53532 0.142529 0.832537 56 77 99
-0.238074 0.374507 0.0713313 0.440229 0.156818 0.884085 56 76 98
-0.228173 0.371258 0.0517045 0.358572 0.146304 0.921966 58 74 94
-0.21523 0.371258 0.0517045 -0.098783 0.0551042 0.993582 51 72 102
-0.202287 0.371258 0.0517045 -0.170324 -0.0123377 0.985311 58 73 106
-0.186163 0.374507 0.0713313 -0.0347957 -0.0490446 0.99819 61 82 115
-0.1764 0.371258 0.0517045 0.0765155 -0.0455223 0.996029 62 87 114
-0.163456 0.371258 0.0517045 0.192053 0.0370358 0.980685 67 91 117
-0.150513 0.371258 0.0517045 0.0694888 0.0264107 0.997233 73 99 121
-0.137569 0.371258 0.0517045 -0.15652 -0.0153055 0.987556 78 103 122
-0.121274 0.374507 0.0713313 -0.245503 -0.133181 0.960204 93 118 132
-0.108297 0.374507 0.0713313 0.261088 0.334309 -0.905577 96 117 132
-0.0953189 0.374507 0.0713313 -0.291053 -0.465404 0.835875 94 115 127
-0.0823412 0.374507 0.0713313 -0.257613 -0.504691 0.823968 91 116 123
-0.0693634 0.374507 0.0713313 -0.299773 -0.542837 0.784515 83 115 112
-0.0528629 0.377756 0.0909575 0.357325 0.606616 -0.710166 87 112 115
-0.0362939 0.381005 0.110584 0.340728 0.623457 -0.703708 88 101 121
-0.0232477 0.381005 0.110584 0.340868 0.631095 -0.696799 90 97 121
-0.00838854 0.38263 0.120397 0.319996 0.631194 -0.706539 96 106 137
0.00467494 0.38263 0.120397 0.326941 0.647753 -0.688132 97 107 132
-0.277008 0.387458 0.0713313 -0.578748 -0.133793 -0.804456 49 86 103
-0.26403 0.387458 0.0713313 -0.559946 -0.146955 -0.815392 48 81 99
-0.251052 0.387458 0.0713313 -0.515761 -0.20576 -0.831657 47 79 97
-0.241117 0.384175 0.0517045 0.3793 0.18 0.907597 47 76 89
-0.228173 0.384175 0.0517045 0.247253 0.143718 0.958233 46 77 88
-0.21523 0.384175 0.0517045 -0.0375367 0.086427 0.995551 41 75 94
-0.202287 0.384175 0.0517045 -0.227979 -0.00730312 0.973639 45 74 99
-0.186163 0.387458 0.0713313 -0.103019 -0.0732462 0.991979 51 89 113
-0.1764 0.384175 0.0517045 0.0664361 -0.143144 0.987469 50 89 106
-0.163456 0.384175 0.0517045 -0.153244 0.0922868 -0.98387 56 92 111
-0.150513 0.384175 0.0517045 0.0171728 -0.274021 0.96157 62 99 115
-0.137569 0.384175 0.0517045 0.205082 0.298188 -0.932215 66 102 117
-0.121274 0.387458 0.0713313 0.263706 0.278008 -0.923673 84 116 128
-0.108297 0.387458 0.0713313 0.262395 0.346155 -0.900736 88 118 129
-0.0953189 0.387458 0.0713313 0.331169 0.446293 -0.831354 90 118 129
-0.0788871 0.390742 0.0909575 0.329675 0.570781 -0.752012 89 120 126
-0.0658749 0.390742 0.0909575 0.347778 0.593353 -0.725936 88 119 123
-0.25406 0.397093 0.0517045 -0.425144 -0.168136 -0.889372 41 82 90
-0.241117 0.397093 0.0517045 0.349114 0.161947 0.92298 42 81 87
-0.229712 0.395434 0.0418914 0.246593 0.104096 0.963512 43 81 86
-0.216786 0.395434 0.0418914 -0.0385216 0.102517 0.993985 41 79 86
-0.202287 0.397093 0.0517045 0.23415 0.0497507 -0.970927 38 82 95
-0.186163 0.40041 0.0713313 0.162888 0.024217 -0.986347 45 97 108
-0.173185 0.40041 0.0713313 0.0737337 0.0906913 -0.993146 51 97 114
-0.163456 0.397093 0.0517045 0.0398451 0.230528 -0.97225 49 98 106
-0.150513 0.397093 0.0517045 0.116066 0.339218 -0.93352 56 103 113
-0.241117 0.41001 0.0517045 -0.232803 -0.192211 -0.95334 40 84 85
-0.229712 0.408334 0.0418914 -0.0825488 -0.194174 -0.977488 41 85 84
-0.216786 0.408334 0.0418914 0.149555 0.0332812 -0.988193 40 84 84
-0.202287 0.41001 0.0517045 0.139742 0.0317299 -0.989679 36 88 93
-0.186163 0.413362 0.0713313 0.133757 0.12102 -0.983597 43 99 103
-0.173185 0.413362 0.0713313 0.135782 0.188173 -0.972705 47 100 110
